0	0.519
1	0.52
2	0.521
3	0.52
4	0.52
5	0.45
6	0.232
7	0.162
8	0.126
9	0.089
10	0.04399999999999999
11	0.016999999999999994
12	0.006999999999999992
13	-3.469446951953614e-18
14	0.011
15	0.08399999999999999
16	0.183
17	0.207
18	0.241
19	0.314
20	0.384
21	0.44
22	0.491
23	0.514
24	0.531
25	0.538
26	0.543
27	0.549
28	0.548
29	0.549
30	0.48700000000000004
31	0.31600000000000006
32	0.2700000000000001
33	0.22100000000000009
34	0.1710000000000001
35	0.1390000000000001
36	0.1320000000000001
37	0.15200000000000008
38	0.18300000000000008
39	0.24800000000000008
40	0.2790000000000001
41	0.31400000000000006
42	0.35600000000000004
43	0.40800000000000003
44	0.445
45	0.464
46	0.496
47	0.514
48	0.531
49	0.538
50	0.543
51	0.549
52	0.548
53	0.549
54	0.48700000000000004
55	0.31600000000000006
56	0.2700000000000001
57	0.22100000000000009
58	0.1710000000000001
59	0.1390000000000001
60	0.1320000000000001
61	0.15200000000000008
62	0.18300000000000008
63	0.24800000000000008
64	0.2790000000000001
65	0.31400000000000006
66	0.35600000000000004
67	0.40800000000000003
68	0.445
69	0.464
70	0.496
71	0.514
72	0.519
73	0.52
74	0.521
75	0.52
76	0.52
77	0.45
78	0.232
79	0.162
80	0.126
81	0.089
82	0.04399999999999999
83	0.016999999999999994
84	0.006999999999999992
85	-3.469446951953614e-18
86	0.011
87	0.08399999999999999
88	0.183
89	0.207
90	0.241
91	0.314
92	0.384
93	0.44
94	0.491
95	0.514
96	0.519
97	0.52
98	0.521
99	0.52
100	0.52
101	0.45
102	0.232
103	0.162
104	0.126
105	0.089
106	0.04399999999999999
107	0.016999999999999994
108	0.006999999999999992
109	-3.469446951953614e-18
110	0.011
111	0.08399999999999999
112	0.183
113	0.207
114	0.241
115	0.314
116	0.384
117	0.44
118	0.491
119	0.514
120	0.519
121	0.52
122	0.521
123	0.52
124	0.52
125	0.45
126	0.232
127	0.162
128	0.126
129	0.089
130	0.04399999999999999
131	0.016999999999999994
132	0.006999999999999992
133	-3.469446951953614e-18
134	0.011
135	0.08399999999999999
136	0.183
137	0.207
138	0.241
139	0.314
140	0.384
141	0.44
142	0.491
143	0.514
144	0.519
145	0.52
146	0.521
147	0.52
148	0.52
149	0.45
150	0.232
151	0.162
152	0.126
153	0.089
154	0.04399999999999999
155	0.016999999999999994
156	0.006999999999999992
157	-3.469446951953614e-18
158	0.011
159	0.08399999999999999
160	0.183
161	0.207
162	0.241
163	0.314
164	0.384
165	0.44
166	0.491
167	0.514
168	0.519
169	0.52
170	0.521
171	0.52
172	0.52
173	0.45
174	0.232
175	0.162
176	0.126
177	0.089
178	0.04399999999999999
179	0.016999999999999994
180	0.006999999999999992
181	-3.469446951953614e-18
182	0.011
183	0.08399999999999999
184	0.183
185	0.207
186	0.241
187	0.314
188	0.384
189	0.44
190	0.491
191	0.514
192	0.531
193	0.538
194	0.543
195	0.549
196	0.548
197	0.549
198	0.48700000000000004
199	0.31600000000000006
200	0.2700000000000001
201	0.22100000000000009
202	0.1710000000000001
203	0.1390000000000001
204	0.1320000000000001
205	0.15200000000000008
206	0.18300000000000008
207	0.24800000000000008
208	0.2790000000000001
209	0.31400000000000006
210	0.35600000000000004
211	0.40800000000000003
212	0.445
213	0.464
214	0.496
215	0.514
216	0.531
217	0.538
218	0.543
219	0.549
220	0.548
221	0.549
222	0.48700000000000004
223	0.31600000000000006
224	0.2700000000000001
225	0.22100000000000009
226	0.1710000000000001
227	0.1390000000000001
228	0.1320000000000001
229	0.15200000000000008
230	0.18300000000000008
231	0.24800000000000008
232	0.2790000000000001
233	0.31400000000000006
234	0.35600000000000004
235	0.40800000000000003
236	0.445
237	0.464
238	0.496
239	0.514
240	0.519
241	0.52
242	0.521
243	0.52
244	0.52
245	0.45
246	0.232
247	0.162
248	0.126
249	0.089
250	0.04399999999999999
251	0.016999999999999994
252	0.006999999999999992
253	-3.469446951953614e-18
254	0.011
255	0.08399999999999999
256	0.183
257	0.207
258	0.241
259	0.314
260	0.384
261	0.44
262	0.491
263	0.514
264	0.519
265	0.52
266	0.521
267	0.52
268	0.52
269	0.45
270	0.232
271	0.162
272	0.126
273	0.089
274	0.04399999999999999
275	0.016999999999999994
276	0.006999999999999992
277	-3.469446951953614e-18
278	0.011
279	0.08399999999999999
280	0.183
281	0.207
282	0.241
283	0.314
284	0.384
285	0.44
286	0.491
287	0.514
288	0.519
289	0.52
290	0.521
291	0.52
292	0.52
293	0.45
294	0.232
295	0.162
296	0.126
297	0.089
298	0.04399999999999999
299	0.016999999999999994
300	0.006999999999999992
301	-3.469446951953614e-18
302	0.011
303	0.08399999999999999
304	0.183
305	0.207
306	0.241
307	0.314
308	0.384
309	0.44
310	0.491
311	0.514
312	0.519
313	0.52
314	0.521
315	0.52
316	0.52
317	0.45
318	0.232
319	0.162
320	0.126
321	0.089
322	0.04399999999999999
323	0.016999999999999994
324	0.006999999999999992
325	-3.469446951953614e-18
326	0.011
327	0.08399999999999999
328	0.183
329	0.207
330	0.241
331	0.314
332	0.384
333	0.44
334	0.491
335	0.514
336	0.519
337	0.52
338	0.521
339	0.52
340	0.52
341	0.45
342	0.232
343	0.162
344	0.126
345	0.089
346	0.04399999999999999
347	0.016999999999999994
348	0.006999999999999992
349	-3.469446951953614e-18
350	0.011
351	0.08399999999999999
352	0.183
353	0.207
354	0.241
355	0.314
356	0.384
357	0.44
358	0.491
359	0.514
360	0.531
361	0.538
362	0.543
363	0.549
364	0.548
365	0.549
366	0.48700000000000004
367	0.31600000000000006
368	0.2700000000000001
369	0.22100000000000009
370	0.1710000000000001
371	0.1390000000000001
372	0.1320000000000001
373	0.15200000000000008
374	0.18300000000000008
375	0.24800000000000008
376	0.2790000000000001
377	0.31400000000000006
378	0.35600000000000004
379	0.40800000000000003
380	0.445
381	0.464
382	0.496
383	0.514
384	0.531
385	0.538
386	0.543
387	0.549
388	0.548
389	0.549
390	0.48700000000000004
391	0.31600000000000006
392	0.2700000000000001
393	0.22100000000000009
394	0.1710000000000001
395	0.1390000000000001
396	0.1320000000000001
397	0.15200000000000008
398	0.18300000000000008
399	0.24800000000000008
400	0.2790000000000001
401	0.31400000000000006
402	0.35600000000000004
403	0.40800000000000003
404	0.445
405	0.464
406	0.496
407	0.514
408	0.519
409	0.52
410	0.521
411	0.52
412	0.52
413	0.45
414	0.232
415	0.162
416	0.126
417	0.089
418	0.04399999999999999
419	0.016999999999999994
420	0.006999999999999992
421	-3.469446951953614e-18
422	0.011
423	0.08399999999999999
424	0.183
425	0.207
426	0.241
427	0.314
428	0.384
429	0.44
430	0.491
431	0.514
432	0.519
433	0.52
434	0.521
435	0.52
436	0.52
437	0.45
438	0.232
439	0.162
440	0.126
441	0.089
442	0.04399999999999999
443	0.016999999999999994
444	0.006999999999999992
445	-3.469446951953614e-18
446	0.011
447	0.08399999999999999
448	0.183
449	0.207
450	0.241
451	0.314
452	0.384
453	0.44
454	0.491
455	0.514
456	0.519
457	0.52
458	0.521
459	0.52
460	0.52
461	0.45
462	0.232
463	0.162
464	0.126
465	0.089
466	0.04399999999999999
467	0.016999999999999994
468	0.006999999999999992
469	-3.469446951953614e-18
470	0.011
471	0.08399999999999999
472	0.183
473	0.207
474	0.241
475	0.314
476	0.384
477	0.44
478	0.491
479	0.514
480	0.519
481	0.52
482	0.521
483	0.52
484	0.52
485	0.45
486	0.232
487	0.162
488	0.126
489	0.089
490	0.04399999999999999
491	0.016999999999999994
492	0.006999999999999992
493	-3.469446951953614e-18
494	0.011
495	0.08399999999999999
496	0.183
497	0.207
498	0.241
499	0.314
500	0.384
501	0.44
502	0.491
503	0.514
504	0.519
505	0.52
506	0.521
507	0.52
508	0.52
509	0.45
510	0.232
511	0.162
512	0.126
513	0.089
514	0.04399999999999999
515	0.016999999999999994
516	0.006999999999999992
517	-3.469446951953614e-18
518	0.011
519	0.08399999999999999
520	0.183
521	0.207
522	0.241
523	0.314
524	0.384
525	0.44
526	0.491
527	0.514
528	0.531
529	0.538
530	0.543
531	0.549
532	0.548
533	0.549
534	0.48700000000000004
535	0.31600000000000006
536	0.2700000000000001
537	0.22100000000000009
538	0.1710000000000001
539	0.1390000000000001
540	0.1320000000000001
541	0.15200000000000008
542	0.18300000000000008
543	0.24800000000000008
544	0.2790000000000001
545	0.31400000000000006
546	0.35600000000000004
547	0.40800000000000003
548	0.445
549	0.464
550	0.496
551	0.514
552	0.531
553	0.538
554	0.543
555	0.549
556	0.548
557	0.549
558	0.48700000000000004
559	0.31600000000000006
560	0.2700000000000001
561	0.22100000000000009
562	0.1710000000000001
563	0.1390000000000001
564	0.1320000000000001
565	0.15200000000000008
566	0.18300000000000008
567	0.24800000000000008
568	0.2790000000000001
569	0.31400000000000006
570	0.35600000000000004
571	0.40800000000000003
572	0.445
573	0.464
574	0.496
575	0.514
576	0.519
577	0.52
578	0.521
579	0.52
580	0.52
581	0.45
582	0.232
583	0.162
584	0.126
585	0.089
586	0.04399999999999999
587	0.016999999999999994
588	0.006999999999999992
589	-3.469446951953614e-18
590	0.011
591	0.08399999999999999
592	0.183
593	0.207
594	0.241
595	0.314
596	0.384
597	0.44
598	0.491
599	0.514
600	0.519
601	0.52
602	0.521
603	0.52
604	0.52
605	0.45
606	0.232
607	0.162
608	0.126
609	0.089
610	0.04399999999999999
611	0.016999999999999994
612	0.006999999999999992
613	-3.469446951953614e-18
614	0.011
615	0.08399999999999999
616	0.183
617	0.207
618	0.241
619	0.314
620	0.384
621	0.44
622	0.491
623	0.514
624	0.519
625	0.52
626	0.521
627	0.52
628	0.52
629	0.45
630	0.232
631	0.162
632	0.126
633	0.089
634	0.04399999999999999
635	0.016999999999999994
636	0.006999999999999992
637	-3.469446951953614e-18
638	0.011
639	0.08399999999999999
640	0.183
641	0.207
642	0.241
643	0.314
644	0.384
645	0.44
646	0.491
647	0.514
648	0.519
649	0.52
650	0.521
651	0.52
652	0.52
653	0.45
654	0.232
655	0.162
656	0.126
657	0.089
658	0.04399999999999999
659	0.016999999999999994
660	0.006999999999999992
661	-3.469446951953614e-18
662	0.011
663	0.08399999999999999
664	0.183
665	0.207
666	0.241
667	0.314
668	0.384
669	0.44
670	0.491
671	0.514
672	0.519
673	0.52
674	0.521
675	0.52
676	0.52
677	0.45
678	0.232
679	0.162
680	0.126
681	0.089
682	0.04399999999999999
683	0.016999999999999994
684	0.006999999999999992
685	-3.469446951953614e-18
686	0.011
687	0.08399999999999999
688	0.183
689	0.207
690	0.241
691	0.314
692	0.384
693	0.44
694	0.491
695	0.514
696	0.531
697	0.538
698	0.543
699	0.549
700	0.548
701	0.549
702	0.48700000000000004
703	0.31600000000000006
704	0.2700000000000001
705	0.22100000000000009
706	0.1710000000000001
707	0.1390000000000001
708	0.1320000000000001
709	0.15200000000000008
710	0.18300000000000008
711	0.24800000000000008
712	0.2790000000000001
713	0.31400000000000006
714	0.35600000000000004
715	0.40800000000000003
716	0.445
717	0.464
718	0.496
719	0.514
720	0.531
721	0.538
722	0.543
723	0.549
724	0.548
725	0.549
726	0.48700000000000004
727	0.31600000000000006
728	0.2700000000000001
729	0.22100000000000009
730	0.1710000000000001
731	0.1390000000000001
732	0.1320000000000001
733	0.15200000000000008
734	0.18300000000000008
735	0.24800000000000008
736	0.2790000000000001
737	0.31400000000000006
738	0.35600000000000004
739	0.40800000000000003
740	0.445
741	0.464
742	0.496
743	0.514
744	0.519
745	0.52
746	0.521
747	0.52
748	0.52
749	0.45
750	0.232
751	0.162
752	0.126
753	0.089
754	0.04399999999999999
755	0.016999999999999994
756	0.006999999999999992
757	-3.469446951953614e-18
758	0.011
759	0.08399999999999999
760	0.183
761	0.207
762	0.241
763	0.314
764	0.384
765	0.44
766	0.491
767	0.514
768	0.519
769	0.52
770	0.521
771	0.52
772	0.52
773	0.45
774	0.232
775	0.162
776	0.126
777	0.089
778	0.04399999999999999
779	0.016999999999999994
780	0.006999999999999992
781	-3.469446951953614e-18
782	0.011
783	0.08399999999999999
784	0.183
785	0.207
786	0.241
787	0.314
788	0.384
789	0.44
790	0.491
791	0.514
792	0.519
793	0.52
794	0.521
795	0.52
796	0.52
797	0.45
798	0.232
799	0.162
800	0.126
801	0.089
802	0.04399999999999999
803	0.016999999999999994
804	0.006999999999999992
805	-3.469446951953614e-18
806	0.011
807	0.08399999999999999
808	0.183
809	0.207
810	0.241
811	0.314
812	0.384
813	0.44
814	0.491
815	0.514
816	0.519
817	0.52
818	0.521
819	0.52
820	0.52
821	0.45
822	0.232
823	0.162
824	0.126
825	0.089
826	0.04399999999999999
827	0.016999999999999994
828	0.006999999999999992
829	-3.469446951953614e-18
830	0.011
831	0.08399999999999999
832	0.183
833	0.207
834	0.241
835	0.314
836	0.384
837	0.44
838	0.491
839	0.514
840	0.519
841	0.52
842	0.521
843	0.52
844	0.52
845	0.45
846	0.232
847	0.162
848	0.126
849	0.089
850	0.04399999999999999
851	0.016999999999999994
852	0.006999999999999992
853	-3.469446951953614e-18
854	0.011
855	0.08399999999999999
856	0.183
857	0.207
858	0.241
859	0.314
860	0.384
861	0.44
862	0.491
863	0.514
864	0.531
865	0.538
866	0.543
867	0.549
868	0.548
869	0.549
870	0.48700000000000004
871	0.31600000000000006
872	0.2700000000000001
873	0.22100000000000009
874	0.1710000000000001
875	0.1390000000000001
876	0.1320000000000001
877	0.15200000000000008
878	0.18300000000000008
879	0.24800000000000008
880	0.2790000000000001
881	0.31400000000000006
882	0.35600000000000004
883	0.40800000000000003
884	0.445
885	0.464
886	0.496
887	0.514
888	0.531
889	0.538
890	0.543
891	0.549
892	0.548
893	0.549
894	0.48700000000000004
895	0.31600000000000006
896	0.2700000000000001
897	0.22100000000000009
898	0.1710000000000001
899	0.1390000000000001
900	0.1320000000000001
901	0.15200000000000008
902	0.18300000000000008
903	0.24800000000000008
904	0.2790000000000001
905	0.31400000000000006
906	0.35600000000000004
907	0.40800000000000003
908	0.445
909	0.464
910	0.496
911	0.514
912	0.519
913	0.52
914	0.521
915	0.52
916	0.52
917	0.45
918	0.232
919	0.162
920	0.126
921	0.089
922	0.04399999999999999
923	0.016999999999999994
924	0.006999999999999992
925	-3.469446951953614e-18
926	0.011
927	0.08399999999999999
928	0.183
929	0.207
930	0.241
931	0.314
932	0.384
933	0.44
934	0.491
935	0.514
936	0.519
937	0.52
938	0.521
939	0.52
940	0.52
941	0.45
942	0.232
943	0.162
944	0.126
945	0.089
946	0.04399999999999999
947	0.016999999999999994
948	0.006999999999999992
949	-3.469446951953614e-18
950	0.011
951	0.08399999999999999
952	0.183
953	0.207
954	0.241
955	0.314
956	0.384
957	0.44
958	0.491
959	0.514
960	0.519
961	0.52
962	0.521
963	0.52
964	0.52
965	0.45
966	0.232
967	0.162
968	0.126
969	0.089
970	0.04399999999999999
971	0.016999999999999994
972	0.006999999999999992
973	-3.469446951953614e-18
974	0.011
975	0.08399999999999999
976	0.183
977	0.207
978	0.241
979	0.314
980	0.384
981	0.44
982	0.491
983	0.514
984	0.519
985	0.52
986	0.521
987	0.52
988	0.52
989	0.45
990	0.232
991	0.162
992	0.126
993	0.089
994	0.04399999999999999
995	0.016999999999999994
996	0.006999999999999992
997	-3.469446951953614e-18
998	0.011
999	0.08399999999999999
1000	0.183
1001	0.207
1002	0.241
1003	0.314
1004	0.384
1005	0.44
1006	0.491
1007	0.514
1008	0.519
1009	0.52
1010	0.521
1011	0.52
1012	0.52
1013	0.45
1014	0.232
1015	0.162
1016	0.126
1017	0.089
1018	0.04399999999999999
1019	0.016999999999999994
1020	0.006999999999999992
1021	-3.469446951953614e-18
1022	0.011
1023	0.08399999999999999
1024	0.183
1025	0.207
1026	0.241
1027	0.314
1028	0.384
1029	0.44
1030	0.491
1031	0.514
1032	0.531
1033	0.538
1034	0.543
1035	0.549
1036	0.548
1037	0.549
1038	0.48700000000000004
1039	0.31600000000000006
1040	0.2700000000000001
1041	0.22100000000000009
1042	0.1710000000000001
1043	0.1390000000000001
1044	0.1320000000000001
1045	0.15200000000000008
1046	0.18300000000000008
1047	0.24800000000000008
1048	0.2790000000000001
1049	0.31400000000000006
1050	0.35600000000000004
1051	0.40800000000000003
1052	0.445
1053	0.464
1054	0.496
1055	0.514
1056	0.531
1057	0.538
1058	0.543
1059	0.549
1060	0.548
1061	0.549
1062	0.48700000000000004
1063	0.31600000000000006
1064	0.2700000000000001
1065	0.22100000000000009
1066	0.1710000000000001
1067	0.1390000000000001
1068	0.1320000000000001
1069	0.15200000000000008
1070	0.18300000000000008
1071	0.24800000000000008
1072	0.2790000000000001
1073	0.31400000000000006
1074	0.35600000000000004
1075	0.40800000000000003
1076	0.445
1077	0.464
1078	0.496
1079	0.514
1080	0.519
1081	0.52
1082	0.521
1083	0.52
1084	0.52
1085	0.45
1086	0.232
1087	0.162
1088	0.126
1089	0.089
1090	0.04399999999999999
1091	0.016999999999999994
1092	0.006999999999999992
1093	-3.469446951953614e-18
1094	0.011
1095	0.08399999999999999
1096	0.183
1097	0.207
1098	0.241
1099	0.314
1100	0.384
1101	0.44
1102	0.491
1103	0.514
1104	0.519
1105	0.52
1106	0.521
1107	0.52
1108	0.52
1109	0.45
1110	0.232
1111	0.162
1112	0.126
1113	0.089
1114	0.04399999999999999
1115	0.016999999999999994
1116	0.006999999999999992
1117	-3.469446951953614e-18
1118	0.011
1119	0.08399999999999999
1120	0.183
1121	0.207
1122	0.241
1123	0.314
1124	0.384
1125	0.44
1126	0.491
1127	0.514
1128	0.519
1129	0.52
1130	0.521
1131	0.52
1132	0.52
1133	0.45
1134	0.232
1135	0.162
1136	0.126
1137	0.089
1138	0.04399999999999999
1139	0.016999999999999994
1140	0.006999999999999992
1141	-3.469446951953614e-18
1142	0.011
1143	0.08399999999999999
1144	0.183
1145	0.207
1146	0.241
1147	0.314
1148	0.384
1149	0.44
1150	0.491
1151	0.514
1152	0.519
1153	0.52
1154	0.521
1155	0.52
1156	0.52
1157	0.45
1158	0.232
1159	0.162
1160	0.126
1161	0.089
1162	0.04399999999999999
1163	0.016999999999999994
1164	0.006999999999999992
1165	-3.469446951953614e-18
1166	0.011
1167	0.08399999999999999
1168	0.183
1169	0.207
1170	0.241
1171	0.314
1172	0.384
1173	0.44
1174	0.491
1175	0.514
1176	0.519
1177	0.52
1178	0.521
1179	0.52
1180	0.52
1181	0.45
1182	0.232
1183	0.162
1184	0.126
1185	0.089
1186	0.04399999999999999
1187	0.016999999999999994
1188	0.006999999999999992
1189	-3.469446951953614e-18
1190	0.011
1191	0.08399999999999999
1192	0.183
1193	0.207
1194	0.241
1195	0.314
1196	0.384
1197	0.44
1198	0.491
1199	0.514
1200	0.531
1201	0.538
1202	0.543
1203	0.549
1204	0.548
1205	0.549
1206	0.48700000000000004
1207	0.31600000000000006
1208	0.2700000000000001
1209	0.22100000000000009
1210	0.1710000000000001
1211	0.1390000000000001
1212	0.1320000000000001
1213	0.15200000000000008
1214	0.18300000000000008
1215	0.24800000000000008
1216	0.2790000000000001
1217	0.31400000000000006
1218	0.35600000000000004
1219	0.40800000000000003
1220	0.445
1221	0.464
1222	0.496
1223	0.514
1224	0.531
1225	0.538
1226	0.543
1227	0.549
1228	0.548
1229	0.549
1230	0.48700000000000004
1231	0.31600000000000006
1232	0.2700000000000001
1233	0.22100000000000009
1234	0.1710000000000001
1235	0.1390000000000001
1236	0.1320000000000001
1237	0.15200000000000008
1238	0.18300000000000008
1239	0.24800000000000008
1240	0.2790000000000001
1241	0.31400000000000006
1242	0.35600000000000004
1243	0.40800000000000003
1244	0.445
1245	0.464
1246	0.496
1247	0.514
1248	0.519
1249	0.52
1250	0.521
1251	0.52
1252	0.52
1253	0.45
1254	0.232
1255	0.162
1256	0.126
1257	0.089
1258	0.04399999999999999
1259	0.016999999999999994
1260	0.006999999999999992
1261	-3.469446951953614e-18
1262	0.011
1263	0.08399999999999999
1264	0.183
1265	0.207
1266	0.241
1267	0.314
1268	0.384
1269	0.44
1270	0.491
1271	0.514
1272	0.519
1273	0.52
1274	0.521
1275	0.52
1276	0.52
1277	0.45
1278	0.232
1279	0.162
1280	0.126
1281	0.089
1282	0.04399999999999999
1283	0.016999999999999994
1284	0.006999999999999992
1285	-3.469446951953614e-18
1286	0.011
1287	0.08399999999999999
1288	0.183
1289	0.207
1290	0.241
1291	0.314
1292	0.384
1293	0.44
1294	0.491
1295	0.514
1296	0.519
1297	0.52
1298	0.521
1299	0.52
1300	0.52
1301	0.45
1302	0.232
1303	0.162
1304	0.126
1305	0.089
1306	0.04399999999999999
1307	0.016999999999999994
1308	0.006999999999999992
1309	-3.469446951953614e-18
1310	0.011
1311	0.08399999999999999
1312	0.183
1313	0.207
1314	0.241
1315	0.314
1316	0.384
1317	0.44
1318	0.491
1319	0.514
1320	0.519
1321	0.52
1322	0.521
1323	0.52
1324	0.52
1325	0.45
1326	0.232
1327	0.162
1328	0.126
1329	0.089
1330	0.04399999999999999
1331	0.016999999999999994
1332	0.006999999999999992
1333	-3.469446951953614e-18
1334	0.011
1335	0.08399999999999999
1336	0.183
1337	0.207
1338	0.241
1339	0.314
1340	0.384
1341	0.44
1342	0.491
1343	0.514
1344	0.519
1345	0.52
1346	0.521
1347	0.52
1348	0.52
1349	0.45
1350	0.232
1351	0.162
1352	0.126
1353	0.089
1354	0.04399999999999999
1355	0.016999999999999994
1356	0.006999999999999992
1357	-3.469446951953614e-18
1358	0.011
1359	0.08399999999999999
1360	0.183
1361	0.207
1362	0.241
1363	0.314
1364	0.384
1365	0.44
1366	0.491
1367	0.514
1368	0.531
1369	0.538
1370	0.543
1371	0.549
1372	0.548
1373	0.549
1374	0.48700000000000004
1375	0.31600000000000006
1376	0.2700000000000001
1377	0.22100000000000009
1378	0.1710000000000001
1379	0.1390000000000001
1380	0.1320000000000001
1381	0.15200000000000008
1382	0.18300000000000008
1383	0.24800000000000008
1384	0.2790000000000001
1385	0.31400000000000006
1386	0.35600000000000004
1387	0.40800000000000003
1388	0.445
1389	0.464
1390	0.496
1391	0.514
1392	0.531
1393	0.538
1394	0.543
1395	0.549
1396	0.548
1397	0.549
1398	0.48700000000000004
1399	0.31600000000000006
1400	0.2700000000000001
1401	0.22100000000000009
1402	0.1710000000000001
1403	0.1390000000000001
1404	0.1320000000000001
1405	0.15200000000000008
1406	0.18300000000000008
1407	0.24800000000000008
1408	0.2790000000000001
1409	0.31400000000000006
1410	0.35600000000000004
1411	0.40800000000000003
1412	0.445
1413	0.464
1414	0.496
1415	0.514
1416	0.519
1417	0.52
1418	0.521
1419	0.52
1420	0.52
1421	0.45
1422	0.232
1423	0.162
1424	0.126
1425	0.089
1426	0.04399999999999999
1427	0.016999999999999994
1428	0.006999999999999992
1429	-3.469446951953614e-18
1430	0.011
1431	0.08399999999999999
1432	0.183
1433	0.207
1434	0.241
1435	0.314
1436	0.384
1437	0.44
1438	0.491
1439	0.514
1440	0.519
1441	0.52
1442	0.521
1443	0.52
1444	0.52
1445	0.45
1446	0.232
1447	0.162
1448	0.126
1449	0.089
1450	0.04399999999999999
1451	0.016999999999999994
1452	0.006999999999999992
1453	-3.469446951953614e-18
1454	0.011
1455	0.08399999999999999
1456	0.183
1457	0.207
1458	0.241
1459	0.314
1460	0.384
1461	0.44
1462	0.491
1463	0.514
1464	0.519
1465	0.52
1466	0.521
1467	0.52
1468	0.52
1469	0.45
1470	0.232
1471	0.162
1472	0.126
1473	0.089
1474	0.04399999999999999
1475	0.016999999999999994
1476	0.006999999999999992
1477	-3.469446951953614e-18
1478	0.011
1479	0.08399999999999999
1480	0.183
1481	0.207
1482	0.241
1483	0.314
1484	0.384
1485	0.44
1486	0.491
1487	0.514
1488	0.519
1489	0.52
1490	0.521
1491	0.52
1492	0.52
1493	0.45
1494	0.232
1495	0.162
1496	0.126
1497	0.089
1498	0.04399999999999999
1499	0.016999999999999994
1500	0.006999999999999992
1501	-3.469446951953614e-18
1502	0.011
1503	0.08399999999999999
1504	0.183
1505	0.207
1506	0.241
1507	0.314
1508	0.384
1509	0.44
1510	0.491
1511	0.514
1512	0.519
1513	0.52
1514	0.521
1515	0.52
1516	0.52
1517	0.45
1518	0.232
1519	0.162
1520	0.126
1521	0.089
1522	0.04399999999999999
1523	0.016999999999999994
1524	0.006999999999999992
1525	-3.469446951953614e-18
1526	0.011
1527	0.08399999999999999
1528	0.183
1529	0.207
1530	0.241
1531	0.314
1532	0.384
1533	0.44
1534	0.491
1535	0.514
1536	0.531
1537	0.538
1538	0.543
1539	0.549
1540	0.548
1541	0.549
1542	0.48700000000000004
1543	0.31600000000000006
1544	0.2700000000000001
1545	0.22100000000000009
1546	0.1710000000000001
1547	0.1390000000000001
1548	0.1320000000000001
1549	0.15200000000000008
1550	0.18300000000000008
1551	0.24800000000000008
1552	0.2790000000000001
1553	0.31400000000000006
1554	0.35600000000000004
1555	0.40800000000000003
1556	0.445
1557	0.464
1558	0.496
1559	0.514
1560	0.531
1561	0.538
1562	0.543
1563	0.549
1564	0.548
1565	0.549
1566	0.48700000000000004
1567	0.31600000000000006
1568	0.2700000000000001
1569	0.22100000000000009
1570	0.1710000000000001
1571	0.1390000000000001
1572	0.1320000000000001
1573	0.15200000000000008
1574	0.18300000000000008
1575	0.24800000000000008
1576	0.2790000000000001
1577	0.31400000000000006
1578	0.35600000000000004
1579	0.40800000000000003
1580	0.445
1581	0.464
1582	0.496
1583	0.514
1584	0.519
1585	0.52
1586	0.521
1587	0.52
1588	0.52
1589	0.45
1590	0.232
1591	0.162
1592	0.126
1593	0.089
1594	0.04399999999999999
1595	0.016999999999999994
1596	0.006999999999999992
1597	-3.469446951953614e-18
1598	0.011
1599	0.08399999999999999
1600	0.183
1601	0.207
1602	0.241
1603	0.314
1604	0.384
1605	0.44
1606	0.491
1607	0.514
1608	0.519
1609	0.52
1610	0.521
1611	0.52
1612	0.52
1613	0.45
1614	0.232
1615	0.162
1616	0.126
1617	0.089
1618	0.04399999999999999
1619	0.016999999999999994
1620	0.006999999999999992
1621	-3.469446951953614e-18
1622	0.011
1623	0.08399999999999999
1624	0.183
1625	0.207
1626	0.241
1627	0.314
1628	0.384
1629	0.44
1630	0.491
1631	0.514
1632	0.519
1633	0.52
1634	0.521
1635	0.52
1636	0.52
1637	0.45
1638	0.232
1639	0.162
1640	0.126
1641	0.089
1642	0.04399999999999999
1643	0.016999999999999994
1644	0.006999999999999992
1645	-3.469446951953614e-18
1646	0.011
1647	0.08399999999999999
1648	0.183
1649	0.207
1650	0.241
1651	0.314
1652	0.384
1653	0.44
1654	0.491
1655	0.514
1656	0.519
1657	0.52
1658	0.521
1659	0.52
1660	0.52
1661	0.45
1662	0.232
1663	0.162
1664	0.126
1665	0.089
1666	0.04399999999999999
1667	0.016999999999999994
1668	0.006999999999999992
1669	-3.469446951953614e-18
1670	0.011
1671	0.08399999999999999
1672	0.183
1673	0.207
1674	0.241
1675	0.314
1676	0.384
1677	0.44
1678	0.491
1679	0.514
1680	0.519
1681	0.52
1682	0.521
1683	0.52
1684	0.52
1685	0.45
1686	0.232
1687	0.162
1688	0.126
1689	0.089
1690	0.04399999999999999
1691	0.016999999999999994
1692	0.006999999999999992
1693	-3.469446951953614e-18
1694	0.011
1695	0.08399999999999999
1696	0.183
1697	0.207
1698	0.241
1699	0.314
1700	0.384
1701	0.44
1702	0.491
1703	0.514
1704	0.531
1705	0.538
1706	0.543
1707	0.549
1708	0.548
1709	0.549
1710	0.48700000000000004
1711	0.31600000000000006
1712	0.2700000000000001
1713	0.22100000000000009
1714	0.1710000000000001
1715	0.1390000000000001
1716	0.1320000000000001
1717	0.15200000000000008
1718	0.18300000000000008
1719	0.24800000000000008
1720	0.2790000000000001
1721	0.31400000000000006
1722	0.35600000000000004
1723	0.40800000000000003
1724	0.445
1725	0.464
1726	0.496
1727	0.514
1728	0.531
1729	0.538
1730	0.543
1731	0.549
1732	0.548
1733	0.549
1734	0.48700000000000004
1735	0.31600000000000006
1736	0.2700000000000001
1737	0.22100000000000009
1738	0.1710000000000001
1739	0.1390000000000001
1740	0.1320000000000001
1741	0.15200000000000008
1742	0.18300000000000008
1743	0.24800000000000008
1744	0.2790000000000001
1745	0.31400000000000006
1746	0.35600000000000004
1747	0.40800000000000003
1748	0.445
1749	0.464
1750	0.496
1751	0.514
1752	0.519
1753	0.52
1754	0.521
1755	0.52
1756	0.52
1757	0.45
1758	0.232
1759	0.162
1760	0.126
1761	0.089
1762	0.04399999999999999
1763	0.016999999999999994
1764	0.006999999999999992
1765	-3.469446951953614e-18
1766	0.011
1767	0.08399999999999999
1768	0.183
1769	0.207
1770	0.241
1771	0.314
1772	0.384
1773	0.44
1774	0.491
1775	0.514
1776	0.519
1777	0.52
1778	0.521
1779	0.52
1780	0.52
1781	0.45
1782	0.232
1783	0.162
1784	0.126
1785	0.089
1786	0.04399999999999999
1787	0.016999999999999994
1788	0.006999999999999992
1789	-3.469446951953614e-18
1790	0.011
1791	0.08399999999999999
1792	0.183
1793	0.207
1794	0.241
1795	0.314
1796	0.384
1797	0.44
1798	0.491
1799	0.514
1800	0.519
1801	0.52
1802	0.521
1803	0.52
1804	0.52
1805	0.45
1806	0.232
1807	0.162
1808	0.126
1809	0.089
1810	0.04399999999999999
1811	0.016999999999999994
1812	0.006999999999999992
1813	-3.469446951953614e-18
1814	0.011
1815	0.08399999999999999
1816	0.183
1817	0.207
1818	0.241
1819	0.314
1820	0.384
1821	0.44
1822	0.491
1823	0.514
1824	0.519
1825	0.52
1826	0.521
1827	0.52
1828	0.52
1829	0.45
1830	0.232
1831	0.162
1832	0.126
1833	0.089
1834	0.04399999999999999
1835	0.016999999999999994
1836	0.006999999999999992
1837	-3.469446951953614e-18
1838	0.011
1839	0.08399999999999999
1840	0.183
1841	0.207
1842	0.241
1843	0.314
1844	0.384
1845	0.44
1846	0.491
1847	0.514
1848	0.519
1849	0.52
1850	0.521
1851	0.52
1852	0.52
1853	0.45
1854	0.232
1855	0.162
1856	0.126
1857	0.089
1858	0.04399999999999999
1859	0.016999999999999994
1860	0.006999999999999992
1861	-3.469446951953614e-18
1862	0.011
1863	0.08399999999999999
1864	0.183
1865	0.207
1866	0.241
1867	0.314
1868	0.384
1869	0.44
1870	0.491
1871	0.514
1872	0.531
1873	0.538
1874	0.543
1875	0.549
1876	0.548
1877	0.549
1878	0.48700000000000004
1879	0.31600000000000006
1880	0.2700000000000001
1881	0.22100000000000009
1882	0.1710000000000001
1883	0.1390000000000001
1884	0.1320000000000001
1885	0.15200000000000008
1886	0.18300000000000008
1887	0.24800000000000008
1888	0.2790000000000001
1889	0.31400000000000006
1890	0.35600000000000004
1891	0.40800000000000003
1892	0.445
1893	0.464
1894	0.496
1895	0.514
1896	0.531
1897	0.538
1898	0.543
1899	0.549
1900	0.548
1901	0.549
1902	0.48700000000000004
1903	0.31600000000000006
1904	0.2700000000000001
1905	0.22100000000000009
1906	0.1710000000000001
1907	0.1390000000000001
1908	0.1320000000000001
1909	0.15200000000000008
1910	0.18300000000000008
1911	0.24800000000000008
1912	0.2790000000000001
1913	0.31400000000000006
1914	0.35600000000000004
1915	0.40800000000000003
1916	0.445
1917	0.464
1918	0.496
1919	0.514
1920	0.519
1921	0.52
1922	0.521
1923	0.52
1924	0.52
1925	0.45
1926	0.232
1927	0.162
1928	0.126
1929	0.089
1930	0.04399999999999999
1931	0.016999999999999994
1932	0.006999999999999992
1933	-3.469446951953614e-18
1934	0.011
1935	0.08399999999999999
1936	0.183
1937	0.207
1938	0.241
1939	0.314
1940	0.384
1941	0.44
1942	0.491
1943	0.514
1944	0.519
1945	0.52
1946	0.521
1947	0.52
1948	0.52
1949	0.45
1950	0.232
1951	0.162
1952	0.126
1953	0.089
1954	0.04399999999999999
1955	0.016999999999999994
1956	0.006999999999999992
1957	-3.469446951953614e-18
1958	0.011
1959	0.08399999999999999
1960	0.183
1961	0.207
1962	0.241
1963	0.314
1964	0.384
1965	0.44
1966	0.491
1967	0.514
1968	0.519
1969	0.52
1970	0.521
1971	0.52
1972	0.52
1973	0.45
1974	0.232
1975	0.162
1976	0.126
1977	0.089
1978	0.04399999999999999
1979	0.016999999999999994
1980	0.006999999999999992
1981	-3.469446951953614e-18
1982	0.011
1983	0.08399999999999999
1984	0.183
1985	0.207
1986	0.241
1987	0.314
1988	0.384
1989	0.44
1990	0.491
1991	0.514
1992	0.519
1993	0.52
1994	0.521
1995	0.52
1996	0.52
1997	0.45
1998	0.232
1999	0.162
2000	0.126
2001	0.089
2002	0.04399999999999999
2003	0.016999999999999994
2004	0.006999999999999992
2005	-3.469446951953614e-18
2006	0.011
2007	0.08399999999999999
2008	0.183
2009	0.207
2010	0.241
2011	0.314
2012	0.384
2013	0.44
2014	0.491
2015	0.514
2016	0.519
2017	0.52
2018	0.521
2019	0.52
2020	0.52
2021	0.45
2022	0.232
2023	0.162
2024	0.126
2025	0.089
2026	0.04399999999999999
2027	0.016999999999999994
2028	0.006999999999999992
2029	-3.469446951953614e-18
2030	0.011
2031	0.08399999999999999
2032	0.183
2033	0.207
2034	0.241
2035	0.314
2036	0.384
2037	0.44
2038	0.491
2039	0.514
2040	0.531
2041	0.538
2042	0.543
2043	0.549
2044	0.548
2045	0.549
2046	0.48700000000000004
2047	0.31600000000000006
2048	0.2700000000000001
2049	0.22100000000000009
2050	0.1710000000000001
2051	0.1390000000000001
2052	0.1320000000000001
2053	0.15200000000000008
2054	0.18300000000000008
2055	0.24800000000000008
2056	0.2790000000000001
2057	0.31400000000000006
2058	0.35600000000000004
2059	0.40800000000000003
2060	0.445
2061	0.464
2062	0.496
2063	0.514
2064	0.531
2065	0.538
2066	0.543
2067	0.549
2068	0.548
2069	0.549
2070	0.48700000000000004
2071	0.31600000000000006
2072	0.2700000000000001
2073	0.22100000000000009
2074	0.1710000000000001
2075	0.1390000000000001
2076	0.1320000000000001
2077	0.15200000000000008
2078	0.18300000000000008
2079	0.24800000000000008
2080	0.2790000000000001
2081	0.31400000000000006
2082	0.35600000000000004
2083	0.40800000000000003
2084	0.445
2085	0.464
2086	0.496
2087	0.514
2088	0.519
2089	0.52
2090	0.521
2091	0.52
2092	0.52
2093	0.45
2094	0.232
2095	0.162
2096	0.126
2097	0.089
2098	0.04399999999999999
2099	0.016999999999999994
2100	0.006999999999999992
2101	-3.469446951953614e-18
2102	0.011
2103	0.08399999999999999
2104	0.183
2105	0.207
2106	0.241
2107	0.314
2108	0.384
2109	0.44
2110	0.491
2111	0.514
2112	0.519
2113	0.52
2114	0.521
2115	0.52
2116	0.52
2117	0.45
2118	0.232
2119	0.162
2120	0.126
2121	0.089
2122	0.04399999999999999
2123	0.016999999999999994
2124	0.006999999999999992
2125	-3.469446951953614e-18
2126	0.011
2127	0.08399999999999999
2128	0.183
2129	0.207
2130	0.241
2131	0.314
2132	0.384
2133	0.44
2134	0.491
2135	0.514
2136	0.519
2137	0.52
2138	0.521
2139	0.52
2140	0.52
2141	0.45
2142	0.232
2143	0.162
2144	0.126
2145	0.089
2146	0.04399999999999999
2147	0.016999999999999994
2148	0.006999999999999992
2149	-3.469446951953614e-18
2150	0.011
2151	0.08399999999999999
2152	0.183
2153	0.207
2154	0.241
2155	0.314
2156	0.384
2157	0.44
2158	0.491
2159	0.514
2160	0.519
2161	0.52
2162	0.521
2163	0.52
2164	0.52
2165	0.45
2166	0.232
2167	0.162
2168	0.126
2169	0.089
2170	0.04399999999999999
2171	0.016999999999999994
2172	0.006999999999999992
2173	-3.469446951953614e-18
2174	0.011
2175	0.08399999999999999
2176	0.183
2177	0.207
2178	0.241
2179	0.314
2180	0.384
2181	0.44
2182	0.491
2183	0.514
2184	0.519
2185	0.52
2186	0.521
2187	0.52
2188	0.52
2189	0.45
2190	0.232
2191	0.162
2192	0.126
2193	0.089
2194	0.04399999999999999
2195	0.016999999999999994
2196	0.006999999999999992
2197	-3.469446951953614e-18
2198	0.011
2199	0.08399999999999999
2200	0.183
2201	0.207
2202	0.241
2203	0.314
2204	0.384
2205	0.44
2206	0.491
2207	0.514
2208	0.531
2209	0.538
2210	0.543
2211	0.549
2212	0.548
2213	0.549
2214	0.48700000000000004
2215	0.31600000000000006
2216	0.2700000000000001
2217	0.22100000000000009
2218	0.1710000000000001
2219	0.1390000000000001
2220	0.1320000000000001
2221	0.15200000000000008
2222	0.18300000000000008
2223	0.24800000000000008
2224	0.2790000000000001
2225	0.31400000000000006
2226	0.35600000000000004
2227	0.40800000000000003
2228	0.445
2229	0.464
2230	0.496
2231	0.514
2232	0.531
2233	0.538
2234	0.543
2235	0.549
2236	0.548
2237	0.549
2238	0.48700000000000004
2239	0.31600000000000006
2240	0.2700000000000001
2241	0.22100000000000009
2242	0.1710000000000001
2243	0.1390000000000001
2244	0.1320000000000001
2245	0.15200000000000008
2246	0.18300000000000008
2247	0.24800000000000008
2248	0.2790000000000001
2249	0.31400000000000006
2250	0.35600000000000004
2251	0.40800000000000003
2252	0.445
2253	0.464
2254	0.496
2255	0.514
2256	0.519
2257	0.52
2258	0.521
2259	0.52
2260	0.52
2261	0.45
2262	0.232
2263	0.162
2264	0.126
2265	0.089
2266	0.04399999999999999
2267	0.016999999999999994
2268	0.006999999999999992
2269	-3.469446951953614e-18
2270	0.011
2271	0.08399999999999999
2272	0.183
2273	0.207
2274	0.241
2275	0.314
2276	0.384
2277	0.44
2278	0.491
2279	0.514
2280	0.519
2281	0.52
2282	0.521
2283	0.52
2284	0.52
2285	0.45
2286	0.232
2287	0.162
2288	0.126
2289	0.089
2290	0.04399999999999999
2291	0.016999999999999994
2292	0.006999999999999992
2293	-3.469446951953614e-18
2294	0.011
2295	0.08399999999999999
2296	0.183
2297	0.207
2298	0.241
2299	0.314
2300	0.384
2301	0.44
2302	0.491
2303	0.514
2304	0.519
2305	0.52
2306	0.521
2307	0.52
2308	0.52
2309	0.45
2310	0.232
2311	0.162
2312	0.126
2313	0.089
2314	0.04399999999999999
2315	0.016999999999999994
2316	0.006999999999999992
2317	-3.469446951953614e-18
2318	0.011
2319	0.08399999999999999
2320	0.183
2321	0.207
2322	0.241
2323	0.314
2324	0.384
2325	0.44
2326	0.491
2327	0.514
2328	0.519
2329	0.52
2330	0.521
2331	0.52
2332	0.52
2333	0.45
2334	0.232
2335	0.162
2336	0.126
2337	0.089
2338	0.04399999999999999
2339	0.016999999999999994
2340	0.006999999999999992
2341	-3.469446951953614e-18
2342	0.011
2343	0.08399999999999999
2344	0.183
2345	0.207
2346	0.241
2347	0.314
2348	0.384
2349	0.44
2350	0.491
2351	0.514
2352	0.519
2353	0.52
2354	0.521
2355	0.52
2356	0.52
2357	0.45
2358	0.232
2359	0.162
2360	0.126
2361	0.089
2362	0.04399999999999999
2363	0.016999999999999994
2364	0.006999999999999992
2365	-3.469446951953614e-18
2366	0.011
2367	0.08399999999999999
2368	0.183
2369	0.207
2370	0.241
2371	0.314
2372	0.384
2373	0.44
2374	0.491
2375	0.514
2376	0.531
2377	0.538
2378	0.543
2379	0.549
2380	0.548
2381	0.549
2382	0.48700000000000004
2383	0.31600000000000006
2384	0.2700000000000001
2385	0.22100000000000009
2386	0.1710000000000001
2387	0.1390000000000001
2388	0.1320000000000001
2389	0.15200000000000008
2390	0.18300000000000008
2391	0.24800000000000008
2392	0.2790000000000001
2393	0.31400000000000006
2394	0.35600000000000004
2395	0.40800000000000003
2396	0.445
2397	0.464
2398	0.496
2399	0.514
2400	0.531
2401	0.538
2402	0.543
2403	0.549
2404	0.548
2405	0.549
2406	0.48700000000000004
2407	0.31600000000000006
2408	0.2700000000000001
2409	0.22100000000000009
2410	0.1710000000000001
2411	0.1390000000000001
2412	0.1320000000000001
2413	0.15200000000000008
2414	0.18300000000000008
2415	0.24800000000000008
2416	0.2790000000000001
2417	0.31400000000000006
2418	0.35600000000000004
2419	0.40800000000000003
2420	0.445
2421	0.464
2422	0.496
2423	0.514
2424	0.519
2425	0.52
2426	0.521
2427	0.52
2428	0.52
2429	0.45
2430	0.232
2431	0.162
2432	0.126
2433	0.089
2434	0.04399999999999999
2435	0.016999999999999994
2436	0.006999999999999992
2437	-3.469446951953614e-18
2438	0.011
2439	0.08399999999999999
2440	0.183
2441	0.207
2442	0.241
2443	0.314
2444	0.384
2445	0.44
2446	0.491
2447	0.514
2448	0.519
2449	0.52
2450	0.521
2451	0.52
2452	0.52
2453	0.45
2454	0.232
2455	0.162
2456	0.126
2457	0.089
2458	0.04399999999999999
2459	0.016999999999999994
2460	0.006999999999999992
2461	-3.469446951953614e-18
2462	0.011
2463	0.08399999999999999
2464	0.183
2465	0.207
2466	0.241
2467	0.314
2468	0.384
2469	0.44
2470	0.491
2471	0.514
2472	0.519
2473	0.52
2474	0.521
2475	0.52
2476	0.52
2477	0.45
2478	0.232
2479	0.162
2480	0.126
2481	0.089
2482	0.04399999999999999
2483	0.016999999999999994
2484	0.006999999999999992
2485	-3.469446951953614e-18
2486	0.011
2487	0.08399999999999999
2488	0.183
2489	0.207
2490	0.241
2491	0.314
2492	0.384
2493	0.44
2494	0.491
2495	0.514
2496	0.519
2497	0.52
2498	0.521
2499	0.52
2500	0.52
2501	0.45
2502	0.232
2503	0.162
2504	0.126
2505	0.089
2506	0.04399999999999999
2507	0.016999999999999994
2508	0.006999999999999992
2509	-3.469446951953614e-18
2510	0.011
2511	0.08399999999999999
2512	0.183
2513	0.207
2514	0.241
2515	0.314
2516	0.384
2517	0.44
2518	0.491
2519	0.514
2520	0.519
2521	0.52
2522	0.521
2523	0.52
2524	0.52
2525	0.45
2526	0.232
2527	0.162
2528	0.126
2529	0.089
2530	0.04399999999999999
2531	0.016999999999999994
2532	0.006999999999999992
2533	-3.469446951953614e-18
2534	0.011
2535	0.08399999999999999
2536	0.183
2537	0.207
2538	0.241
2539	0.314
2540	0.384
2541	0.44
2542	0.491
2543	0.514
2544	0.531
2545	0.538
2546	0.543
2547	0.549
2548	0.548
2549	0.549
2550	0.48700000000000004
2551	0.31600000000000006
2552	0.2700000000000001
2553	0.22100000000000009
2554	0.1710000000000001
2555	0.1390000000000001
2556	0.1320000000000001
2557	0.15200000000000008
2558	0.18300000000000008
2559	0.24800000000000008
2560	0.2790000000000001
2561	0.31400000000000006
2562	0.35600000000000004
2563	0.40800000000000003
2564	0.445
2565	0.464
2566	0.496
2567	0.514
2568	0.531
2569	0.538
2570	0.543
2571	0.549
2572	0.548
2573	0.549
2574	0.48700000000000004
2575	0.31600000000000006
2576	0.2700000000000001
2577	0.22100000000000009
2578	0.1710000000000001
2579	0.1390000000000001
2580	0.1320000000000001
2581	0.15200000000000008
2582	0.18300000000000008
2583	0.24800000000000008
2584	0.2790000000000001
2585	0.31400000000000006
2586	0.35600000000000004
2587	0.40800000000000003
2588	0.445
2589	0.464
2590	0.496
2591	0.514
2592	0.519
2593	0.52
2594	0.521
2595	0.52
2596	0.52
2597	0.45
2598	0.232
2599	0.162
2600	0.126
2601	0.089
2602	0.04399999999999999
2603	0.016999999999999994
2604	0.006999999999999992
2605	-3.469446951953614e-18
2606	0.011
2607	0.08399999999999999
2608	0.183
2609	0.207
2610	0.241
2611	0.314
2612	0.384
2613	0.44
2614	0.491
2615	0.514
2616	0.519
2617	0.52
2618	0.521
2619	0.52
2620	0.52
2621	0.45
2622	0.232
2623	0.162
2624	0.126
2625	0.089
2626	0.04399999999999999
2627	0.016999999999999994
2628	0.006999999999999992
2629	-3.469446951953614e-18
2630	0.011
2631	0.08399999999999999
2632	0.183
2633	0.207
2634	0.241
2635	0.314
2636	0.384
2637	0.44
2638	0.491
2639	0.514
2640	0.519
2641	0.52
2642	0.521
2643	0.52
2644	0.52
2645	0.45
2646	0.232
2647	0.162
2648	0.126
2649	0.089
2650	0.04399999999999999
2651	0.016999999999999994
2652	0.006999999999999992
2653	-3.469446951953614e-18
2654	0.011
2655	0.08399999999999999
2656	0.183
2657	0.207
2658	0.241
2659	0.314
2660	0.384
2661	0.44
2662	0.491
2663	0.514
2664	0.519
2665	0.52
2666	0.521
2667	0.52
2668	0.52
2669	0.45
2670	0.232
2671	0.162
2672	0.126
2673	0.089
2674	0.04399999999999999
2675	0.016999999999999994
2676	0.006999999999999992
2677	-3.469446951953614e-18
2678	0.011
2679	0.08399999999999999
2680	0.183
2681	0.207
2682	0.241
2683	0.314
2684	0.384
2685	0.44
2686	0.491
2687	0.514
2688	0.519
2689	0.52
2690	0.521
2691	0.52
2692	0.52
2693	0.45
2694	0.232
2695	0.162
2696	0.126
2697	0.089
2698	0.04399999999999999
2699	0.016999999999999994
2700	0.006999999999999992
2701	-3.469446951953614e-18
2702	0.011
2703	0.08399999999999999
2704	0.183
2705	0.207
2706	0.241
2707	0.314
2708	0.384
2709	0.44
2710	0.491
2711	0.514
2712	0.531
2713	0.538
2714	0.543
2715	0.549
2716	0.548
2717	0.549
2718	0.48700000000000004
2719	0.31600000000000006
2720	0.2700000000000001
2721	0.22100000000000009
2722	0.1710000000000001
2723	0.1390000000000001
2724	0.1320000000000001
2725	0.15200000000000008
2726	0.18300000000000008
2727	0.24800000000000008
2728	0.2790000000000001
2729	0.31400000000000006
2730	0.35600000000000004
2731	0.40800000000000003
2732	0.445
2733	0.464
2734	0.496
2735	0.514
2736	0.531
2737	0.538
2738	0.543
2739	0.549
2740	0.548
2741	0.549
2742	0.48700000000000004
2743	0.31600000000000006
2744	0.2700000000000001
2745	0.22100000000000009
2746	0.1710000000000001
2747	0.1390000000000001
2748	0.1320000000000001
2749	0.15200000000000008
2750	0.18300000000000008
2751	0.24800000000000008
2752	0.2790000000000001
2753	0.31400000000000006
2754	0.35600000000000004
2755	0.40800000000000003
2756	0.445
2757	0.464
2758	0.496
2759	0.514
2760	0.519
2761	0.52
2762	0.521
2763	0.52
2764	0.52
2765	0.45
2766	0.232
2767	0.162
2768	0.126
2769	0.089
2770	0.04399999999999999
2771	0.016999999999999994
2772	0.006999999999999992
2773	-3.469446951953614e-18
2774	0.011
2775	0.08399999999999999
2776	0.183
2777	0.207
2778	0.241
2779	0.314
2780	0.384
2781	0.44
2782	0.491
2783	0.514
2784	0.519
2785	0.52
2786	0.521
2787	0.52
2788	0.52
2789	0.45
2790	0.232
2791	0.162
2792	0.126
2793	0.089
2794	0.04399999999999999
2795	0.016999999999999994
2796	0.006999999999999992
2797	-3.469446951953614e-18
2798	0.011
2799	0.08399999999999999
2800	0.183
2801	0.207
2802	0.241
2803	0.314
2804	0.384
2805	0.44
2806	0.491
2807	0.514
2808	0.519
2809	0.52
2810	0.521
2811	0.52
2812	0.52
2813	0.45
2814	0.232
2815	0.162
2816	0.126
2817	0.089
2818	0.04399999999999999
2819	0.016999999999999994
2820	0.006999999999999992
2821	-3.469446951953614e-18
2822	0.011
2823	0.08399999999999999
2824	0.183
2825	0.207
2826	0.241
2827	0.314
2828	0.384
2829	0.44
2830	0.491
2831	0.514
2832	0.519
2833	0.52
2834	0.521
2835	0.52
2836	0.52
2837	0.45
2838	0.232
2839	0.162
2840	0.126
2841	0.089
2842	0.04399999999999999
2843	0.016999999999999994
2844	0.006999999999999992
2845	-3.469446951953614e-18
2846	0.011
2847	0.08399999999999999
2848	0.183
2849	0.207
2850	0.241
2851	0.314
2852	0.384
2853	0.44
2854	0.491
2855	0.514
2856	0.519
2857	0.52
2858	0.521
2859	0.52
2860	0.52
2861	0.45
2862	0.232
2863	0.162
2864	0.126
2865	0.089
2866	0.04399999999999999
2867	0.016999999999999994
2868	0.006999999999999992
2869	-3.469446951953614e-18
2870	0.011
2871	0.08399999999999999
2872	0.183
2873	0.207
2874	0.241
2875	0.314
2876	0.384
2877	0.44
2878	0.491
2879	0.514
2880	0.531
2881	0.538
2882	0.543
2883	0.549
2884	0.548
2885	0.549
2886	0.48700000000000004
2887	0.31600000000000006
2888	0.2700000000000001
2889	0.22100000000000009
2890	0.1710000000000001
2891	0.1390000000000001
2892	0.1320000000000001
2893	0.15200000000000008
2894	0.18300000000000008
2895	0.24800000000000008
2896	0.2790000000000001
2897	0.31400000000000006
2898	0.35600000000000004
2899	0.40800000000000003
2900	0.445
2901	0.464
2902	0.496
2903	0.514
2904	0.531
2905	0.538
2906	0.543
2907	0.549
2908	0.548
2909	0.549
2910	0.48700000000000004
2911	0.31600000000000006
2912	0.2700000000000001
2913	0.22100000000000009
2914	0.1710000000000001
2915	0.1390000000000001
2916	0.1320000000000001
2917	0.15200000000000008
2918	0.18300000000000008
2919	0.24800000000000008
2920	0.2790000000000001
2921	0.31400000000000006
2922	0.35600000000000004
2923	0.40800000000000003
2924	0.445
2925	0.464
2926	0.496
2927	0.514
2928	0.519
2929	0.52
2930	0.521
2931	0.52
2932	0.52
2933	0.45
2934	0.232
2935	0.162
2936	0.126
2937	0.089
2938	0.04399999999999999
2939	0.016999999999999994
2940	0.006999999999999992
2941	-3.469446951953614e-18
2942	0.011
2943	0.08399999999999999
2944	0.183
2945	0.207
2946	0.241
2947	0.314
2948	0.384
2949	0.44
2950	0.491
2951	0.514
2952	0.519
2953	0.52
2954	0.521
2955	0.52
2956	0.52
2957	0.45
2958	0.232
2959	0.162
2960	0.126
2961	0.089
2962	0.04399999999999999
2963	0.016999999999999994
2964	0.006999999999999992
2965	-3.469446951953614e-18
2966	0.011
2967	0.08399999999999999
2968	0.183
2969	0.207
2970	0.241
2971	0.314
2972	0.384
2973	0.44
2974	0.491
2975	0.514
2976	0.519
2977	0.52
2978	0.521
2979	0.52
2980	0.52
2981	0.45
2982	0.232
2983	0.162
2984	0.126
2985	0.089
2986	0.04399999999999999
2987	0.016999999999999994
2988	0.006999999999999992
2989	-3.469446951953614e-18
2990	0.011
2991	0.08399999999999999
2992	0.183
2993	0.207
2994	0.241
2995	0.314
2996	0.384
2997	0.44
2998	0.491
2999	0.514
3000	0.519
3001	0.52
3002	0.521
3003	0.52
3004	0.52
3005	0.45
3006	0.232
3007	0.162
3008	0.126
3009	0.089
3010	0.04399999999999999
3011	0.016999999999999994
3012	0.006999999999999992
3013	-3.469446951953614e-18
3014	0.011
3015	0.08399999999999999
3016	0.183
3017	0.207
3018	0.241
3019	0.314
3020	0.384
3021	0.44
3022	0.491
3023	0.514
3024	0.519
3025	0.52
3026	0.521
3027	0.52
3028	0.52
3029	0.45
3030	0.232
3031	0.162
3032	0.126
3033	0.089
3034	0.04399999999999999
3035	0.016999999999999994
3036	0.006999999999999992
3037	-3.469446951953614e-18
3038	0.011
3039	0.08399999999999999
3040	0.183
3041	0.207
3042	0.241
3043	0.314
3044	0.384
3045	0.44
3046	0.491
3047	0.514
3048	0.531
3049	0.538
3050	0.543
3051	0.549
3052	0.548
3053	0.549
3054	0.48700000000000004
3055	0.31600000000000006
3056	0.2700000000000001
3057	0.22100000000000009
3058	0.1710000000000001
3059	0.1390000000000001
3060	0.1320000000000001
3061	0.15200000000000008
3062	0.18300000000000008
3063	0.24800000000000008
3064	0.2790000000000001
3065	0.31400000000000006
3066	0.35600000000000004
3067	0.40800000000000003
3068	0.445
3069	0.464
3070	0.496
3071	0.514
3072	0.531
3073	0.538
3074	0.543
3075	0.549
3076	0.548
3077	0.549
3078	0.48700000000000004
3079	0.31600000000000006
3080	0.2700000000000001
3081	0.22100000000000009
3082	0.1710000000000001
3083	0.1390000000000001
3084	0.1320000000000001
3085	0.15200000000000008
3086	0.18300000000000008
3087	0.24800000000000008
3088	0.2790000000000001
3089	0.31400000000000006
3090	0.35600000000000004
3091	0.40800000000000003
3092	0.445
3093	0.464
3094	0.496
3095	0.514
3096	0.519
3097	0.52
3098	0.521
3099	0.52
3100	0.52
3101	0.45
3102	0.232
3103	0.162
3104	0.126
3105	0.089
3106	0.04399999999999999
3107	0.016999999999999994
3108	0.006999999999999992
3109	-3.469446951953614e-18
3110	0.011
3111	0.08399999999999999
3112	0.183
3113	0.207
3114	0.241
3115	0.314
3116	0.384
3117	0.44
3118	0.491
3119	0.514
3120	0.519
3121	0.52
3122	0.521
3123	0.52
3124	0.52
3125	0.45
3126	0.232
3127	0.162
3128	0.126
3129	0.089
3130	0.04399999999999999
3131	0.016999999999999994
3132	0.006999999999999992
3133	-3.469446951953614e-18
3134	0.011
3135	0.08399999999999999
3136	0.183
3137	0.207
3138	0.241
3139	0.314
3140	0.384
3141	0.44
3142	0.491
3143	0.514
3144	0.519
3145	0.52
3146	0.521
3147	0.52
3148	0.52
3149	0.45
3150	0.232
3151	0.162
3152	0.126
3153	0.089
3154	0.04399999999999999
3155	0.016999999999999994
3156	0.006999999999999992
3157	-3.469446951953614e-18
3158	0.011
3159	0.08399999999999999
3160	0.183
3161	0.207
3162	0.241
3163	0.314
3164	0.384
3165	0.44
3166	0.491
3167	0.514
3168	0.519
3169	0.52
3170	0.521
3171	0.52
3172	0.52
3173	0.45
3174	0.232
3175	0.162
3176	0.126
3177	0.089
3178	0.04399999999999999
3179	0.016999999999999994
3180	0.006999999999999992
3181	-3.469446951953614e-18
3182	0.011
3183	0.08399999999999999
3184	0.183
3185	0.207
3186	0.241
3187	0.314
3188	0.384
3189	0.44
3190	0.491
3191	0.514
3192	0.519
3193	0.52
3194	0.521
3195	0.52
3196	0.52
3197	0.45
3198	0.232
3199	0.162
3200	0.126
3201	0.089
3202	0.04399999999999999
3203	0.016999999999999994
3204	0.006999999999999992
3205	-3.469446951953614e-18
3206	0.011
3207	0.08399999999999999
3208	0.183
3209	0.207
3210	0.241
3211	0.314
3212	0.384
3213	0.44
3214	0.491
3215	0.514
3216	0.531
3217	0.538
3218	0.543
3219	0.549
3220	0.548
3221	0.549
3222	0.48700000000000004
3223	0.31600000000000006
3224	0.2700000000000001
3225	0.22100000000000009
3226	0.1710000000000001
3227	0.1390000000000001
3228	0.1320000000000001
3229	0.15200000000000008
3230	0.18300000000000008
3231	0.24800000000000008
3232	0.2790000000000001
3233	0.31400000000000006
3234	0.35600000000000004
3235	0.40800000000000003
3236	0.445
3237	0.464
3238	0.496
3239	0.514
3240	0.531
3241	0.538
3242	0.543
3243	0.549
3244	0.548
3245	0.549
3246	0.48700000000000004
3247	0.31600000000000006
3248	0.2700000000000001
3249	0.22100000000000009
3250	0.1710000000000001
3251	0.1390000000000001
3252	0.1320000000000001
3253	0.15200000000000008
3254	0.18300000000000008
3255	0.24800000000000008
3256	0.2790000000000001
3257	0.31400000000000006
3258	0.35600000000000004
3259	0.40800000000000003
3260	0.445
3261	0.464
3262	0.496
3263	0.514
3264	0.519
3265	0.52
3266	0.521
3267	0.52
3268	0.52
3269	0.45
3270	0.232
3271	0.162
3272	0.126
3273	0.089
3274	0.04399999999999999
3275	0.016999999999999994
3276	0.006999999999999992
3277	-3.469446951953614e-18
3278	0.011
3279	0.08399999999999999
3280	0.183
3281	0.207
3282	0.241
3283	0.314
3284	0.384
3285	0.44
3286	0.491
3287	0.514
3288	0.519
3289	0.52
3290	0.521
3291	0.52
3292	0.52
3293	0.45
3294	0.232
3295	0.162
3296	0.126
3297	0.089
3298	0.04399999999999999
3299	0.016999999999999994
3300	0.006999999999999992
3301	-3.469446951953614e-18
3302	0.011
3303	0.08399999999999999
3304	0.183
3305	0.207
3306	0.241
3307	0.314
3308	0.384
3309	0.44
3310	0.491
3311	0.514
3312	0.519
3313	0.52
3314	0.521
3315	0.52
3316	0.52
3317	0.45
3318	0.232
3319	0.162
3320	0.126
3321	0.089
3322	0.04399999999999999
3323	0.016999999999999994
3324	0.006999999999999992
3325	-3.469446951953614e-18
3326	0.011
3327	0.08399999999999999
3328	0.183
3329	0.207
3330	0.241
3331	0.314
3332	0.384
3333	0.44
3334	0.491
3335	0.514
3336	0.519
3337	0.52
3338	0.521
3339	0.52
3340	0.52
3341	0.45
3342	0.232
3343	0.162
3344	0.126
3345	0.089
3346	0.04399999999999999
3347	0.016999999999999994
3348	0.006999999999999992
3349	-3.469446951953614e-18
3350	0.011
3351	0.08399999999999999
3352	0.183
3353	0.207
3354	0.241
3355	0.314
3356	0.384
3357	0.44
3358	0.491
3359	0.514
3360	0.519
3361	0.52
3362	0.521
3363	0.52
3364	0.52
3365	0.45
3366	0.232
3367	0.162
3368	0.126
3369	0.089
3370	0.04399999999999999
3371	0.016999999999999994
3372	0.006999999999999992
3373	-3.469446951953614e-18
3374	0.011
3375	0.08399999999999999
3376	0.183
3377	0.207
3378	0.241
3379	0.314
3380	0.384
3381	0.44
3382	0.491
3383	0.514
3384	0.531
3385	0.538
3386	0.543
3387	0.549
3388	0.548
3389	0.549
3390	0.48700000000000004
3391	0.31600000000000006
3392	0.2700000000000001
3393	0.22100000000000009
3394	0.1710000000000001
3395	0.1390000000000001
3396	0.1320000000000001
3397	0.15200000000000008
3398	0.18300000000000008
3399	0.24800000000000008
3400	0.2790000000000001
3401	0.31400000000000006
3402	0.35600000000000004
3403	0.40800000000000003
3404	0.445
3405	0.464
3406	0.496
3407	0.514
3408	0.531
3409	0.538
3410	0.543
3411	0.549
3412	0.548
3413	0.549
3414	0.48700000000000004
3415	0.31600000000000006
3416	0.2700000000000001
3417	0.22100000000000009
3418	0.1710000000000001
3419	0.1390000000000001
3420	0.1320000000000001
3421	0.15200000000000008
3422	0.18300000000000008
3423	0.24800000000000008
3424	0.2790000000000001
3425	0.31400000000000006
3426	0.35600000000000004
3427	0.40800000000000003
3428	0.445
3429	0.464
3430	0.496
3431	0.514
3432	0.519
3433	0.52
3434	0.521
3435	0.52
3436	0.52
3437	0.45
3438	0.232
3439	0.162
3440	0.126
3441	0.089
3442	0.04399999999999999
3443	0.016999999999999994
3444	0.006999999999999992
3445	-3.469446951953614e-18
3446	0.011
3447	0.08399999999999999
3448	0.183
3449	0.207
3450	0.241
3451	0.314
3452	0.384
3453	0.44
3454	0.491
3455	0.514
3456	0.519
3457	0.52
3458	0.521
3459	0.52
3460	0.52
3461	0.45
3462	0.232
3463	0.162
3464	0.126
3465	0.089
3466	0.04399999999999999
3467	0.016999999999999994
3468	0.006999999999999992
3469	-3.469446951953614e-18
3470	0.011
3471	0.08399999999999999
3472	0.183
3473	0.207
3474	0.241
3475	0.314
3476	0.384
3477	0.44
3478	0.491
3479	0.514
3480	0.519
3481	0.52
3482	0.521
3483	0.52
3484	0.52
3485	0.45
3486	0.232
3487	0.162
3488	0.126
3489	0.089
3490	0.04399999999999999
3491	0.016999999999999994
3492	0.006999999999999992
3493	-3.469446951953614e-18
3494	0.011
3495	0.08399999999999999
3496	0.183
3497	0.207
3498	0.241
3499	0.314
3500	0.384
3501	0.44
3502	0.491
3503	0.514
3504	0.519
3505	0.52
3506	0.521
3507	0.52
3508	0.52
3509	0.45
3510	0.232
3511	0.162
3512	0.126
3513	0.089
3514	0.04399999999999999
3515	0.016999999999999994
3516	0.006999999999999992
3517	-3.469446951953614e-18
3518	0.011
3519	0.08399999999999999
3520	0.183
3521	0.207
3522	0.241
3523	0.314
3524	0.384
3525	0.44
3526	0.491
3527	0.514
3528	0.519
3529	0.52
3530	0.521
3531	0.52
3532	0.52
3533	0.45
3534	0.232
3535	0.162
3536	0.126
3537	0.089
3538	0.04399999999999999
3539	0.016999999999999994
3540	0.006999999999999992
3541	-3.469446951953614e-18
3542	0.011
3543	0.08399999999999999
3544	0.183
3545	0.207
3546	0.241
3547	0.314
3548	0.384
3549	0.44
3550	0.491
3551	0.514
3552	0.531
3553	0.538
3554	0.543
3555	0.549
3556	0.548
3557	0.549
3558	0.48700000000000004
3559	0.31600000000000006
3560	0.2700000000000001
3561	0.22100000000000009
3562	0.1710000000000001
3563	0.1390000000000001
3564	0.1320000000000001
3565	0.15200000000000008
3566	0.18300000000000008
3567	0.24800000000000008
3568	0.2790000000000001
3569	0.31400000000000006
3570	0.35600000000000004
3571	0.40800000000000003
3572	0.445
3573	0.464
3574	0.496
3575	0.514
3576	0.531
3577	0.538
3578	0.543
3579	0.549
3580	0.548
3581	0.549
3582	0.48700000000000004
3583	0.31600000000000006
3584	0.2700000000000001
3585	0.22100000000000009
3586	0.1710000000000001
3587	0.1390000000000001
3588	0.1320000000000001
3589	0.15200000000000008
3590	0.18300000000000008
3591	0.24800000000000008
3592	0.2790000000000001
3593	0.31400000000000006
3594	0.35600000000000004
3595	0.40800000000000003
3596	0.445
3597	0.464
3598	0.496
3599	0.514
3600	0.519
3601	0.52
3602	0.521
3603	0.52
3604	0.52
3605	0.45
3606	0.232
3607	0.162
3608	0.126
3609	0.089
3610	0.04399999999999999
3611	0.016999999999999994
3612	0.006999999999999992
3613	-3.469446951953614e-18
3614	0.011
3615	0.08399999999999999
3616	0.183
3617	0.207
3618	0.241
3619	0.314
3620	0.384
3621	0.44
3622	0.491
3623	0.514
3624	0.519
3625	0.52
3626	0.521
3627	0.52
3628	0.52
3629	0.45
3630	0.232
3631	0.162
3632	0.126
3633	0.089
3634	0.04399999999999999
3635	0.016999999999999994
3636	0.006999999999999992
3637	-3.469446951953614e-18
3638	0.011
3639	0.08399999999999999
3640	0.183
3641	0.207
3642	0.241
3643	0.314
3644	0.384
3645	0.44
3646	0.491
3647	0.514
3648	0.519
3649	0.52
3650	0.521
3651	0.52
3652	0.52
3653	0.45
3654	0.232
3655	0.162
3656	0.126
3657	0.089
3658	0.04399999999999999
3659	0.016999999999999994
3660	0.006999999999999992
3661	-3.469446951953614e-18
3662	0.011
3663	0.08399999999999999
3664	0.183
3665	0.207
3666	0.241
3667	0.314
3668	0.384
3669	0.44
3670	0.491
3671	0.514
3672	0.519
3673	0.52
3674	0.521
3675	0.52
3676	0.52
3677	0.45
3678	0.232
3679	0.162
3680	0.126
3681	0.089
3682	0.04399999999999999
3683	0.016999999999999994
3684	0.006999999999999992
3685	-3.469446951953614e-18
3686	0.011
3687	0.08399999999999999
3688	0.183
3689	0.207
3690	0.241
3691	0.314
3692	0.384
3693	0.44
3694	0.491
3695	0.514
3696	0.519
3697	0.52
3698	0.521
3699	0.52
3700	0.52
3701	0.45
3702	0.232
3703	0.162
3704	0.126
3705	0.089
3706	0.04399999999999999
3707	0.016999999999999994
3708	0.006999999999999992
3709	-3.469446951953614e-18
3710	0.011
3711	0.08399999999999999
3712	0.183
3713	0.207
3714	0.241
3715	0.314
3716	0.384
3717	0.44
3718	0.491
3719	0.514
3720	0.531
3721	0.538
3722	0.543
3723	0.549
3724	0.548
3725	0.549
3726	0.48700000000000004
3727	0.31600000000000006
3728	0.2700000000000001
3729	0.22100000000000009
3730	0.1710000000000001
3731	0.1390000000000001
3732	0.1320000000000001
3733	0.15200000000000008
3734	0.18300000000000008
3735	0.24800000000000008
3736	0.2790000000000001
3737	0.31400000000000006
3738	0.35600000000000004
3739	0.40800000000000003
3740	0.445
3741	0.464
3742	0.496
3743	0.514
3744	0.531
3745	0.538
3746	0.543
3747	0.549
3748	0.548
3749	0.549
3750	0.48700000000000004
3751	0.31600000000000006
3752	0.2700000000000001
3753	0.22100000000000009
3754	0.1710000000000001
3755	0.1390000000000001
3756	0.1320000000000001
3757	0.15200000000000008
3758	0.18300000000000008
3759	0.24800000000000008
3760	0.2790000000000001
3761	0.31400000000000006
3762	0.35600000000000004
3763	0.40800000000000003
3764	0.445
3765	0.464
3766	0.496
3767	0.514
3768	0.519
3769	0.52
3770	0.521
3771	0.52
3772	0.52
3773	0.45
3774	0.232
3775	0.162
3776	0.126
3777	0.089
3778	0.04399999999999999
3779	0.016999999999999994
3780	0.006999999999999992
3781	-3.469446951953614e-18
3782	0.011
3783	0.08399999999999999
3784	0.183
3785	0.207
3786	0.241
3787	0.314
3788	0.384
3789	0.44
3790	0.491
3791	0.514
3792	0.519
3793	0.52
3794	0.521
3795	0.52
3796	0.52
3797	0.45
3798	0.232
3799	0.162
3800	0.126
3801	0.089
3802	0.04399999999999999
3803	0.016999999999999994
3804	0.006999999999999992
3805	-3.469446951953614e-18
3806	0.011
3807	0.08399999999999999
3808	0.183
3809	0.207
3810	0.241
3811	0.314
3812	0.384
3813	0.44
3814	0.491
3815	0.514
3816	0.519
3817	0.52
3818	0.521
3819	0.52
3820	0.52
3821	0.45
3822	0.232
3823	0.162
3824	0.126
3825	0.089
3826	0.04399999999999999
3827	0.016999999999999994
3828	0.006999999999999992
3829	-3.469446951953614e-18
3830	0.011
3831	0.08399999999999999
3832	0.183
3833	0.207
3834	0.241
3835	0.314
3836	0.384
3837	0.44
3838	0.491
3839	0.514
3840	0.519
3841	0.52
3842	0.521
3843	0.52
3844	0.52
3845	0.45
3846	0.232
3847	0.162
3848	0.126
3849	0.089
3850	0.04399999999999999
3851	0.016999999999999994
3852	0.006999999999999992
3853	-3.469446951953614e-18
3854	0.011
3855	0.08399999999999999
3856	0.183
3857	0.207
3858	0.241
3859	0.314
3860	0.384
3861	0.44
3862	0.491
3863	0.514
3864	0.519
3865	0.52
3866	0.521
3867	0.52
3868	0.52
3869	0.45
3870	0.232
3871	0.162
3872	0.126
3873	0.089
3874	0.04399999999999999
3875	0.016999999999999994
3876	0.006999999999999992
3877	-3.469446951953614e-18
3878	0.011
3879	0.08399999999999999
3880	0.183
3881	0.207
3882	0.241
3883	0.314
3884	0.384
3885	0.44
3886	0.491
3887	0.514
3888	0.531
3889	0.538
3890	0.543
3891	0.549
3892	0.548
3893	0.549
3894	0.48700000000000004
3895	0.31600000000000006
3896	0.2700000000000001
3897	0.22100000000000009
3898	0.1710000000000001
3899	0.1390000000000001
3900	0.1320000000000001
3901	0.15200000000000008
3902	0.18300000000000008
3903	0.24800000000000008
3904	0.2790000000000001
3905	0.31400000000000006
3906	0.35600000000000004
3907	0.40800000000000003
3908	0.445
3909	0.464
3910	0.496
3911	0.514
3912	0.531
3913	0.538
3914	0.543
3915	0.549
3916	0.548
3917	0.549
3918	0.48700000000000004
3919	0.31600000000000006
3920	0.2700000000000001
3921	0.22100000000000009
3922	0.1710000000000001
3923	0.1390000000000001
3924	0.1320000000000001
3925	0.15200000000000008
3926	0.18300000000000008
3927	0.24800000000000008
3928	0.2790000000000001
3929	0.31400000000000006
3930	0.35600000000000004
3931	0.40800000000000003
3932	0.445
3933	0.464
3934	0.496
3935	0.514
3936	0.519
3937	0.52
3938	0.521
3939	0.52
3940	0.52
3941	0.45
3942	0.232
3943	0.162
3944	0.126
3945	0.089
3946	0.04399999999999999
3947	0.016999999999999994
3948	0.006999999999999992
3949	-3.469446951953614e-18
3950	0.011
3951	0.08399999999999999
3952	0.183
3953	0.207
3954	0.241
3955	0.314
3956	0.384
3957	0.44
3958	0.491
3959	0.514
3960	0.519
3961	0.52
3962	0.521
3963	0.52
3964	0.52
3965	0.45
3966	0.232
3967	0.162
3968	0.126
3969	0.089
3970	0.04399999999999999
3971	0.016999999999999994
3972	0.006999999999999992
3973	-3.469446951953614e-18
3974	0.011
3975	0.08399999999999999
3976	0.183
3977	0.207
3978	0.241
3979	0.314
3980	0.384
3981	0.44
3982	0.491
3983	0.514
3984	0.519
3985	0.52
3986	0.521
3987	0.52
3988	0.52
3989	0.45
3990	0.232
3991	0.162
3992	0.126
3993	0.089
3994	0.04399999999999999
3995	0.016999999999999994
3996	0.006999999999999992
3997	-3.469446951953614e-18
3998	0.011
3999	0.08399999999999999
4000	0.183
4001	0.207
4002	0.241
4003	0.314
4004	0.384
4005	0.44
4006	0.491
4007	0.514
4008	0.519
4009	0.52
4010	0.521
4011	0.52
4012	0.52
4013	0.45
4014	0.232
4015	0.162
4016	0.126
4017	0.089
4018	0.04399999999999999
4019	0.016999999999999994
4020	0.006999999999999992
4021	-3.469446951953614e-18
4022	0.011
4023	0.08399999999999999
4024	0.183
4025	0.207
4026	0.241
4027	0.314
4028	0.384
4029	0.44
4030	0.491
4031	0.514
4032	0.519
4033	0.52
4034	0.521
4035	0.52
4036	0.52
4037	0.45
4038	0.232
4039	0.162
4040	0.126
4041	0.089
4042	0.04399999999999999
4043	0.016999999999999994
4044	0.006999999999999992
4045	-3.469446951953614e-18
4046	0.011
4047	0.08399999999999999
4048	0.183
4049	0.207
4050	0.241
4051	0.314
4052	0.384
4053	0.44
4054	0.491
4055	0.514
4056	0.531
4057	0.538
4058	0.543
4059	0.549
4060	0.548
4061	0.549
4062	0.48700000000000004
4063	0.31600000000000006
4064	0.2700000000000001
4065	0.22100000000000009
4066	0.1710000000000001
4067	0.1390000000000001
4068	0.1320000000000001
4069	0.15200000000000008
4070	0.18300000000000008
4071	0.24800000000000008
4072	0.2790000000000001
4073	0.31400000000000006
4074	0.35600000000000004
4075	0.40800000000000003
4076	0.445
4077	0.464
4078	0.496
4079	0.514
4080	0.531
4081	0.538
4082	0.543
4083	0.549
4084	0.548
4085	0.549
4086	0.48700000000000004
4087	0.31600000000000006
4088	0.2700000000000001
4089	0.22100000000000009
4090	0.1710000000000001
4091	0.1390000000000001
4092	0.1320000000000001
4093	0.15200000000000008
4094	0.18300000000000008
4095	0.24800000000000008
4096	0.2790000000000001
4097	0.31400000000000006
4098	0.35600000000000004
4099	0.40800000000000003
4100	0.445
4101	0.464
4102	0.496
4103	0.514
4104	0.519
4105	0.52
4106	0.521
4107	0.52
4108	0.52
4109	0.45
4110	0.232
4111	0.162
4112	0.126
4113	0.089
4114	0.04399999999999999
4115	0.016999999999999994
4116	0.006999999999999992
4117	-3.469446951953614e-18
4118	0.011
4119	0.08399999999999999
4120	0.183
4121	0.207
4122	0.241
4123	0.314
4124	0.384
4125	0.44
4126	0.491
4127	0.514
4128	0.519
4129	0.52
4130	0.521
4131	0.52
4132	0.52
4133	0.45
4134	0.232
4135	0.162
4136	0.126
4137	0.089
4138	0.04399999999999999
4139	0.016999999999999994
4140	0.006999999999999992
4141	-3.469446951953614e-18
4142	0.011
4143	0.08399999999999999
4144	0.183
4145	0.207
4146	0.241
4147	0.314
4148	0.384
4149	0.44
4150	0.491
4151	0.514
4152	0.519
4153	0.52
4154	0.521
4155	0.52
4156	0.52
4157	0.45
4158	0.232
4159	0.162
4160	0.126
4161	0.089
4162	0.04399999999999999
4163	0.016999999999999994
4164	0.006999999999999992
4165	-3.469446951953614e-18
4166	0.011
4167	0.08399999999999999
4168	0.183
4169	0.207
4170	0.241
4171	0.314
4172	0.384
4173	0.44
4174	0.491
4175	0.514
4176	0.519
4177	0.52
4178	0.521
4179	0.52
4180	0.52
4181	0.45
4182	0.232
4183	0.162
4184	0.126
4185	0.089
4186	0.04399999999999999
4187	0.016999999999999994
4188	0.006999999999999992
4189	-3.469446951953614e-18
4190	0.011
4191	0.08399999999999999
4192	0.183
4193	0.207
4194	0.241
4195	0.314
4196	0.384
4197	0.44
4198	0.491
4199	0.514
4200	0.519
4201	0.52
4202	0.521
4203	0.52
4204	0.52
4205	0.45
4206	0.232
4207	0.162
4208	0.126
4209	0.089
4210	0.04399999999999999
4211	0.016999999999999994
4212	0.006999999999999992
4213	-3.469446951953614e-18
4214	0.011
4215	0.08399999999999999
4216	0.183
4217	0.207
4218	0.241
4219	0.314
4220	0.384
4221	0.44
4222	0.491
4223	0.514
4224	0.531
4225	0.538
4226	0.543
4227	0.549
4228	0.548
4229	0.549
4230	0.48700000000000004
4231	0.31600000000000006
4232	0.2700000000000001
4233	0.22100000000000009
4234	0.1710000000000001
4235	0.1390000000000001
4236	0.1320000000000001
4237	0.15200000000000008
4238	0.18300000000000008
4239	0.24800000000000008
4240	0.2790000000000001
4241	0.31400000000000006
4242	0.35600000000000004
4243	0.40800000000000003
4244	0.445
4245	0.464
4246	0.496
4247	0.514
4248	0.531
4249	0.538
4250	0.543
4251	0.549
4252	0.548
4253	0.549
4254	0.48700000000000004
4255	0.31600000000000006
4256	0.2700000000000001
4257	0.22100000000000009
4258	0.1710000000000001
4259	0.1390000000000001
4260	0.1320000000000001
4261	0.15200000000000008
4262	0.18300000000000008
4263	0.24800000000000008
4264	0.2790000000000001
4265	0.31400000000000006
4266	0.35600000000000004
4267	0.40800000000000003
4268	0.445
4269	0.464
4270	0.496
4271	0.514
4272	0.519
4273	0.52
4274	0.521
4275	0.52
4276	0.52
4277	0.45
4278	0.232
4279	0.162
4280	0.126
4281	0.089
4282	0.04399999999999999
4283	0.016999999999999994
4284	0.006999999999999992
4285	-3.469446951953614e-18
4286	0.011
4287	0.08399999999999999
4288	0.183
4289	0.207
4290	0.241
4291	0.314
4292	0.384
4293	0.44
4294	0.491
4295	0.514
4296	0.519
4297	0.52
4298	0.521
4299	0.52
4300	0.52
4301	0.45
4302	0.232
4303	0.162
4304	0.126
4305	0.089
4306	0.04399999999999999
4307	0.016999999999999994
4308	0.006999999999999992
4309	-3.469446951953614e-18
4310	0.011
4311	0.08399999999999999
4312	0.183
4313	0.207
4314	0.241
4315	0.314
4316	0.384
4317	0.44
4318	0.491
4319	0.514
4320	0.519
4321	0.52
4322	0.521
4323	0.52
4324	0.52
4325	0.45
4326	0.232
4327	0.162
4328	0.126
4329	0.089
4330	0.04399999999999999
4331	0.016999999999999994
4332	0.006999999999999992
4333	-3.469446951953614e-18
4334	0.011
4335	0.08399999999999999
4336	0.183
4337	0.207
4338	0.241
4339	0.314
4340	0.384
4341	0.44
4342	0.491
4343	0.514
4344	0.519
4345	0.52
4346	0.521
4347	0.52
4348	0.52
4349	0.45
4350	0.232
4351	0.162
4352	0.126
4353	0.089
4354	0.04399999999999999
4355	0.016999999999999994
4356	0.006999999999999992
4357	-3.469446951953614e-18
4358	0.011
4359	0.08399999999999999
4360	0.183
4361	0.207
4362	0.241
4363	0.314
4364	0.384
4365	0.44
4366	0.491
4367	0.514
4368	0.519
4369	0.52
4370	0.521
4371	0.52
4372	0.52
4373	0.45
4374	0.232
4375	0.162
4376	0.126
4377	0.089
4378	0.04399999999999999
4379	0.016999999999999994
4380	0.006999999999999992
4381	-3.469446951953614e-18
4382	0.011
4383	0.08399999999999999
4384	0.183
4385	0.207
4386	0.241
4387	0.314
4388	0.384
4389	0.44
4390	0.491
4391	0.514
4392	0.531
4393	0.538
4394	0.543
4395	0.549
4396	0.548
4397	0.549
4398	0.48700000000000004
4399	0.31600000000000006
4400	0.2700000000000001
4401	0.22100000000000009
4402	0.1710000000000001
4403	0.1390000000000001
4404	0.1320000000000001
4405	0.15200000000000008
4406	0.18300000000000008
4407	0.24800000000000008
4408	0.2790000000000001
4409	0.31400000000000006
4410	0.35600000000000004
4411	0.40800000000000003
4412	0.445
4413	0.464
4414	0.496
4415	0.514
4416	0.531
4417	0.538
4418	0.543
4419	0.549
4420	0.548
4421	0.549
4422	0.48700000000000004
4423	0.31600000000000006
4424	0.2700000000000001
4425	0.22100000000000009
4426	0.1710000000000001
4427	0.1390000000000001
4428	0.1320000000000001
4429	0.15200000000000008
4430	0.18300000000000008
4431	0.24800000000000008
4432	0.2790000000000001
4433	0.31400000000000006
4434	0.35600000000000004
4435	0.40800000000000003
4436	0.445
4437	0.464
4438	0.496
4439	0.514
4440	0.519
4441	0.52
4442	0.521
4443	0.52
4444	0.52
4445	0.45
4446	0.232
4447	0.162
4448	0.126
4449	0.089
4450	0.04399999999999999
4451	0.016999999999999994
4452	0.006999999999999992
4453	-3.469446951953614e-18
4454	0.011
4455	0.08399999999999999
4456	0.183
4457	0.207
4458	0.241
4459	0.314
4460	0.384
4461	0.44
4462	0.491
4463	0.514
4464	0.519
4465	0.52
4466	0.521
4467	0.52
4468	0.52
4469	0.45
4470	0.232
4471	0.162
4472	0.126
4473	0.089
4474	0.04399999999999999
4475	0.016999999999999994
4476	0.006999999999999992
4477	-3.469446951953614e-18
4478	0.011
4479	0.08399999999999999
4480	0.183
4481	0.207
4482	0.241
4483	0.314
4484	0.384
4485	0.44
4486	0.491
4487	0.514
4488	0.519
4489	0.52
4490	0.521
4491	0.52
4492	0.52
4493	0.45
4494	0.232
4495	0.162
4496	0.126
4497	0.089
4498	0.04399999999999999
4499	0.016999999999999994
4500	0.006999999999999992
4501	-3.469446951953614e-18
4502	0.011
4503	0.08399999999999999
4504	0.183
4505	0.207
4506	0.241
4507	0.314
4508	0.384
4509	0.44
4510	0.491
4511	0.514
4512	0.519
4513	0.52
4514	0.521
4515	0.52
4516	0.52
4517	0.45
4518	0.232
4519	0.162
4520	0.126
4521	0.089
4522	0.04399999999999999
4523	0.016999999999999994
4524	0.006999999999999992
4525	-3.469446951953614e-18
4526	0.011
4527	0.08399999999999999
4528	0.183
4529	0.207
4530	0.241
4531	0.314
4532	0.384
4533	0.44
4534	0.491
4535	0.514
4536	0.519
4537	0.52
4538	0.521
4539	0.52
4540	0.52
4541	0.45
4542	0.232
4543	0.162
4544	0.126
4545	0.089
4546	0.04399999999999999
4547	0.016999999999999994
4548	0.006999999999999992
4549	-3.469446951953614e-18
4550	0.011
4551	0.08399999999999999
4552	0.183
4553	0.207
4554	0.241
4555	0.314
4556	0.384
4557	0.44
4558	0.491
4559	0.514
4560	0.531
4561	0.538
4562	0.543
4563	0.549
4564	0.548
4565	0.549
4566	0.48700000000000004
4567	0.31600000000000006
4568	0.2700000000000001
4569	0.22100000000000009
4570	0.1710000000000001
4571	0.1390000000000001
4572	0.1320000000000001
4573	0.15200000000000008
4574	0.18300000000000008
4575	0.24800000000000008
4576	0.2790000000000001
4577	0.31400000000000006
4578	0.35600000000000004
4579	0.40800000000000003
4580	0.445
4581	0.464
4582	0.496
4583	0.514
4584	0.531
4585	0.538
4586	0.543
4587	0.549
4588	0.548
4589	0.549
4590	0.48700000000000004
4591	0.31600000000000006
4592	0.2700000000000001
4593	0.22100000000000009
4594	0.1710000000000001
4595	0.1390000000000001
4596	0.1320000000000001
4597	0.15200000000000008
4598	0.18300000000000008
4599	0.24800000000000008
4600	0.2790000000000001
4601	0.31400000000000006
4602	0.35600000000000004
4603	0.40800000000000003
4604	0.445
4605	0.464
4606	0.496
4607	0.514
4608	0.519
4609	0.52
4610	0.521
4611	0.52
4612	0.52
4613	0.45
4614	0.232
4615	0.162
4616	0.126
4617	0.089
4618	0.04399999999999999
4619	0.016999999999999994
4620	0.006999999999999992
4621	-3.469446951953614e-18
4622	0.011
4623	0.08399999999999999
4624	0.183
4625	0.207
4626	0.241
4627	0.314
4628	0.384
4629	0.44
4630	0.491
4631	0.514
4632	0.519
4633	0.52
4634	0.521
4635	0.52
4636	0.52
4637	0.45
4638	0.232
4639	0.162
4640	0.126
4641	0.089
4642	0.04399999999999999
4643	0.016999999999999994
4644	0.006999999999999992
4645	-3.469446951953614e-18
4646	0.011
4647	0.08399999999999999
4648	0.183
4649	0.207
4650	0.241
4651	0.314
4652	0.384
4653	0.44
4654	0.491
4655	0.514
4656	0.519
4657	0.52
4658	0.521
4659	0.52
4660	0.52
4661	0.45
4662	0.232
4663	0.162
4664	0.126
4665	0.089
4666	0.04399999999999999
4667	0.016999999999999994
4668	0.006999999999999992
4669	-3.469446951953614e-18
4670	0.011
4671	0.08399999999999999
4672	0.183
4673	0.207
4674	0.241
4675	0.314
4676	0.384
4677	0.44
4678	0.491
4679	0.514
4680	0.519
4681	0.52
4682	0.521
4683	0.52
4684	0.52
4685	0.45
4686	0.232
4687	0.162
4688	0.126
4689	0.089
4690	0.04399999999999999
4691	0.016999999999999994
4692	0.006999999999999992
4693	-3.469446951953614e-18
4694	0.011
4695	0.08399999999999999
4696	0.183
4697	0.207
4698	0.241
4699	0.314
4700	0.384
4701	0.44
4702	0.491
4703	0.514
4704	0.519
4705	0.52
4706	0.521
4707	0.52
4708	0.52
4709	0.45
4710	0.232
4711	0.162
4712	0.126
4713	0.089
4714	0.04399999999999999
4715	0.016999999999999994
4716	0.006999999999999992
4717	-3.469446951953614e-18
4718	0.011
4719	0.08399999999999999
4720	0.183
4721	0.207
4722	0.241
4723	0.314
4724	0.384
4725	0.44
4726	0.491
4727	0.514
4728	0.531
4729	0.538
4730	0.543
4731	0.549
4732	0.548
4733	0.549
4734	0.48700000000000004
4735	0.31600000000000006
4736	0.2700000000000001
4737	0.22100000000000009
4738	0.1710000000000001
4739	0.1390000000000001
4740	0.1320000000000001
4741	0.15200000000000008
4742	0.18300000000000008
4743	0.24800000000000008
4744	0.2790000000000001
4745	0.31400000000000006
4746	0.35600000000000004
4747	0.40800000000000003
4748	0.445
4749	0.464
4750	0.496
4751	0.514
4752	0.531
4753	0.538
4754	0.543
4755	0.549
4756	0.548
4757	0.549
4758	0.48700000000000004
4759	0.31600000000000006
4760	0.2700000000000001
4761	0.22100000000000009
4762	0.1710000000000001
4763	0.1390000000000001
4764	0.1320000000000001
4765	0.15200000000000008
4766	0.18300000000000008
4767	0.24800000000000008
4768	0.2790000000000001
4769	0.31400000000000006
4770	0.35600000000000004
4771	0.40800000000000003
4772	0.445
4773	0.464
4774	0.496
4775	0.514
4776	0.519
4777	0.52
4778	0.521
4779	0.52
4780	0.52
4781	0.45
4782	0.232
4783	0.162
4784	0.126
4785	0.089
4786	0.04399999999999999
4787	0.016999999999999994
4788	0.006999999999999992
4789	-3.469446951953614e-18
4790	0.011
4791	0.08399999999999999
4792	0.183
4793	0.207
4794	0.241
4795	0.314
4796	0.384
4797	0.44
4798	0.491
4799	0.514
4800	0.519
4801	0.52
4802	0.521
4803	0.52
4804	0.52
4805	0.45
4806	0.232
4807	0.162
4808	0.126
4809	0.089
4810	0.04399999999999999
4811	0.016999999999999994
4812	0.006999999999999992
4813	-3.469446951953614e-18
4814	0.011
4815	0.08399999999999999
4816	0.183
4817	0.207
4818	0.241
4819	0.314
4820	0.384
4821	0.44
4822	0.491
4823	0.514
4824	0.519
4825	0.52
4826	0.521
4827	0.52
4828	0.52
4829	0.45
4830	0.232
4831	0.162
4832	0.126
4833	0.089
4834	0.04399999999999999
4835	0.016999999999999994
4836	0.006999999999999992
4837	-3.469446951953614e-18
4838	0.011
4839	0.08399999999999999
4840	0.183
4841	0.207
4842	0.241
4843	0.314
4844	0.384
4845	0.44
4846	0.491
4847	0.514
4848	0.519
4849	0.52
4850	0.521
4851	0.52
4852	0.52
4853	0.45
4854	0.232
4855	0.162
4856	0.126
4857	0.089
4858	0.04399999999999999
4859	0.016999999999999994
4860	0.006999999999999992
4861	-3.469446951953614e-18
4862	0.011
4863	0.08399999999999999
4864	0.183
4865	0.207
4866	0.241
4867	0.314
4868	0.384
4869	0.44
4870	0.491
4871	0.514
4872	0.519
4873	0.52
4874	0.521
4875	0.52
4876	0.52
4877	0.45
4878	0.232
4879	0.162
4880	0.126
4881	0.089
4882	0.04399999999999999
4883	0.016999999999999994
4884	0.006999999999999992
4885	-3.469446951953614e-18
4886	0.011
4887	0.08399999999999999
4888	0.183
4889	0.207
4890	0.241
4891	0.314
4892	0.384
4893	0.44
4894	0.491
4895	0.514
4896	0.531
4897	0.538
4898	0.543
4899	0.549
4900	0.548
4901	0.549
4902	0.48700000000000004
4903	0.31600000000000006
4904	0.2700000000000001
4905	0.22100000000000009
4906	0.1710000000000001
4907	0.1390000000000001
4908	0.1320000000000001
4909	0.15200000000000008
4910	0.18300000000000008
4911	0.24800000000000008
4912	0.2790000000000001
4913	0.31400000000000006
4914	0.35600000000000004
4915	0.40800000000000003
4916	0.445
4917	0.464
4918	0.496
4919	0.514
4920	0.531
4921	0.538
4922	0.543
4923	0.549
4924	0.548
4925	0.549
4926	0.48700000000000004
4927	0.31600000000000006
4928	0.2700000000000001
4929	0.22100000000000009
4930	0.1710000000000001
4931	0.1390000000000001
4932	0.1320000000000001
4933	0.15200000000000008
4934	0.18300000000000008
4935	0.24800000000000008
4936	0.2790000000000001
4937	0.31400000000000006
4938	0.35600000000000004
4939	0.40800000000000003
4940	0.445
4941	0.464
4942	0.496
4943	0.514
4944	0.519
4945	0.52
4946	0.521
4947	0.52
4948	0.52
4949	0.45
4950	0.232
4951	0.162
4952	0.126
4953	0.089
4954	0.04399999999999999
4955	0.016999999999999994
4956	0.006999999999999992
4957	-3.469446951953614e-18
4958	0.011
4959	0.08399999999999999
4960	0.183
4961	0.207
4962	0.241
4963	0.314
4964	0.384
4965	0.44
4966	0.491
4967	0.514
4968	0.519
4969	0.52
4970	0.521
4971	0.52
4972	0.52
4973	0.45
4974	0.232
4975	0.162
4976	0.126
4977	0.089
4978	0.04399999999999999
4979	0.016999999999999994
4980	0.006999999999999992
4981	-3.469446951953614e-18
4982	0.011
4983	0.08399999999999999
4984	0.183
4985	0.207
4986	0.241
4987	0.314
4988	0.384
4989	0.44
4990	0.491
4991	0.514
4992	0.519
4993	0.52
4994	0.521
4995	0.52
4996	0.52
4997	0.45
4998	0.232
4999	0.162
5000	0.126
5001	0.089
5002	0.04399999999999999
5003	0.016999999999999994
5004	0.006999999999999992
5005	-3.469446951953614e-18
5006	0.011
5007	0.08399999999999999
5008	0.183
5009	0.207
5010	0.241
5011	0.314
5012	0.384
5013	0.44
5014	0.491
5015	0.514
5016	0.519
5017	0.52
5018	0.521
5019	0.52
5020	0.52
5021	0.45
5022	0.232
5023	0.162
5024	0.126
5025	0.089
5026	0.04399999999999999
5027	0.016999999999999994
5028	0.006999999999999992
5029	-3.469446951953614e-18
5030	0.011
5031	0.08399999999999999
5032	0.183
5033	0.207
5034	0.241
5035	0.314
5036	0.384
5037	0.44
5038	0.491
5039	0.514
5040	0.519
5041	0.52
5042	0.521
5043	0.52
5044	0.52
5045	0.45
5046	0.232
5047	0.162
5048	0.126
5049	0.089
5050	0.04399999999999999
5051	0.016999999999999994
5052	0.006999999999999992
5053	-3.469446951953614e-18
5054	0.011
5055	0.08399999999999999
5056	0.183
5057	0.207
5058	0.241
5059	0.314
5060	0.384
5061	0.44
5062	0.491
5063	0.514
5064	0.531
5065	0.538
5066	0.543
5067	0.549
5068	0.548
5069	0.549
5070	0.48700000000000004
5071	0.31600000000000006
5072	0.2700000000000001
5073	0.22100000000000009
5074	0.1710000000000001
5075	0.1390000000000001
5076	0.1320000000000001
5077	0.15200000000000008
5078	0.18300000000000008
5079	0.24800000000000008
5080	0.2790000000000001
5081	0.31400000000000006
5082	0.35600000000000004
5083	0.40800000000000003
5084	0.445
5085	0.464
5086	0.496
5087	0.514
5088	0.531
5089	0.538
5090	0.543
5091	0.549
5092	0.548
5093	0.549
5094	0.48700000000000004
5095	0.31600000000000006
5096	0.2700000000000001
5097	0.22100000000000009
5098	0.1710000000000001
5099	0.1390000000000001
5100	0.1320000000000001
5101	0.15200000000000008
5102	0.18300000000000008
5103	0.24800000000000008
5104	0.2790000000000001
5105	0.31400000000000006
5106	0.35600000000000004
5107	0.40800000000000003
5108	0.445
5109	0.464
5110	0.496
5111	0.514
5112	0.519
5113	0.52
5114	0.521
5115	0.52
5116	0.52
5117	0.45
5118	0.232
5119	0.162
5120	0.126
5121	0.089
5122	0.04399999999999999
5123	0.016999999999999994
5124	0.006999999999999992
5125	-3.469446951953614e-18
5126	0.011
5127	0.08399999999999999
5128	0.183
5129	0.207
5130	0.241
5131	0.314
5132	0.384
5133	0.44
5134	0.491
5135	0.514
5136	0.519
5137	0.52
5138	0.521
5139	0.52
5140	0.52
5141	0.45
5142	0.232
5143	0.162
5144	0.126
5145	0.089
5146	0.04399999999999999
5147	0.016999999999999994
5148	0.006999999999999992
5149	-3.469446951953614e-18
5150	0.011
5151	0.08399999999999999
5152	0.183
5153	0.207
5154	0.241
5155	0.314
5156	0.384
5157	0.44
5158	0.491
5159	0.514
5160	0.519
5161	0.52
5162	0.521
5163	0.52
5164	0.52
5165	0.45
5166	0.232
5167	0.162
5168	0.126
5169	0.089
5170	0.04399999999999999
5171	0.016999999999999994
5172	0.006999999999999992
5173	-3.469446951953614e-18
5174	0.011
5175	0.08399999999999999
5176	0.183
5177	0.207
5178	0.241
5179	0.314
5180	0.384
5181	0.44
5182	0.491
5183	0.514
5184	0.519
5185	0.52
5186	0.521
5187	0.52
5188	0.52
5189	0.45
5190	0.232
5191	0.162
5192	0.126
5193	0.089
5194	0.04399999999999999
5195	0.016999999999999994
5196	0.006999999999999992
5197	-3.469446951953614e-18
5198	0.011
5199	0.08399999999999999
5200	0.183
5201	0.207
5202	0.241
5203	0.314
5204	0.384
5205	0.44
5206	0.491
5207	0.514
5208	0.519
5209	0.52
5210	0.521
5211	0.52
5212	0.52
5213	0.45
5214	0.232
5215	0.162
5216	0.126
5217	0.089
5218	0.04399999999999999
5219	0.016999999999999994
5220	0.006999999999999992
5221	-3.469446951953614e-18
5222	0.011
5223	0.08399999999999999
5224	0.183
5225	0.207
5226	0.241
5227	0.314
5228	0.384
5229	0.44
5230	0.491
5231	0.514
5232	0.531
5233	0.538
5234	0.543
5235	0.549
5236	0.548
5237	0.549
5238	0.48700000000000004
5239	0.31600000000000006
5240	0.2700000000000001
5241	0.22100000000000009
5242	0.1710000000000001
5243	0.1390000000000001
5244	0.1320000000000001
5245	0.15200000000000008
5246	0.18300000000000008
5247	0.24800000000000008
5248	0.2790000000000001
5249	0.31400000000000006
5250	0.35600000000000004
5251	0.40800000000000003
5252	0.445
5253	0.464
5254	0.496
5255	0.514
5256	0.531
5257	0.538
5258	0.543
5259	0.549
5260	0.548
5261	0.549
5262	0.48700000000000004
5263	0.31600000000000006
5264	0.2700000000000001
5265	0.22100000000000009
5266	0.1710000000000001
5267	0.1390000000000001
5268	0.1320000000000001
5269	0.15200000000000008
5270	0.18300000000000008
5271	0.24800000000000008
5272	0.2790000000000001
5273	0.31400000000000006
5274	0.35600000000000004
5275	0.40800000000000003
5276	0.445
5277	0.464
5278	0.496
5279	0.514
5280	0.519
5281	0.52
5282	0.521
5283	0.52
5284	0.52
5285	0.45
5286	0.232
5287	0.162
5288	0.126
5289	0.089
5290	0.04399999999999999
5291	0.016999999999999994
5292	0.006999999999999992
5293	-3.469446951953614e-18
5294	0.011
5295	0.08399999999999999
5296	0.183
5297	0.207
5298	0.241
5299	0.314
5300	0.384
5301	0.44
5302	0.491
5303	0.514
5304	0.519
5305	0.52
5306	0.521
5307	0.52
5308	0.52
5309	0.45
5310	0.232
5311	0.162
5312	0.126
5313	0.089
5314	0.04399999999999999
5315	0.016999999999999994
5316	0.006999999999999992
5317	-3.469446951953614e-18
5318	0.011
5319	0.08399999999999999
5320	0.183
5321	0.207
5322	0.241
5323	0.314
5324	0.384
5325	0.44
5326	0.491
5327	0.514
5328	0.519
5329	0.52
5330	0.521
5331	0.52
5332	0.52
5333	0.45
5334	0.232
5335	0.162
5336	0.126
5337	0.089
5338	0.04399999999999999
5339	0.016999999999999994
5340	0.006999999999999992
5341	-3.469446951953614e-18
5342	0.011
5343	0.08399999999999999
5344	0.183
5345	0.207
5346	0.241
5347	0.314
5348	0.384
5349	0.44
5350	0.491
5351	0.514
5352	0.519
5353	0.52
5354	0.521
5355	0.52
5356	0.52
5357	0.45
5358	0.232
5359	0.162
5360	0.126
5361	0.089
5362	0.04399999999999999
5363	0.016999999999999994
5364	0.006999999999999992
5365	-3.469446951953614e-18
5366	0.011
5367	0.08399999999999999
5368	0.183
5369	0.207
5370	0.241
5371	0.314
5372	0.384
5373	0.44
5374	0.491
5375	0.514
5376	0.519
5377	0.52
5378	0.521
5379	0.52
5380	0.52
5381	0.45
5382	0.232
5383	0.162
5384	0.126
5385	0.089
5386	0.04399999999999999
5387	0.016999999999999994
5388	0.006999999999999992
5389	-3.469446951953614e-18
5390	0.011
5391	0.08399999999999999
5392	0.183
5393	0.207
5394	0.241
5395	0.314
5396	0.384
5397	0.44
5398	0.491
5399	0.514
5400	0.531
5401	0.538
5402	0.543
5403	0.549
5404	0.548
5405	0.549
5406	0.48700000000000004
5407	0.31600000000000006
5408	0.2700000000000001
5409	0.22100000000000009
5410	0.1710000000000001
5411	0.1390000000000001
5412	0.1320000000000001
5413	0.15200000000000008
5414	0.18300000000000008
5415	0.24800000000000008
5416	0.2790000000000001
5417	0.31400000000000006
5418	0.35600000000000004
5419	0.40800000000000003
5420	0.445
5421	0.464
5422	0.496
5423	0.514
5424	0.531
5425	0.538
5426	0.543
5427	0.549
5428	0.548
5429	0.549
5430	0.48700000000000004
5431	0.31600000000000006
5432	0.2700000000000001
5433	0.22100000000000009
5434	0.1710000000000001
5435	0.1390000000000001
5436	0.1320000000000001
5437	0.15200000000000008
5438	0.18300000000000008
5439	0.24800000000000008
5440	0.2790000000000001
5441	0.31400000000000006
5442	0.35600000000000004
5443	0.40800000000000003
5444	0.445
5445	0.464
5446	0.496
5447	0.514
5448	0.519
5449	0.52
5450	0.521
5451	0.52
5452	0.52
5453	0.45
5454	0.232
5455	0.162
5456	0.126
5457	0.089
5458	0.04399999999999999
5459	0.016999999999999994
5460	0.006999999999999992
5461	-3.469446951953614e-18
5462	0.011
5463	0.08399999999999999
5464	0.183
5465	0.207
5466	0.241
5467	0.314
5468	0.384
5469	0.44
5470	0.491
5471	0.514
5472	0.519
5473	0.52
5474	0.521
5475	0.52
5476	0.52
5477	0.45
5478	0.232
5479	0.162
5480	0.126
5481	0.089
5482	0.04399999999999999
5483	0.016999999999999994
5484	0.006999999999999992
5485	-3.469446951953614e-18
5486	0.011
5487	0.08399999999999999
5488	0.183
5489	0.207
5490	0.241
5491	0.314
5492	0.384
5493	0.44
5494	0.491
5495	0.514
5496	0.519
5497	0.52
5498	0.521
5499	0.52
5500	0.52
5501	0.45
5502	0.232
5503	0.162
5504	0.126
5505	0.089
5506	0.04399999999999999
5507	0.016999999999999994
5508	0.006999999999999992
5509	-3.469446951953614e-18
5510	0.011
5511	0.08399999999999999
5512	0.183
5513	0.207
5514	0.241
5515	0.314
5516	0.384
5517	0.44
5518	0.491
5519	0.514
5520	0.519
5521	0.52
5522	0.521
5523	0.52
5524	0.52
5525	0.45
5526	0.232
5527	0.162
5528	0.126
5529	0.089
5530	0.04399999999999999
5531	0.016999999999999994
5532	0.006999999999999992
5533	-3.469446951953614e-18
5534	0.011
5535	0.08399999999999999
5536	0.183
5537	0.207
5538	0.241
5539	0.314
5540	0.384
5541	0.44
5542	0.491
5543	0.514
5544	0.519
5545	0.52
5546	0.521
5547	0.52
5548	0.52
5549	0.45
5550	0.232
5551	0.162
5552	0.126
5553	0.089
5554	0.04399999999999999
5555	0.016999999999999994
5556	0.006999999999999992
5557	-3.469446951953614e-18
5558	0.011
5559	0.08399999999999999
5560	0.183
5561	0.207
5562	0.241
5563	0.314
5564	0.384
5565	0.44
5566	0.491
5567	0.514
5568	0.531
5569	0.538
5570	0.543
5571	0.549
5572	0.548
5573	0.549
5574	0.48700000000000004
5575	0.31600000000000006
5576	0.2700000000000001
5577	0.22100000000000009
5578	0.1710000000000001
5579	0.1390000000000001
5580	0.1320000000000001
5581	0.15200000000000008
5582	0.18300000000000008
5583	0.24800000000000008
5584	0.2790000000000001
5585	0.31400000000000006
5586	0.35600000000000004
5587	0.40800000000000003
5588	0.445
5589	0.464
5590	0.496
5591	0.514
5592	0.531
5593	0.538
5594	0.543
5595	0.549
5596	0.548
5597	0.549
5598	0.48700000000000004
5599	0.31600000000000006
5600	0.2700000000000001
5601	0.22100000000000009
5602	0.1710000000000001
5603	0.1390000000000001
5604	0.1320000000000001
5605	0.15200000000000008
5606	0.18300000000000008
5607	0.24800000000000008
5608	0.2790000000000001
5609	0.31400000000000006
5610	0.35600000000000004
5611	0.40800000000000003
5612	0.445
5613	0.464
5614	0.496
5615	0.514
5616	0.519
5617	0.52
5618	0.521
5619	0.52
5620	0.52
5621	0.45
5622	0.232
5623	0.162
5624	0.126
5625	0.089
5626	0.04399999999999999
5627	0.016999999999999994
5628	0.006999999999999992
5629	-3.469446951953614e-18
5630	0.011
5631	0.08399999999999999
5632	0.183
5633	0.207
5634	0.241
5635	0.314
5636	0.384
5637	0.44
5638	0.491
5639	0.514
5640	0.519
5641	0.52
5642	0.521
5643	0.52
5644	0.52
5645	0.45
5646	0.232
5647	0.162
5648	0.126
5649	0.089
5650	0.04399999999999999
5651	0.016999999999999994
5652	0.006999999999999992
5653	-3.469446951953614e-18
5654	0.011
5655	0.08399999999999999
5656	0.183
5657	0.207
5658	0.241
5659	0.314
5660	0.384
5661	0.44
5662	0.491
5663	0.514
5664	0.519
5665	0.52
5666	0.521
5667	0.52
5668	0.52
5669	0.45
5670	0.232
5671	0.162
5672	0.126
5673	0.089
5674	0.04399999999999999
5675	0.016999999999999994
5676	0.006999999999999992
5677	-3.469446951953614e-18
5678	0.011
5679	0.08399999999999999
5680	0.183
5681	0.207
5682	0.241
5683	0.314
5684	0.384
5685	0.44
5686	0.491
5687	0.514
5688	0.519
5689	0.52
5690	0.521
5691	0.52
5692	0.52
5693	0.45
5694	0.232
5695	0.162
5696	0.126
5697	0.089
5698	0.04399999999999999
5699	0.016999999999999994
5700	0.006999999999999992
5701	-3.469446951953614e-18
5702	0.011
5703	0.08399999999999999
5704	0.183
5705	0.207
5706	0.241
5707	0.314
5708	0.384
5709	0.44
5710	0.491
5711	0.514
5712	0.519
5713	0.52
5714	0.521
5715	0.52
5716	0.52
5717	0.45
5718	0.232
5719	0.162
5720	0.126
5721	0.089
5722	0.04399999999999999
5723	0.016999999999999994
5724	0.006999999999999992
5725	-3.469446951953614e-18
5726	0.011
5727	0.08399999999999999
5728	0.183
5729	0.207
5730	0.241
5731	0.314
5732	0.384
5733	0.44
5734	0.491
5735	0.514
5736	0.531
5737	0.538
5738	0.543
5739	0.549
5740	0.548
5741	0.549
5742	0.48700000000000004
5743	0.31600000000000006
5744	0.2700000000000001
5745	0.22100000000000009
5746	0.1710000000000001
5747	0.1390000000000001
5748	0.1320000000000001
5749	0.15200000000000008
5750	0.18300000000000008
5751	0.24800000000000008
5752	0.2790000000000001
5753	0.31400000000000006
5754	0.35600000000000004
5755	0.40800000000000003
5756	0.445
5757	0.464
5758	0.496
5759	0.514
5760	0.531
5761	0.538
5762	0.543
5763	0.549
5764	0.548
5765	0.549
5766	0.48700000000000004
5767	0.31600000000000006
5768	0.2700000000000001
5769	0.22100000000000009
5770	0.1710000000000001
5771	0.1390000000000001
5772	0.1320000000000001
5773	0.15200000000000008
5774	0.18300000000000008
5775	0.24800000000000008
5776	0.2790000000000001
5777	0.31400000000000006
5778	0.35600000000000004
5779	0.40800000000000003
5780	0.445
5781	0.464
5782	0.496
5783	0.514
5784	0.519
5785	0.52
5786	0.521
5787	0.52
5788	0.52
5789	0.45
5790	0.232
5791	0.162
5792	0.126
5793	0.089
5794	0.04399999999999999
5795	0.016999999999999994
5796	0.006999999999999992
5797	-3.469446951953614e-18
5798	0.011
5799	0.08399999999999999
5800	0.183
5801	0.207
5802	0.241
5803	0.314
5804	0.384
5805	0.44
5806	0.491
5807	0.514
5808	0.519
5809	0.52
5810	0.521
5811	0.52
5812	0.52
5813	0.45
5814	0.232
5815	0.162
5816	0.126
5817	0.089
5818	0.04399999999999999
5819	0.016999999999999994
5820	0.006999999999999992
5821	-3.469446951953614e-18
5822	0.011
5823	0.08399999999999999
5824	0.183
5825	0.207
5826	0.241
5827	0.314
5828	0.384
5829	0.44
5830	0.491
5831	0.514
5832	0.519
5833	0.52
5834	0.521
5835	0.52
5836	0.52
5837	0.45
5838	0.232
5839	0.162
5840	0.126
5841	0.089
5842	0.04399999999999999
5843	0.016999999999999994
5844	0.006999999999999992
5845	-3.469446951953614e-18
5846	0.011
5847	0.08399999999999999
5848	0.183
5849	0.207
5850	0.241
5851	0.314
5852	0.384
5853	0.44
5854	0.491
5855	0.514
5856	0.519
5857	0.52
5858	0.521
5859	0.52
5860	0.52
5861	0.45
5862	0.232
5863	0.162
5864	0.126
5865	0.089
5866	0.04399999999999999
5867	0.016999999999999994
5868	0.006999999999999992
5869	-3.469446951953614e-18
5870	0.011
5871	0.08399999999999999
5872	0.183
5873	0.207
5874	0.241
5875	0.314
5876	0.384
5877	0.44
5878	0.491
5879	0.514
5880	0.519
5881	0.52
5882	0.521
5883	0.52
5884	0.52
5885	0.45
5886	0.232
5887	0.162
5888	0.126
5889	0.089
5890	0.04399999999999999
5891	0.016999999999999994
5892	0.006999999999999992
5893	-3.469446951953614e-18
5894	0.011
5895	0.08399999999999999
5896	0.183
5897	0.207
5898	0.241
5899	0.314
5900	0.384
5901	0.44
5902	0.491
5903	0.514
5904	0.531
5905	0.538
5906	0.543
5907	0.549
5908	0.548
5909	0.549
5910	0.48700000000000004
5911	0.31600000000000006
5912	0.2700000000000001
5913	0.22100000000000009
5914	0.1710000000000001
5915	0.1390000000000001
5916	0.1320000000000001
5917	0.15200000000000008
5918	0.18300000000000008
5919	0.24800000000000008
5920	0.2790000000000001
5921	0.31400000000000006
5922	0.35600000000000004
5923	0.40800000000000003
5924	0.445
5925	0.464
5926	0.496
5927	0.514
5928	0.531
5929	0.538
5930	0.543
5931	0.549
5932	0.548
5933	0.549
5934	0.48700000000000004
5935	0.31600000000000006
5936	0.2700000000000001
5937	0.22100000000000009
5938	0.1710000000000001
5939	0.1390000000000001
5940	0.1320000000000001
5941	0.15200000000000008
5942	0.18300000000000008
5943	0.24800000000000008
5944	0.2790000000000001
5945	0.31400000000000006
5946	0.35600000000000004
5947	0.40800000000000003
5948	0.445
5949	0.464
5950	0.496
5951	0.514
5952	0.519
5953	0.52
5954	0.521
5955	0.52
5956	0.52
5957	0.45
5958	0.232
5959	0.162
5960	0.126
5961	0.089
5962	0.04399999999999999
5963	0.016999999999999994
5964	0.006999999999999992
5965	-3.469446951953614e-18
5966	0.011
5967	0.08399999999999999
5968	0.183
5969	0.207
5970	0.241
5971	0.314
5972	0.384
5973	0.44
5974	0.491
5975	0.514
5976	0.519
5977	0.52
5978	0.521
5979	0.52
5980	0.52
5981	0.45
5982	0.232
5983	0.162
5984	0.126
5985	0.089
5986	0.04399999999999999
5987	0.016999999999999994
5988	0.006999999999999992
5989	-3.469446951953614e-18
5990	0.011
5991	0.08399999999999999
5992	0.183
5993	0.207
5994	0.241
5995	0.314
5996	0.384
5997	0.44
5998	0.491
5999	0.514
6000	0.519
6001	0.52
6002	0.521
6003	0.52
6004	0.52
6005	0.45
6006	0.232
6007	0.162
6008	0.126
6009	0.089
6010	0.04399999999999999
6011	0.016999999999999994
6012	0.006999999999999992
6013	-3.469446951953614e-18
6014	0.011
6015	0.08399999999999999
6016	0.183
6017	0.207
6018	0.241
6019	0.314
6020	0.384
6021	0.44
6022	0.491
6023	0.514
6024	0.519
6025	0.52
6026	0.521
6027	0.52
6028	0.52
6029	0.45
6030	0.232
6031	0.162
6032	0.126
6033	0.089
6034	0.04399999999999999
6035	0.016999999999999994
6036	0.006999999999999992
6037	-3.469446951953614e-18
6038	0.011
6039	0.08399999999999999
6040	0.183
6041	0.207
6042	0.241
6043	0.314
6044	0.384
6045	0.44
6046	0.491
6047	0.514
6048	0.519
6049	0.52
6050	0.521
6051	0.52
6052	0.52
6053	0.45
6054	0.232
6055	0.162
6056	0.126
6057	0.089
6058	0.04399999999999999
6059	0.016999999999999994
6060	0.006999999999999992
6061	-3.469446951953614e-18
6062	0.011
6063	0.08399999999999999
6064	0.183
6065	0.207
6066	0.241
6067	0.314
6068	0.384
6069	0.44
6070	0.491
6071	0.514
6072	0.531
6073	0.538
6074	0.543
6075	0.549
6076	0.548
6077	0.549
6078	0.48700000000000004
6079	0.31600000000000006
6080	0.2700000000000001
6081	0.22100000000000009
6082	0.1710000000000001
6083	0.1390000000000001
6084	0.1320000000000001
6085	0.15200000000000008
6086	0.18300000000000008
6087	0.24800000000000008
6088	0.2790000000000001
6089	0.31400000000000006
6090	0.35600000000000004
6091	0.40800000000000003
6092	0.445
6093	0.464
6094	0.496
6095	0.514
6096	0.531
6097	0.538
6098	0.543
6099	0.549
6100	0.548
6101	0.549
6102	0.48700000000000004
6103	0.31600000000000006
6104	0.2700000000000001
6105	0.22100000000000009
6106	0.1710000000000001
6107	0.1390000000000001
6108	0.1320000000000001
6109	0.15200000000000008
6110	0.18300000000000008
6111	0.24800000000000008
6112	0.2790000000000001
6113	0.31400000000000006
6114	0.35600000000000004
6115	0.40800000000000003
6116	0.445
6117	0.464
6118	0.496
6119	0.514
6120	0.519
6121	0.52
6122	0.521
6123	0.52
6124	0.52
6125	0.45
6126	0.232
6127	0.162
6128	0.126
6129	0.089
6130	0.04399999999999999
6131	0.016999999999999994
6132	0.006999999999999992
6133	-3.469446951953614e-18
6134	0.011
6135	0.08399999999999999
6136	0.183
6137	0.207
6138	0.241
6139	0.314
6140	0.384
6141	0.44
6142	0.491
6143	0.514
6144	0.519
6145	0.52
6146	0.521
6147	0.52
6148	0.52
6149	0.45
6150	0.232
6151	0.162
6152	0.126
6153	0.089
6154	0.04399999999999999
6155	0.016999999999999994
6156	0.006999999999999992
6157	-3.469446951953614e-18
6158	0.011
6159	0.08399999999999999
6160	0.183
6161	0.207
6162	0.241
6163	0.314
6164	0.384
6165	0.44
6166	0.491
6167	0.514
6168	0.519
6169	0.52
6170	0.521
6171	0.52
6172	0.52
6173	0.45
6174	0.232
6175	0.162
6176	0.126
6177	0.089
6178	0.04399999999999999
6179	0.016999999999999994
6180	0.006999999999999992
6181	-3.469446951953614e-18
6182	0.011
6183	0.08399999999999999
6184	0.183
6185	0.207
6186	0.241
6187	0.314
6188	0.384
6189	0.44
6190	0.491
6191	0.514
6192	0.519
6193	0.52
6194	0.521
6195	0.52
6196	0.52
6197	0.45
6198	0.232
6199	0.162
6200	0.126
6201	0.089
6202	0.04399999999999999
6203	0.016999999999999994
6204	0.006999999999999992
6205	-3.469446951953614e-18
6206	0.011
6207	0.08399999999999999
6208	0.183
6209	0.207
6210	0.241
6211	0.314
6212	0.384
6213	0.44
6214	0.491
6215	0.514
6216	0.519
6217	0.52
6218	0.521
6219	0.52
6220	0.52
6221	0.45
6222	0.232
6223	0.162
6224	0.126
6225	0.089
6226	0.04399999999999999
6227	0.016999999999999994
6228	0.006999999999999992
6229	-3.469446951953614e-18
6230	0.011
6231	0.08399999999999999
6232	0.183
6233	0.207
6234	0.241
6235	0.314
6236	0.384
6237	0.44
6238	0.491
6239	0.514
6240	0.531
6241	0.538
6242	0.543
6243	0.549
6244	0.548
6245	0.549
6246	0.48700000000000004
6247	0.31600000000000006
6248	0.2700000000000001
6249	0.22100000000000009
6250	0.1710000000000001
6251	0.1390000000000001
6252	0.1320000000000001
6253	0.15200000000000008
6254	0.18300000000000008
6255	0.24800000000000008
6256	0.2790000000000001
6257	0.31400000000000006
6258	0.35600000000000004
6259	0.40800000000000003
6260	0.445
6261	0.464
6262	0.496
6263	0.514
6264	0.531
6265	0.538
6266	0.543
6267	0.549
6268	0.548
6269	0.549
6270	0.48700000000000004
6271	0.31600000000000006
6272	0.2700000000000001
6273	0.22100000000000009
6274	0.1710000000000001
6275	0.1390000000000001
6276	0.1320000000000001
6277	0.15200000000000008
6278	0.18300000000000008
6279	0.24800000000000008
6280	0.2790000000000001
6281	0.31400000000000006
6282	0.35600000000000004
6283	0.40800000000000003
6284	0.445
6285	0.464
6286	0.496
6287	0.514
6288	0.519
6289	0.52
6290	0.521
6291	0.52
6292	0.52
6293	0.45
6294	0.232
6295	0.162
6296	0.126
6297	0.089
6298	0.04399999999999999
6299	0.016999999999999994
6300	0.006999999999999992
6301	-3.469446951953614e-18
6302	0.011
6303	0.08399999999999999
6304	0.183
6305	0.207
6306	0.241
6307	0.314
6308	0.384
6309	0.44
6310	0.491
6311	0.514
6312	0.519
6313	0.52
6314	0.521
6315	0.52
6316	0.52
6317	0.45
6318	0.232
6319	0.162
6320	0.126
6321	0.089
6322	0.04399999999999999
6323	0.016999999999999994
6324	0.006999999999999992
6325	-3.469446951953614e-18
6326	0.011
6327	0.08399999999999999
6328	0.183
6329	0.207
6330	0.241
6331	0.314
6332	0.384
6333	0.44
6334	0.491
6335	0.514
6336	0.519
6337	0.52
6338	0.521
6339	0.52
6340	0.52
6341	0.45
6342	0.232
6343	0.162
6344	0.126
6345	0.089
6346	0.04399999999999999
6347	0.016999999999999994
6348	0.006999999999999992
6349	-3.469446951953614e-18
6350	0.011
6351	0.08399999999999999
6352	0.183
6353	0.207
6354	0.241
6355	0.314
6356	0.384
6357	0.44
6358	0.491
6359	0.514
6360	0.519
6361	0.52
6362	0.521
6363	0.52
6364	0.52
6365	0.45
6366	0.232
6367	0.162
6368	0.126
6369	0.089
6370	0.04399999999999999
6371	0.016999999999999994
6372	0.006999999999999992
6373	-3.469446951953614e-18
6374	0.011
6375	0.08399999999999999
6376	0.183
6377	0.207
6378	0.241
6379	0.314
6380	0.384
6381	0.44
6382	0.491
6383	0.514
6384	0.519
6385	0.52
6386	0.521
6387	0.52
6388	0.52
6389	0.45
6390	0.232
6391	0.162
6392	0.126
6393	0.089
6394	0.04399999999999999
6395	0.016999999999999994
6396	0.006999999999999992
6397	-3.469446951953614e-18
6398	0.011
6399	0.08399999999999999
6400	0.183
6401	0.207
6402	0.241
6403	0.314
6404	0.384
6405	0.44
6406	0.491
6407	0.514
6408	0.531
6409	0.538
6410	0.543
6411	0.549
6412	0.548
6413	0.549
6414	0.48700000000000004
6415	0.31600000000000006
6416	0.2700000000000001
6417	0.22100000000000009
6418	0.1710000000000001
6419	0.1390000000000001
6420	0.1320000000000001
6421	0.15200000000000008
6422	0.18300000000000008
6423	0.24800000000000008
6424	0.2790000000000001
6425	0.31400000000000006
6426	0.35600000000000004
6427	0.40800000000000003
6428	0.445
6429	0.464
6430	0.496
6431	0.514
6432	0.531
6433	0.538
6434	0.543
6435	0.549
6436	0.548
6437	0.549
6438	0.48700000000000004
6439	0.31600000000000006
6440	0.2700000000000001
6441	0.22100000000000009
6442	0.1710000000000001
6443	0.1390000000000001
6444	0.1320000000000001
6445	0.15200000000000008
6446	0.18300000000000008
6447	0.24800000000000008
6448	0.2790000000000001
6449	0.31400000000000006
6450	0.35600000000000004
6451	0.40800000000000003
6452	0.445
6453	0.464
6454	0.496
6455	0.514
6456	0.519
6457	0.52
6458	0.521
6459	0.52
6460	0.52
6461	0.45
6462	0.232
6463	0.162
6464	0.126
6465	0.089
6466	0.04399999999999999
6467	0.016999999999999994
6468	0.006999999999999992
6469	-3.469446951953614e-18
6470	0.011
6471	0.08399999999999999
6472	0.183
6473	0.207
6474	0.241
6475	0.314
6476	0.384
6477	0.44
6478	0.491
6479	0.514
6480	0.519
6481	0.52
6482	0.521
6483	0.52
6484	0.52
6485	0.45
6486	0.232
6487	0.162
6488	0.126
6489	0.089
6490	0.04399999999999999
6491	0.016999999999999994
6492	0.006999999999999992
6493	-3.469446951953614e-18
6494	0.011
6495	0.08399999999999999
6496	0.183
6497	0.207
6498	0.241
6499	0.314
6500	0.384
6501	0.44
6502	0.491
6503	0.514
6504	0.519
6505	0.52
6506	0.521
6507	0.52
6508	0.52
6509	0.45
6510	0.232
6511	0.162
6512	0.126
6513	0.089
6514	0.04399999999999999
6515	0.016999999999999994
6516	0.006999999999999992
6517	-3.469446951953614e-18
6518	0.011
6519	0.08399999999999999
6520	0.183
6521	0.207
6522	0.241
6523	0.314
6524	0.384
6525	0.44
6526	0.491
6527	0.514
6528	0.519
6529	0.52
6530	0.521
6531	0.52
6532	0.52
6533	0.45
6534	0.232
6535	0.162
6536	0.126
6537	0.089
6538	0.04399999999999999
6539	0.016999999999999994
6540	0.006999999999999992
6541	-3.469446951953614e-18
6542	0.011
6543	0.08399999999999999
6544	0.183
6545	0.207
6546	0.241
6547	0.314
6548	0.384
6549	0.44
6550	0.491
6551	0.514
6552	0.519
6553	0.52
6554	0.521
6555	0.52
6556	0.52
6557	0.45
6558	0.232
6559	0.162
6560	0.126
6561	0.089
6562	0.04399999999999999
6563	0.016999999999999994
6564	0.006999999999999992
6565	-3.469446951953614e-18
6566	0.011
6567	0.08399999999999999
6568	0.183
6569	0.207
6570	0.241
6571	0.314
6572	0.384
6573	0.44
6574	0.491
6575	0.514
6576	0.531
6577	0.538
6578	0.543
6579	0.549
6580	0.548
6581	0.549
6582	0.48700000000000004
6583	0.31600000000000006
6584	0.2700000000000001
6585	0.22100000000000009
6586	0.1710000000000001
6587	0.1390000000000001
6588	0.1320000000000001
6589	0.15200000000000008
6590	0.18300000000000008
6591	0.24800000000000008
6592	0.2790000000000001
6593	0.31400000000000006
6594	0.35600000000000004
6595	0.40800000000000003
6596	0.445
6597	0.464
6598	0.496
6599	0.514
6600	0.531
6601	0.538
6602	0.543
6603	0.549
6604	0.548
6605	0.549
6606	0.48700000000000004
6607	0.31600000000000006
6608	0.2700000000000001
6609	0.22100000000000009
6610	0.1710000000000001
6611	0.1390000000000001
6612	0.1320000000000001
6613	0.15200000000000008
6614	0.18300000000000008
6615	0.24800000000000008
6616	0.2790000000000001
6617	0.31400000000000006
6618	0.35600000000000004
6619	0.40800000000000003
6620	0.445
6621	0.464
6622	0.496
6623	0.514
6624	0.519
6625	0.52
6626	0.521
6627	0.52
6628	0.52
6629	0.45
6630	0.232
6631	0.162
6632	0.126
6633	0.089
6634	0.04399999999999999
6635	0.016999999999999994
6636	0.006999999999999992
6637	-3.469446951953614e-18
6638	0.011
6639	0.08399999999999999
6640	0.183
6641	0.207
6642	0.241
6643	0.314
6644	0.384
6645	0.44
6646	0.491
6647	0.514
6648	0.519
6649	0.52
6650	0.521
6651	0.52
6652	0.52
6653	0.45
6654	0.232
6655	0.162
6656	0.126
6657	0.089
6658	0.04399999999999999
6659	0.016999999999999994
6660	0.006999999999999992
6661	-3.469446951953614e-18
6662	0.011
6663	0.08399999999999999
6664	0.183
6665	0.207
6666	0.241
6667	0.314
6668	0.384
6669	0.44
6670	0.491
6671	0.514
6672	0.519
6673	0.52
6674	0.521
6675	0.52
6676	0.52
6677	0.45
6678	0.232
6679	0.162
6680	0.126
6681	0.089
6682	0.04399999999999999
6683	0.016999999999999994
6684	0.006999999999999992
6685	-3.469446951953614e-18
6686	0.011
6687	0.08399999999999999
6688	0.183
6689	0.207
6690	0.241
6691	0.314
6692	0.384
6693	0.44
6694	0.491
6695	0.514
6696	0.519
6697	0.52
6698	0.521
6699	0.52
6700	0.52
6701	0.45
6702	0.232
6703	0.162
6704	0.126
6705	0.089
6706	0.04399999999999999
6707	0.016999999999999994
6708	0.006999999999999992
6709	-3.469446951953614e-18
6710	0.011
6711	0.08399999999999999
6712	0.183
6713	0.207
6714	0.241
6715	0.314
6716	0.384
6717	0.44
6718	0.491
6719	0.514
6720	0.519
6721	0.52
6722	0.521
6723	0.52
6724	0.52
6725	0.45
6726	0.232
6727	0.162
6728	0.126
6729	0.089
6730	0.04399999999999999
6731	0.016999999999999994
6732	0.006999999999999992
6733	-3.469446951953614e-18
6734	0.011
6735	0.08399999999999999
6736	0.183
6737	0.207
6738	0.241
6739	0.314
6740	0.384
6741	0.44
6742	0.491
6743	0.514
6744	0.531
6745	0.538
6746	0.543
6747	0.549
6748	0.548
6749	0.549
6750	0.48700000000000004
6751	0.31600000000000006
6752	0.2700000000000001
6753	0.22100000000000009
6754	0.1710000000000001
6755	0.1390000000000001
6756	0.1320000000000001
6757	0.15200000000000008
6758	0.18300000000000008
6759	0.24800000000000008
6760	0.2790000000000001
6761	0.31400000000000006
6762	0.35600000000000004
6763	0.40800000000000003
6764	0.445
6765	0.464
6766	0.496
6767	0.514
6768	0.531
6769	0.538
6770	0.543
6771	0.549
6772	0.548
6773	0.549
6774	0.48700000000000004
6775	0.31600000000000006
6776	0.2700000000000001
6777	0.22100000000000009
6778	0.1710000000000001
6779	0.1390000000000001
6780	0.1320000000000001
6781	0.15200000000000008
6782	0.18300000000000008
6783	0.24800000000000008
6784	0.2790000000000001
6785	0.31400000000000006
6786	0.35600000000000004
6787	0.40800000000000003
6788	0.445
6789	0.464
6790	0.496
6791	0.514
6792	0.519
6793	0.52
6794	0.521
6795	0.52
6796	0.52
6797	0.45
6798	0.232
6799	0.162
6800	0.126
6801	0.089
6802	0.04399999999999999
6803	0.016999999999999994
6804	0.006999999999999992
6805	-3.469446951953614e-18
6806	0.011
6807	0.08399999999999999
6808	0.183
6809	0.207
6810	0.241
6811	0.314
6812	0.384
6813	0.44
6814	0.491
6815	0.514
6816	0.519
6817	0.52
6818	0.521
6819	0.52
6820	0.52
6821	0.45
6822	0.232
6823	0.162
6824	0.126
6825	0.089
6826	0.04399999999999999
6827	0.016999999999999994
6828	0.006999999999999992
6829	-3.469446951953614e-18
6830	0.011
6831	0.08399999999999999
6832	0.183
6833	0.207
6834	0.241
6835	0.314
6836	0.384
6837	0.44
6838	0.491
6839	0.514
6840	0.519
6841	0.52
6842	0.521
6843	0.52
6844	0.52
6845	0.45
6846	0.232
6847	0.162
6848	0.126
6849	0.089
6850	0.04399999999999999
6851	0.016999999999999994
6852	0.006999999999999992
6853	-3.469446951953614e-18
6854	0.011
6855	0.08399999999999999
6856	0.183
6857	0.207
6858	0.241
6859	0.314
6860	0.384
6861	0.44
6862	0.491
6863	0.514
6864	0.519
6865	0.52
6866	0.521
6867	0.52
6868	0.52
6869	0.45
6870	0.232
6871	0.162
6872	0.126
6873	0.089
6874	0.04399999999999999
6875	0.016999999999999994
6876	0.006999999999999992
6877	-3.469446951953614e-18
6878	0.011
6879	0.08399999999999999
6880	0.183
6881	0.207
6882	0.241
6883	0.314
6884	0.384
6885	0.44
6886	0.491
6887	0.514
6888	0.519
6889	0.52
6890	0.521
6891	0.52
6892	0.52
6893	0.45
6894	0.232
6895	0.162
6896	0.126
6897	0.089
6898	0.04399999999999999
6899	0.016999999999999994
6900	0.006999999999999992
6901	-3.469446951953614e-18
6902	0.011
6903	0.08399999999999999
6904	0.183
6905	0.207
6906	0.241
6907	0.314
6908	0.384
6909	0.44
6910	0.491
6911	0.514
6912	0.531
6913	0.538
6914	0.543
6915	0.549
6916	0.548
6917	0.549
6918	0.48700000000000004
6919	0.31600000000000006
6920	0.2700000000000001
6921	0.22100000000000009
6922	0.1710000000000001
6923	0.1390000000000001
6924	0.1320000000000001
6925	0.15200000000000008
6926	0.18300000000000008
6927	0.24800000000000008
6928	0.2790000000000001
6929	0.31400000000000006
6930	0.35600000000000004
6931	0.40800000000000003
6932	0.445
6933	0.464
6934	0.496
6935	0.514
6936	0.531
6937	0.538
6938	0.543
6939	0.549
6940	0.548
6941	0.549
6942	0.48700000000000004
6943	0.31600000000000006
6944	0.2700000000000001
6945	0.22100000000000009
6946	0.1710000000000001
6947	0.1390000000000001
6948	0.1320000000000001
6949	0.15200000000000008
6950	0.18300000000000008
6951	0.24800000000000008
6952	0.2790000000000001
6953	0.31400000000000006
6954	0.35600000000000004
6955	0.40800000000000003
6956	0.445
6957	0.464
6958	0.496
6959	0.514
6960	0.519
6961	0.52
6962	0.521
6963	0.52
6964	0.52
6965	0.45
6966	0.232
6967	0.162
6968	0.126
6969	0.089
6970	0.04399999999999999
6971	0.016999999999999994
6972	0.006999999999999992
6973	-3.469446951953614e-18
6974	0.011
6975	0.08399999999999999
6976	0.183
6977	0.207
6978	0.241
6979	0.314
6980	0.384
6981	0.44
6982	0.491
6983	0.514
6984	0.519
6985	0.52
6986	0.521
6987	0.52
6988	0.52
6989	0.45
6990	0.232
6991	0.162
6992	0.126
6993	0.089
6994	0.04399999999999999
6995	0.016999999999999994
6996	0.006999999999999992
6997	-3.469446951953614e-18
6998	0.011
6999	0.08399999999999999
7000	0.183
7001	0.207
7002	0.241
7003	0.314
7004	0.384
7005	0.44
7006	0.491
7007	0.514
7008	0.519
7009	0.52
7010	0.521
7011	0.52
7012	0.52
7013	0.45
7014	0.232
7015	0.162
7016	0.126
7017	0.089
7018	0.04399999999999999
7019	0.016999999999999994
7020	0.006999999999999992
7021	-3.469446951953614e-18
7022	0.011
7023	0.08399999999999999
7024	0.183
7025	0.207
7026	0.241
7027	0.314
7028	0.384
7029	0.44
7030	0.491
7031	0.514
7032	0.519
7033	0.52
7034	0.521
7035	0.52
7036	0.52
7037	0.45
7038	0.232
7039	0.162
7040	0.126
7041	0.089
7042	0.04399999999999999
7043	0.016999999999999994
7044	0.006999999999999992
7045	-3.469446951953614e-18
7046	0.011
7047	0.08399999999999999
7048	0.183
7049	0.207
7050	0.241
7051	0.314
7052	0.384
7053	0.44
7054	0.491
7055	0.514
7056	0.519
7057	0.52
7058	0.521
7059	0.52
7060	0.52
7061	0.45
7062	0.232
7063	0.162
7064	0.126
7065	0.089
7066	0.04399999999999999
7067	0.016999999999999994
7068	0.006999999999999992
7069	-3.469446951953614e-18
7070	0.011
7071	0.08399999999999999
7072	0.183
7073	0.207
7074	0.241
7075	0.314
7076	0.384
7077	0.44
7078	0.491
7079	0.514
7080	0.531
7081	0.538
7082	0.543
7083	0.549
7084	0.548
7085	0.549
7086	0.48700000000000004
7087	0.31600000000000006
7088	0.2700000000000001
7089	0.22100000000000009
7090	0.1710000000000001
7091	0.1390000000000001
7092	0.1320000000000001
7093	0.15200000000000008
7094	0.18300000000000008
7095	0.24800000000000008
7096	0.2790000000000001
7097	0.31400000000000006
7098	0.35600000000000004
7099	0.40800000000000003
7100	0.445
7101	0.464
7102	0.496
7103	0.514
7104	0.531
7105	0.538
7106	0.543
7107	0.549
7108	0.548
7109	0.549
7110	0.48700000000000004
7111	0.31600000000000006
7112	0.2700000000000001
7113	0.22100000000000009
7114	0.1710000000000001
7115	0.1390000000000001
7116	0.1320000000000001
7117	0.15200000000000008
7118	0.18300000000000008
7119	0.24800000000000008
7120	0.2790000000000001
7121	0.31400000000000006
7122	0.35600000000000004
7123	0.40800000000000003
7124	0.445
7125	0.464
7126	0.496
7127	0.514
7128	0.519
7129	0.52
7130	0.521
7131	0.52
7132	0.52
7133	0.45
7134	0.232
7135	0.162
7136	0.126
7137	0.089
7138	0.04399999999999999
7139	0.016999999999999994
7140	0.006999999999999992
7141	-3.469446951953614e-18
7142	0.011
7143	0.08399999999999999
7144	0.183
7145	0.207
7146	0.241
7147	0.314
7148	0.384
7149	0.44
7150	0.491
7151	0.514
7152	0.519
7153	0.52
7154	0.521
7155	0.52
7156	0.52
7157	0.45
7158	0.232
7159	0.162
7160	0.126
7161	0.089
7162	0.04399999999999999
7163	0.016999999999999994
7164	0.006999999999999992
7165	-3.469446951953614e-18
7166	0.011
7167	0.08399999999999999
7168	0.183
7169	0.207
7170	0.241
7171	0.314
7172	0.384
7173	0.44
7174	0.491
7175	0.514
7176	0.519
7177	0.52
7178	0.521
7179	0.52
7180	0.52
7181	0.45
7182	0.232
7183	0.162
7184	0.126
7185	0.089
7186	0.04399999999999999
7187	0.016999999999999994
7188	0.006999999999999992
7189	-3.469446951953614e-18
7190	0.011
7191	0.08399999999999999
7192	0.183
7193	0.207
7194	0.241
7195	0.314
7196	0.384
7197	0.44
7198	0.491
7199	0.514
7200	0.519
7201	0.52
7202	0.521
7203	0.52
7204	0.52
7205	0.45
7206	0.232
7207	0.162
7208	0.126
7209	0.089
7210	0.04399999999999999
7211	0.016999999999999994
7212	0.006999999999999992
7213	-3.469446951953614e-18
7214	0.011
7215	0.08399999999999999
7216	0.183
7217	0.207
7218	0.241
7219	0.314
7220	0.384
7221	0.44
7222	0.491
7223	0.514
7224	0.519
7225	0.52
7226	0.521
7227	0.52
7228	0.52
7229	0.45
7230	0.232
7231	0.162
7232	0.126
7233	0.089
7234	0.04399999999999999
7235	0.016999999999999994
7236	0.006999999999999992
7237	-3.469446951953614e-18
7238	0.011
7239	0.08399999999999999
7240	0.183
7241	0.207
7242	0.241
7243	0.314
7244	0.384
7245	0.44
7246	0.491
7247	0.514
7248	0.531
7249	0.538
7250	0.543
7251	0.549
7252	0.548
7253	0.549
7254	0.48700000000000004
7255	0.31600000000000006
7256	0.2700000000000001
7257	0.22100000000000009
7258	0.1710000000000001
7259	0.1390000000000001
7260	0.1320000000000001
7261	0.15200000000000008
7262	0.18300000000000008
7263	0.24800000000000008
7264	0.2790000000000001
7265	0.31400000000000006
7266	0.35600000000000004
7267	0.40800000000000003
7268	0.445
7269	0.464
7270	0.496
7271	0.514
7272	0.531
7273	0.538
7274	0.543
7275	0.549
7276	0.548
7277	0.549
7278	0.48700000000000004
7279	0.31600000000000006
7280	0.2700000000000001
7281	0.22100000000000009
7282	0.1710000000000001
7283	0.1390000000000001
7284	0.1320000000000001
7285	0.15200000000000008
7286	0.18300000000000008
7287	0.24800000000000008
7288	0.2790000000000001
7289	0.31400000000000006
7290	0.35600000000000004
7291	0.40800000000000003
7292	0.445
7293	0.464
7294	0.496
7295	0.514
7296	0.519
7297	0.52
7298	0.521
7299	0.52
7300	0.52
7301	0.45
7302	0.232
7303	0.162
7304	0.126
7305	0.089
7306	0.04399999999999999
7307	0.016999999999999994
7308	0.006999999999999992
7309	-3.469446951953614e-18
7310	0.011
7311	0.08399999999999999
7312	0.183
7313	0.207
7314	0.241
7315	0.314
7316	0.384
7317	0.44
7318	0.491
7319	0.514
7320	0.519
7321	0.52
7322	0.521
7323	0.52
7324	0.52
7325	0.45
7326	0.232
7327	0.162
7328	0.126
7329	0.089
7330	0.04399999999999999
7331	0.016999999999999994
7332	0.006999999999999992
7333	-3.469446951953614e-18
7334	0.011
7335	0.08399999999999999
7336	0.183
7337	0.207
7338	0.241
7339	0.314
7340	0.384
7341	0.44
7342	0.491
7343	0.514
7344	0.519
7345	0.52
7346	0.521
7347	0.52
7348	0.52
7349	0.45
7350	0.232
7351	0.162
7352	0.126
7353	0.089
7354	0.04399999999999999
7355	0.016999999999999994
7356	0.006999999999999992
7357	-3.469446951953614e-18
7358	0.011
7359	0.08399999999999999
7360	0.183
7361	0.207
7362	0.241
7363	0.314
7364	0.384
7365	0.44
7366	0.491
7367	0.514
7368	0.519
7369	0.52
7370	0.521
7371	0.52
7372	0.52
7373	0.45
7374	0.232
7375	0.162
7376	0.126
7377	0.089
7378	0.04399999999999999
7379	0.016999999999999994
7380	0.006999999999999992
7381	-3.469446951953614e-18
7382	0.011
7383	0.08399999999999999
7384	0.183
7385	0.207
7386	0.241
7387	0.314
7388	0.384
7389	0.44
7390	0.491
7391	0.514
7392	0.519
7393	0.52
7394	0.521
7395	0.52
7396	0.52
7397	0.45
7398	0.232
7399	0.162
7400	0.126
7401	0.089
7402	0.04399999999999999
7403	0.016999999999999994
7404	0.006999999999999992
7405	-3.469446951953614e-18
7406	0.011
7407	0.08399999999999999
7408	0.183
7409	0.207
7410	0.241
7411	0.314
7412	0.384
7413	0.44
7414	0.491
7415	0.514
7416	0.531
7417	0.538
7418	0.543
7419	0.549
7420	0.548
7421	0.549
7422	0.48700000000000004
7423	0.31600000000000006
7424	0.2700000000000001
7425	0.22100000000000009
7426	0.1710000000000001
7427	0.1390000000000001
7428	0.1320000000000001
7429	0.15200000000000008
7430	0.18300000000000008
7431	0.24800000000000008
7432	0.2790000000000001
7433	0.31400000000000006
7434	0.35600000000000004
7435	0.40800000000000003
7436	0.445
7437	0.464
7438	0.496
7439	0.514
7440	0.531
7441	0.538
7442	0.543
7443	0.549
7444	0.548
7445	0.549
7446	0.48700000000000004
7447	0.31600000000000006
7448	0.2700000000000001
7449	0.22100000000000009
7450	0.1710000000000001
7451	0.1390000000000001
7452	0.1320000000000001
7453	0.15200000000000008
7454	0.18300000000000008
7455	0.24800000000000008
7456	0.2790000000000001
7457	0.31400000000000006
7458	0.35600000000000004
7459	0.40800000000000003
7460	0.445
7461	0.464
7462	0.496
7463	0.514
7464	0.519
7465	0.52
7466	0.521
7467	0.52
7468	0.52
7469	0.45
7470	0.232
7471	0.162
7472	0.126
7473	0.089
7474	0.04399999999999999
7475	0.016999999999999994
7476	0.006999999999999992
7477	-3.469446951953614e-18
7478	0.011
7479	0.08399999999999999
7480	0.183
7481	0.207
7482	0.241
7483	0.314
7484	0.384
7485	0.44
7486	0.491
7487	0.514
7488	0.519
7489	0.52
7490	0.521
7491	0.52
7492	0.52
7493	0.45
7494	0.232
7495	0.162
7496	0.126
7497	0.089
7498	0.04399999999999999
7499	0.016999999999999994
7500	0.006999999999999992
7501	-3.469446951953614e-18
7502	0.011
7503	0.08399999999999999
7504	0.183
7505	0.207
7506	0.241
7507	0.314
7508	0.384
7509	0.44
7510	0.491
7511	0.514
7512	0.519
7513	0.52
7514	0.521
7515	0.52
7516	0.52
7517	0.45
7518	0.232
7519	0.162
7520	0.126
7521	0.089
7522	0.04399999999999999
7523	0.016999999999999994
7524	0.006999999999999992
7525	-3.469446951953614e-18
7526	0.011
7527	0.08399999999999999
7528	0.183
7529	0.207
7530	0.241
7531	0.314
7532	0.384
7533	0.44
7534	0.491
7535	0.514
7536	0.519
7537	0.52
7538	0.521
7539	0.52
7540	0.52
7541	0.45
7542	0.232
7543	0.162
7544	0.126
7545	0.089
7546	0.04399999999999999
7547	0.016999999999999994
7548	0.006999999999999992
7549	-3.469446951953614e-18
7550	0.011
7551	0.08399999999999999
7552	0.183
7553	0.207
7554	0.241
7555	0.314
7556	0.384
7557	0.44
7558	0.491
7559	0.514
7560	0.519
7561	0.52
7562	0.521
7563	0.52
7564	0.52
7565	0.45
7566	0.232
7567	0.162
7568	0.126
7569	0.089
7570	0.04399999999999999
7571	0.016999999999999994
7572	0.006999999999999992
7573	-3.469446951953614e-18
7574	0.011
7575	0.08399999999999999
7576	0.183
7577	0.207
7578	0.241
7579	0.314
7580	0.384
7581	0.44
7582	0.491
7583	0.514
7584	0.531
7585	0.538
7586	0.543
7587	0.549
7588	0.548
7589	0.549
7590	0.48700000000000004
7591	0.31600000000000006
7592	0.2700000000000001
7593	0.22100000000000009
7594	0.1710000000000001
7595	0.1390000000000001
7596	0.1320000000000001
7597	0.15200000000000008
7598	0.18300000000000008
7599	0.24800000000000008
7600	0.2790000000000001
7601	0.31400000000000006
7602	0.35600000000000004
7603	0.40800000000000003
7604	0.445
7605	0.464
7606	0.496
7607	0.514
7608	0.531
7609	0.538
7610	0.543
7611	0.549
7612	0.548
7613	0.549
7614	0.48700000000000004
7615	0.31600000000000006
7616	0.2700000000000001
7617	0.22100000000000009
7618	0.1710000000000001
7619	0.1390000000000001
7620	0.1320000000000001
7621	0.15200000000000008
7622	0.18300000000000008
7623	0.24800000000000008
7624	0.2790000000000001
7625	0.31400000000000006
7626	0.35600000000000004
7627	0.40800000000000003
7628	0.445
7629	0.464
7630	0.496
7631	0.514
7632	0.519
7633	0.52
7634	0.521
7635	0.52
7636	0.52
7637	0.45
7638	0.232
7639	0.162
7640	0.126
7641	0.089
7642	0.04399999999999999
7643	0.016999999999999994
7644	0.006999999999999992
7645	-3.469446951953614e-18
7646	0.011
7647	0.08399999999999999
7648	0.183
7649	0.207
7650	0.241
7651	0.314
7652	0.384
7653	0.44
7654	0.491
7655	0.514
7656	0.519
7657	0.52
7658	0.521
7659	0.52
7660	0.52
7661	0.45
7662	0.232
7663	0.162
7664	0.126
7665	0.089
7666	0.04399999999999999
7667	0.016999999999999994
7668	0.006999999999999992
7669	-3.469446951953614e-18
7670	0.011
7671	0.08399999999999999
7672	0.183
7673	0.207
7674	0.241
7675	0.314
7676	0.384
7677	0.44
7678	0.491
7679	0.514
7680	0.519
7681	0.52
7682	0.521
7683	0.52
7684	0.52
7685	0.45
7686	0.232
7687	0.162
7688	0.126
7689	0.089
7690	0.04399999999999999
7691	0.016999999999999994
7692	0.006999999999999992
7693	-3.469446951953614e-18
7694	0.011
7695	0.08399999999999999
7696	0.183
7697	0.207
7698	0.241
7699	0.314
7700	0.384
7701	0.44
7702	0.491
7703	0.514
7704	0.519
7705	0.52
7706	0.521
7707	0.52
7708	0.52
7709	0.45
7710	0.232
7711	0.162
7712	0.126
7713	0.089
7714	0.04399999999999999
7715	0.016999999999999994
7716	0.006999999999999992
7717	-3.469446951953614e-18
7718	0.011
7719	0.08399999999999999
7720	0.183
7721	0.207
7722	0.241
7723	0.314
7724	0.384
7725	0.44
7726	0.491
7727	0.514
7728	0.519
7729	0.52
7730	0.521
7731	0.52
7732	0.52
7733	0.45
7734	0.232
7735	0.162
7736	0.126
7737	0.089
7738	0.04399999999999999
7739	0.016999999999999994
7740	0.006999999999999992
7741	-3.469446951953614e-18
7742	0.011
7743	0.08399999999999999
7744	0.183
7745	0.207
7746	0.241
7747	0.314
7748	0.384
7749	0.44
7750	0.491
7751	0.514
7752	0.531
7753	0.538
7754	0.543
7755	0.549
7756	0.548
7757	0.549
7758	0.48700000000000004
7759	0.31600000000000006
7760	0.2700000000000001
7761	0.22100000000000009
7762	0.1710000000000001
7763	0.1390000000000001
7764	0.1320000000000001
7765	0.15200000000000008
7766	0.18300000000000008
7767	0.24800000000000008
7768	0.2790000000000001
7769	0.31400000000000006
7770	0.35600000000000004
7771	0.40800000000000003
7772	0.445
7773	0.464
7774	0.496
7775	0.514
7776	0.531
7777	0.538
7778	0.543
7779	0.549
7780	0.548
7781	0.549
7782	0.48700000000000004
7783	0.31600000000000006
7784	0.2700000000000001
7785	0.22100000000000009
7786	0.1710000000000001
7787	0.1390000000000001
7788	0.1320000000000001
7789	0.15200000000000008
7790	0.18300000000000008
7791	0.24800000000000008
7792	0.2790000000000001
7793	0.31400000000000006
7794	0.35600000000000004
7795	0.40800000000000003
7796	0.445
7797	0.464
7798	0.496
7799	0.514
7800	0.519
7801	0.52
7802	0.521
7803	0.52
7804	0.52
7805	0.45
7806	0.232
7807	0.162
7808	0.126
7809	0.089
7810	0.04399999999999999
7811	0.016999999999999994
7812	0.006999999999999992
7813	-3.469446951953614e-18
7814	0.011
7815	0.08399999999999999
7816	0.183
7817	0.207
7818	0.241
7819	0.314
7820	0.384
7821	0.44
7822	0.491
7823	0.514
7824	0.519
7825	0.52
7826	0.521
7827	0.52
7828	0.52
7829	0.45
7830	0.232
7831	0.162
7832	0.126
7833	0.089
7834	0.04399999999999999
7835	0.016999999999999994
7836	0.006999999999999992
7837	-3.469446951953614e-18
7838	0.011
7839	0.08399999999999999
7840	0.183
7841	0.207
7842	0.241
7843	0.314
7844	0.384
7845	0.44
7846	0.491
7847	0.514
7848	0.519
7849	0.52
7850	0.521
7851	0.52
7852	0.52
7853	0.45
7854	0.232
7855	0.162
7856	0.126
7857	0.089
7858	0.04399999999999999
7859	0.016999999999999994
7860	0.006999999999999992
7861	-3.469446951953614e-18
7862	0.011
7863	0.08399999999999999
7864	0.183
7865	0.207
7866	0.241
7867	0.314
7868	0.384
7869	0.44
7870	0.491
7871	0.514
7872	0.519
7873	0.52
7874	0.521
7875	0.52
7876	0.52
7877	0.45
7878	0.232
7879	0.162
7880	0.126
7881	0.089
7882	0.04399999999999999
7883	0.016999999999999994
7884	0.006999999999999992
7885	-3.469446951953614e-18
7886	0.011
7887	0.08399999999999999
7888	0.183
7889	0.207
7890	0.241
7891	0.314
7892	0.384
7893	0.44
7894	0.491
7895	0.514
7896	0.519
7897	0.52
7898	0.521
7899	0.52
7900	0.52
7901	0.45
7902	0.232
7903	0.162
7904	0.126
7905	0.089
7906	0.04399999999999999
7907	0.016999999999999994
7908	0.006999999999999992
7909	-3.469446951953614e-18
7910	0.011
7911	0.08399999999999999
7912	0.183
7913	0.207
7914	0.241
7915	0.314
7916	0.384
7917	0.44
7918	0.491
7919	0.514
7920	0.531
7921	0.538
7922	0.543
7923	0.549
7924	0.548
7925	0.549
7926	0.48700000000000004
7927	0.31600000000000006
7928	0.2700000000000001
7929	0.22100000000000009
7930	0.1710000000000001
7931	0.1390000000000001
7932	0.1320000000000001
7933	0.15200000000000008
7934	0.18300000000000008
7935	0.24800000000000008
7936	0.2790000000000001
7937	0.31400000000000006
7938	0.35600000000000004
7939	0.40800000000000003
7940	0.445
7941	0.464
7942	0.496
7943	0.514
7944	0.531
7945	0.538
7946	0.543
7947	0.549
7948	0.548
7949	0.549
7950	0.48700000000000004
7951	0.31600000000000006
7952	0.2700000000000001
7953	0.22100000000000009
7954	0.1710000000000001
7955	0.1390000000000001
7956	0.1320000000000001
7957	0.15200000000000008
7958	0.18300000000000008
7959	0.24800000000000008
7960	0.2790000000000001
7961	0.31400000000000006
7962	0.35600000000000004
7963	0.40800000000000003
7964	0.445
7965	0.464
7966	0.496
7967	0.514
7968	0.519
7969	0.52
7970	0.521
7971	0.52
7972	0.52
7973	0.45
7974	0.232
7975	0.162
7976	0.126
7977	0.089
7978	0.04399999999999999
7979	0.016999999999999994
7980	0.006999999999999992
7981	-3.469446951953614e-18
7982	0.011
7983	0.08399999999999999
7984	0.183
7985	0.207
7986	0.241
7987	0.314
7988	0.384
7989	0.44
7990	0.491
7991	0.514
7992	0.519
7993	0.52
7994	0.521
7995	0.52
7996	0.52
7997	0.45
7998	0.232
7999	0.162
8000	0.126
8001	0.089
8002	0.04399999999999999
8003	0.016999999999999994
8004	0.006999999999999992
8005	-3.469446951953614e-18
8006	0.011
8007	0.08399999999999999
8008	0.183
8009	0.207
8010	0.241
8011	0.314
8012	0.384
8013	0.44
8014	0.491
8015	0.514
8016	0.519
8017	0.52
8018	0.521
8019	0.52
8020	0.52
8021	0.45
8022	0.232
8023	0.162
8024	0.126
8025	0.089
8026	0.04399999999999999
8027	0.016999999999999994
8028	0.006999999999999992
8029	-3.469446951953614e-18
8030	0.011
8031	0.08399999999999999
8032	0.183
8033	0.207
8034	0.241
8035	0.314
8036	0.384
8037	0.44
8038	0.491
8039	0.514
8040	0.519
8041	0.52
8042	0.521
8043	0.52
8044	0.52
8045	0.45
8046	0.232
8047	0.162
8048	0.126
8049	0.089
8050	0.04399999999999999
8051	0.016999999999999994
8052	0.006999999999999992
8053	-3.469446951953614e-18
8054	0.011
8055	0.08399999999999999
8056	0.183
8057	0.207
8058	0.241
8059	0.314
8060	0.384
8061	0.44
8062	0.491
8063	0.514
8064	0.519
8065	0.52
8066	0.521
8067	0.52
8068	0.52
8069	0.45
8070	0.232
8071	0.162
8072	0.126
8073	0.089
8074	0.04399999999999999
8075	0.016999999999999994
8076	0.006999999999999992
8077	-3.469446951953614e-18
8078	0.011
8079	0.08399999999999999
8080	0.183
8081	0.207
8082	0.241
8083	0.314
8084	0.384
8085	0.44
8086	0.491
8087	0.514
8088	0.531
8089	0.538
8090	0.543
8091	0.549
8092	0.548
8093	0.549
8094	0.48700000000000004
8095	0.31600000000000006
8096	0.2700000000000001
8097	0.22100000000000009
8098	0.1710000000000001
8099	0.1390000000000001
8100	0.1320000000000001
8101	0.15200000000000008
8102	0.18300000000000008
8103	0.24800000000000008
8104	0.2790000000000001
8105	0.31400000000000006
8106	0.35600000000000004
8107	0.40800000000000003
8108	0.445
8109	0.464
8110	0.496
8111	0.514
8112	0.531
8113	0.538
8114	0.543
8115	0.549
8116	0.548
8117	0.549
8118	0.48700000000000004
8119	0.31600000000000006
8120	0.2700000000000001
8121	0.22100000000000009
8122	0.1710000000000001
8123	0.1390000000000001
8124	0.1320000000000001
8125	0.15200000000000008
8126	0.18300000000000008
8127	0.24800000000000008
8128	0.2790000000000001
8129	0.31400000000000006
8130	0.35600000000000004
8131	0.40800000000000003
8132	0.445
8133	0.464
8134	0.496
8135	0.514
8136	0.519
8137	0.52
8138	0.521
8139	0.52
8140	0.52
8141	0.45
8142	0.232
8143	0.162
8144	0.126
8145	0.089
8146	0.04399999999999999
8147	0.016999999999999994
8148	0.006999999999999992
8149	-3.469446951953614e-18
8150	0.011
8151	0.08399999999999999
8152	0.183
8153	0.207
8154	0.241
8155	0.314
8156	0.384
8157	0.44
8158	0.491
8159	0.514
8160	0.519
8161	0.52
8162	0.521
8163	0.52
8164	0.52
8165	0.45
8166	0.232
8167	0.162
8168	0.126
8169	0.089
8170	0.04399999999999999
8171	0.016999999999999994
8172	0.006999999999999992
8173	-3.469446951953614e-18
8174	0.011
8175	0.08399999999999999
8176	0.183
8177	0.207
8178	0.241
8179	0.314
8180	0.384
8181	0.44
8182	0.491
8183	0.514
8184	0.519
8185	0.52
8186	0.521
8187	0.52
8188	0.52
8189	0.45
8190	0.232
8191	0.162
8192	0.126
8193	0.089
8194	0.04399999999999999
8195	0.016999999999999994
8196	0.006999999999999992
8197	-3.469446951953614e-18
8198	0.011
8199	0.08399999999999999
8200	0.183
8201	0.207
8202	0.241
8203	0.314
8204	0.384
8205	0.44
8206	0.491
8207	0.514
8208	0.519
8209	0.52
8210	0.521
8211	0.52
8212	0.52
8213	0.45
8214	0.232
8215	0.162
8216	0.126
8217	0.089
8218	0.04399999999999999
8219	0.016999999999999994
8220	0.006999999999999992
8221	-3.469446951953614e-18
8222	0.011
8223	0.08399999999999999
8224	0.183
8225	0.207
8226	0.241
8227	0.314
8228	0.384
8229	0.44
8230	0.491
8231	0.514
8232	0.519
8233	0.52
8234	0.521
8235	0.52
8236	0.52
8237	0.45
8238	0.232
8239	0.162
8240	0.126
8241	0.089
8242	0.04399999999999999
8243	0.016999999999999994
8244	0.006999999999999992
8245	-3.469446951953614e-18
8246	0.011
8247	0.08399999999999999
8248	0.183
8249	0.207
8250	0.241
8251	0.314
8252	0.384
8253	0.44
8254	0.491
8255	0.514
8256	0.531
8257	0.538
8258	0.543
8259	0.549
8260	0.548
8261	0.549
8262	0.48700000000000004
8263	0.31600000000000006
8264	0.2700000000000001
8265	0.22100000000000009
8266	0.1710000000000001
8267	0.1390000000000001
8268	0.1320000000000001
8269	0.15200000000000008
8270	0.18300000000000008
8271	0.24800000000000008
8272	0.2790000000000001
8273	0.31400000000000006
8274	0.35600000000000004
8275	0.40800000000000003
8276	0.445
8277	0.464
8278	0.496
8279	0.514
8280	0.531
8281	0.538
8282	0.543
8283	0.549
8284	0.548
8285	0.549
8286	0.48700000000000004
8287	0.31600000000000006
8288	0.2700000000000001
8289	0.22100000000000009
8290	0.1710000000000001
8291	0.1390000000000001
8292	0.1320000000000001
8293	0.15200000000000008
8294	0.18300000000000008
8295	0.24800000000000008
8296	0.2790000000000001
8297	0.31400000000000006
8298	0.35600000000000004
8299	0.40800000000000003
8300	0.445
8301	0.464
8302	0.496
8303	0.514
8304	0.519
8305	0.52
8306	0.521
8307	0.52
8308	0.52
8309	0.45
8310	0.232
8311	0.162
8312	0.126
8313	0.089
8314	0.04399999999999999
8315	0.016999999999999994
8316	0.006999999999999992
8317	-3.469446951953614e-18
8318	0.011
8319	0.08399999999999999
8320	0.183
8321	0.207
8322	0.241
8323	0.314
8324	0.384
8325	0.44
8326	0.491
8327	0.514
8328	0.519
8329	0.52
8330	0.521
8331	0.52
8332	0.52
8333	0.45
8334	0.232
8335	0.162
8336	0.126
8337	0.089
8338	0.04399999999999999
8339	0.016999999999999994
8340	0.006999999999999992
8341	-3.469446951953614e-18
8342	0.011
8343	0.08399999999999999
8344	0.183
8345	0.207
8346	0.241
8347	0.314
8348	0.384
8349	0.44
8350	0.491
8351	0.514
8352	0.519
8353	0.52
8354	0.521
8355	0.52
8356	0.52
8357	0.45
8358	0.232
8359	0.162
8360	0.126
8361	0.089
8362	0.04399999999999999
8363	0.016999999999999994
8364	0.006999999999999992
8365	-3.469446951953614e-18
8366	0.011
8367	0.08399999999999999
8368	0.183
8369	0.207
8370	0.241
8371	0.314
8372	0.384
8373	0.44
8374	0.491
8375	0.514
8376	0.519
8377	0.52
8378	0.521
8379	0.52
8380	0.52
8381	0.45
8382	0.232
8383	0.162
8384	0.126
8385	0.089
8386	0.04399999999999999
8387	0.016999999999999994
8388	0.006999999999999992
8389	-3.469446951953614e-18
8390	0.011
8391	0.08399999999999999
8392	0.183
8393	0.207
8394	0.241
8395	0.314
8396	0.384
8397	0.44
8398	0.491
8399	0.514
8400	0.519
8401	0.52
8402	0.521
8403	0.52
8404	0.52
8405	0.45
8406	0.232
8407	0.162
8408	0.126
8409	0.089
8410	0.04399999999999999
8411	0.016999999999999994
8412	0.006999999999999992
8413	-3.469446951953614e-18
8414	0.011
8415	0.08399999999999999
8416	0.183
8417	0.207
8418	0.241
8419	0.314
8420	0.384
8421	0.44
8422	0.491
8423	0.514
8424	0.531
8425	0.538
8426	0.543
8427	0.549
8428	0.548
8429	0.549
8430	0.48700000000000004
8431	0.31600000000000006
8432	0.2700000000000001
8433	0.22100000000000009
8434	0.1710000000000001
8435	0.1390000000000001
8436	0.1320000000000001
8437	0.15200000000000008
8438	0.18300000000000008
8439	0.24800000000000008
8440	0.2790000000000001
8441	0.31400000000000006
8442	0.35600000000000004
8443	0.40800000000000003
8444	0.445
8445	0.464
8446	0.496
8447	0.514
8448	0.531
8449	0.538
8450	0.543
8451	0.549
8452	0.548
8453	0.549
8454	0.48700000000000004
8455	0.31600000000000006
8456	0.2700000000000001
8457	0.22100000000000009
8458	0.1710000000000001
8459	0.1390000000000001
8460	0.1320000000000001
8461	0.15200000000000008
8462	0.18300000000000008
8463	0.24800000000000008
8464	0.2790000000000001
8465	0.31400000000000006
8466	0.35600000000000004
8467	0.40800000000000003
8468	0.445
8469	0.464
8470	0.496
8471	0.514
8472	0.519
8473	0.52
8474	0.521
8475	0.52
8476	0.52
8477	0.45
8478	0.232
8479	0.162
8480	0.126
8481	0.089
8482	0.04399999999999999
8483	0.016999999999999994
8484	0.006999999999999992
8485	-3.469446951953614e-18
8486	0.011
8487	0.08399999999999999
8488	0.183
8489	0.207
8490	0.241
8491	0.314
8492	0.384
8493	0.44
8494	0.491
8495	0.514
8496	0.519
8497	0.52
8498	0.521
8499	0.52
8500	0.52
8501	0.45
8502	0.232
8503	0.162
8504	0.126
8505	0.089
8506	0.04399999999999999
8507	0.016999999999999994
8508	0.006999999999999992
8509	-3.469446951953614e-18
8510	0.011
8511	0.08399999999999999
8512	0.183
8513	0.207
8514	0.241
8515	0.314
8516	0.384
8517	0.44
8518	0.491
8519	0.514
8520	0.519
8521	0.52
8522	0.521
8523	0.52
8524	0.52
8525	0.45
8526	0.232
8527	0.162
8528	0.126
8529	0.089
8530	0.04399999999999999
8531	0.016999999999999994
8532	0.006999999999999992
8533	-3.469446951953614e-18
8534	0.011
8535	0.08399999999999999
8536	0.183
8537	0.207
8538	0.241
8539	0.314
8540	0.384
8541	0.44
8542	0.491
8543	0.514
8544	0.519
8545	0.52
8546	0.521
8547	0.52
8548	0.52
8549	0.45
8550	0.232
8551	0.162
8552	0.126
8553	0.089
8554	0.04399999999999999
8555	0.016999999999999994
8556	0.006999999999999992
8557	-3.469446951953614e-18
8558	0.011
8559	0.08399999999999999
8560	0.183
8561	0.207
8562	0.241
8563	0.314
8564	0.384
8565	0.44
8566	0.491
8567	0.514
8568	0.519
8569	0.52
8570	0.521
8571	0.52
8572	0.52
8573	0.45
8574	0.232
8575	0.162
8576	0.126
8577	0.089
8578	0.04399999999999999
8579	0.016999999999999994
8580	0.006999999999999992
8581	-3.469446951953614e-18
8582	0.011
8583	0.08399999999999999
8584	0.183
8585	0.207
8586	0.241
8587	0.314
8588	0.384
8589	0.44
8590	0.491
8591	0.514
8592	0.531
8593	0.538
8594	0.543
8595	0.549
8596	0.548
8597	0.549
8598	0.48700000000000004
8599	0.31600000000000006
8600	0.2700000000000001
8601	0.22100000000000009
8602	0.1710000000000001
8603	0.1390000000000001
8604	0.1320000000000001
8605	0.15200000000000008
8606	0.18300000000000008
8607	0.24800000000000008
8608	0.2790000000000001
8609	0.31400000000000006
8610	0.35600000000000004
8611	0.40800000000000003
8612	0.445
8613	0.464
8614	0.496
8615	0.514
8616	0.531
8617	0.538
8618	0.543
8619	0.549
8620	0.548
8621	0.549
8622	0.48700000000000004
8623	0.31600000000000006
8624	0.2700000000000001
8625	0.22100000000000009
8626	0.1710000000000001
8627	0.1390000000000001
8628	0.1320000000000001
8629	0.15200000000000008
8630	0.18300000000000008
8631	0.24800000000000008
8632	0.2790000000000001
8633	0.31400000000000006
8634	0.35600000000000004
8635	0.40800000000000003
8636	0.445
8637	0.464
8638	0.496
8639	0.514
8640	0.519
8641	0.52
8642	0.521
8643	0.52
8644	0.52
8645	0.45
8646	0.232
8647	0.162
8648	0.126
8649	0.089
8650	0.04399999999999999
8651	0.016999999999999994
8652	0.006999999999999992
8653	-3.469446951953614e-18
8654	0.011
8655	0.08399999999999999
8656	0.183
8657	0.207
8658	0.241
8659	0.314
8660	0.384
8661	0.44
8662	0.491
8663	0.514
8664	0.519
8665	0.52
8666	0.521
8667	0.52
8668	0.52
8669	0.45
8670	0.232
8671	0.162
8672	0.126
8673	0.089
8674	0.04399999999999999
8675	0.016999999999999994
8676	0.006999999999999992
8677	-3.469446951953614e-18
8678	0.011
8679	0.08399999999999999
8680	0.183
8681	0.207
8682	0.241
8683	0.314
8684	0.384
8685	0.44
8686	0.491
8687	0.514
8688	0.519
8689	0.52
8690	0.521
8691	0.52
8692	0.52
8693	0.45
8694	0.232
8695	0.162
8696	0.126
8697	0.089
8698	0.04399999999999999
8699	0.016999999999999994
8700	0.006999999999999992
8701	-3.469446951953614e-18
8702	0.011
8703	0.08399999999999999
8704	0.183
8705	0.207
8706	0.241
8707	0.314
8708	0.384
8709	0.44
8710	0.491
8711	0.514
8712	0.519
8713	0.52
8714	0.521
8715	0.52
8716	0.52
8717	0.45
8718	0.232
8719	0.162
8720	0.126
8721	0.089
8722	0.04399999999999999
8723	0.016999999999999994
8724	0.006999999999999992
8725	-3.469446951953614e-18
8726	0.011
8727	0.08399999999999999
8728	0.183
8729	0.207
8730	0.241
8731	0.314
8732	0.384
8733	0.44
8734	0.491
8735	0.514
8736	0.519
8737	0.52
8738	0.521
8739	0.52
8740	0.52
8741	0.45
8742	0.232
8743	0.162
8744	0.126
8745	0.089
8746	0.04399999999999999
8747	0.016999999999999994
8748	0.006999999999999992
8749	-3.469446951953614e-18
8750	0.011
8751	0.08399999999999999
8752	0.183
8753	0.207
8754	0.241
8755	0.314
8756	0.384
8757	0.44
8758	0.491
8759	0.514
