0	0.755
1	0.756
2	0.757
3	0.756
4	0.756
5	0.686
6	0.4680000000000001
7	0.3980000000000001
8	0.3620000000000001
9	0.3250000000000001
10	0.28000000000000014
11	0.2530000000000001
12	0.2430000000000001
13	0.2360000000000001
14	0.2470000000000001
15	0.3200000000000001
16	0.4190000000000001
17	0.44300000000000006
18	0.4770000000000001
19	0.55
20	0.6200000000000001
21	0.6760000000000002
22	0.7270000000000002
23	0.7500000000000002
24	0.7670000000000002
25	0.7740000000000002
26	0.7790000000000002
27	0.7850000000000003
28	0.7840000000000003
29	0.7850000000000003
30	0.7230000000000002
31	0.5520000000000003
32	0.5060000000000002
33	0.45700000000000024
34	0.40700000000000025
35	0.3750000000000002
36	0.3680000000000002
37	0.38800000000000023
38	0.41900000000000026
39	0.48400000000000026
40	0.5150000000000002
41	0.5500000000000003
42	0.5920000000000003
43	0.6440000000000003
44	0.6810000000000004
45	0.7000000000000004
46	0.7320000000000004
47	0.7500000000000004
48	0.7670000000000005
49	0.7740000000000005
50	0.7790000000000005
51	0.7850000000000005
52	0.7840000000000005
53	0.7850000000000005
54	0.7230000000000004
55	0.5520000000000005
56	0.5060000000000004
57	0.45700000000000046
58	0.4070000000000005
59	0.37500000000000044
60	0.36800000000000044
61	0.38800000000000046
62	0.4190000000000005
63	0.4840000000000005
64	0.5150000000000005
65	0.5500000000000005
66	0.5920000000000005
67	0.6440000000000006
68	0.6810000000000006
69	0.7000000000000006
70	0.7320000000000007
71	0.7500000000000007
72	0.7550000000000007
73	0.7560000000000007
74	0.7570000000000007
75	0.7560000000000007
76	0.7560000000000007
77	0.6860000000000007
78	0.46800000000000075
79	0.39800000000000074
80	0.36200000000000077
81	0.3250000000000008
82	0.2800000000000008
83	0.2530000000000008
84	0.24300000000000077
85	0.23600000000000076
86	0.24700000000000077
87	0.3200000000000008
88	0.41900000000000076
89	0.4430000000000007
90	0.47700000000000076
91	0.5500000000000007
92	0.6200000000000008
93	0.6760000000000008
94	0.7270000000000009
95	0.7500000000000009
96	0.7550000000000009
97	0.7560000000000009
98	0.7570000000000009
99	0.7560000000000009
100	0.7560000000000009
101	0.6860000000000009
102	0.46800000000000097
103	0.39800000000000096
104	0.362000000000001
105	0.325000000000001
106	0.280000000000001
107	0.253000000000001
108	0.243000000000001
109	0.236000000000001
110	0.247000000000001
111	0.320000000000001
112	0.419000000000001
113	0.44300000000000095
114	0.477000000000001
115	0.5500000000000009
116	0.620000000000001
117	0.676000000000001
118	0.7270000000000011
119	0.7500000000000011
120	0.7550000000000011
121	0.7560000000000011
122	0.7570000000000011
123	0.7560000000000011
124	0.7560000000000011
125	0.6860000000000012
126	0.4680000000000012
127	0.3980000000000012
128	0.3620000000000012
129	0.32500000000000123
130	0.28000000000000125
131	0.2530000000000012
132	0.24300000000000122
133	0.2360000000000012
134	0.24700000000000122
135	0.32000000000000123
136	0.4190000000000012
137	0.44300000000000117
138	0.4770000000000012
139	0.5500000000000012
140	0.6200000000000012
141	0.6760000000000013
142	0.7270000000000013
143	0.7500000000000013
144	0.7550000000000013
145	0.7560000000000013
146	0.7570000000000013
147	0.7560000000000013
148	0.7560000000000013
149	0.6860000000000014
150	0.4680000000000014
151	0.3980000000000014
152	0.36200000000000143
153	0.32500000000000145
154	0.28000000000000147
155	0.25300000000000145
156	0.24300000000000144
157	0.23600000000000143
158	0.24700000000000144
159	0.32000000000000145
160	0.4190000000000014
161	0.4430000000000014
162	0.4770000000000014
163	0.5500000000000014
164	0.6200000000000014
165	0.6760000000000015
166	0.7270000000000015
167	0.7500000000000016
168	0.7550000000000016
169	0.7560000000000016
170	0.7570000000000016
171	0.7560000000000016
172	0.7560000000000016
173	0.6860000000000016
174	0.46800000000000164
175	0.39800000000000163
176	0.36200000000000165
177	0.3250000000000017
178	0.2800000000000017
179	0.25300000000000167
180	0.24300000000000166
181	0.23600000000000165
182	0.24700000000000166
183	0.32000000000000167
184	0.41900000000000165
185	0.4430000000000016
186	0.47700000000000164
187	0.5500000000000016
188	0.6200000000000017
189	0.6760000000000017
190	0.7270000000000018
191	0.7500000000000018
192	0.7670000000000018
193	0.7740000000000018
194	0.7790000000000018
195	0.7850000000000018
196	0.7840000000000018
197	0.7850000000000018
198	0.7230000000000018
199	0.5520000000000018
200	0.5060000000000018
201	0.4570000000000018
202	0.4070000000000018
203	0.3750000000000018
204	0.36800000000000177
205	0.3880000000000018
206	0.4190000000000018
207	0.4840000000000018
208	0.5150000000000018
209	0.5500000000000018
210	0.5920000000000019
211	0.6440000000000019
212	0.6810000000000019
213	0.700000000000002
214	0.732000000000002
215	0.750000000000002
216	0.767000000000002
217	0.774000000000002
218	0.779000000000002
219	0.785000000000002
220	0.784000000000002
221	0.785000000000002
222	0.723000000000002
223	0.552000000000002
224	0.506000000000002
225	0.457000000000002
226	0.407000000000002
227	0.375000000000002
228	0.368000000000002
229	0.388000000000002
230	0.41900000000000204
231	0.48400000000000204
232	0.515000000000002
233	0.550000000000002
234	0.5920000000000021
235	0.6440000000000021
236	0.6810000000000022
237	0.7000000000000022
238	0.7320000000000022
239	0.7500000000000022
240	0.7550000000000022
241	0.7560000000000022
242	0.7570000000000022
243	0.7560000000000022
244	0.7560000000000022
245	0.6860000000000023
246	0.4680000000000023
247	0.3980000000000023
248	0.3620000000000023
249	0.32500000000000234
250	0.28000000000000236
251	0.25300000000000233
252	0.24300000000000233
253	0.23600000000000232
254	0.24700000000000233
255	0.32000000000000234
256	0.4190000000000023
257	0.4430000000000023
258	0.4770000000000023
259	0.5500000000000023
260	0.6200000000000023
261	0.6760000000000024
262	0.7270000000000024
263	0.7500000000000024
264	0.7550000000000024
265	0.7560000000000024
266	0.7570000000000024
267	0.7560000000000024
268	0.7560000000000024
269	0.6860000000000025
270	0.4680000000000025
271	0.3980000000000025
272	0.36200000000000254
273	0.32500000000000256
274	0.2800000000000026
275	0.25300000000000256
276	0.24300000000000255
277	0.23600000000000254
278	0.24700000000000255
279	0.32000000000000256
280	0.41900000000000254
281	0.4430000000000025
282	0.47700000000000253
283	0.5500000000000025
284	0.6200000000000025
285	0.6760000000000026
286	0.7270000000000026
287	0.7500000000000027
288	0.7550000000000027
289	0.7560000000000027
290	0.7570000000000027
291	0.7560000000000027
292	0.7560000000000027
293	0.6860000000000027
294	0.46800000000000275
295	0.39800000000000274
296	0.36200000000000276
297	0.3250000000000028
298	0.2800000000000028
299	0.2530000000000028
300	0.24300000000000277
301	0.23600000000000276
302	0.24700000000000277
303	0.3200000000000028
304	0.41900000000000276
305	0.4430000000000027
306	0.47700000000000276
307	0.5500000000000027
308	0.6200000000000028
309	0.6760000000000028
310	0.7270000000000029
311	0.7500000000000029
312	0.7550000000000029
313	0.7560000000000029
314	0.7570000000000029
315	0.7560000000000029
316	0.7560000000000029
317	0.6860000000000029
318	0.46800000000000297
319	0.39800000000000296
320	0.362000000000003
321	0.325000000000003
322	0.280000000000003
323	0.253000000000003
324	0.243000000000003
325	0.23600000000000299
326	0.247000000000003
327	0.320000000000003
328	0.419000000000003
329	0.44300000000000295
330	0.477000000000003
331	0.5500000000000029
332	0.620000000000003
333	0.676000000000003
334	0.7270000000000031
335	0.7500000000000031
336	0.7550000000000031
337	0.7560000000000031
338	0.7570000000000031
339	0.7560000000000031
340	0.7560000000000031
341	0.6860000000000032
342	0.4680000000000032
343	0.3980000000000032
344	0.3620000000000032
345	0.32500000000000323
346	0.28000000000000325
347	0.2530000000000032
348	0.2430000000000032
349	0.2360000000000032
350	0.24700000000000322
351	0.3200000000000032
352	0.4190000000000032
353	0.44300000000000317
354	0.4770000000000032
355	0.5500000000000032
356	0.6200000000000032
357	0.6760000000000033
358	0.7270000000000033
359	0.7500000000000033
360	0.7670000000000033
361	0.7740000000000034
362	0.7790000000000034
363	0.7850000000000034
364	0.7840000000000034
365	0.7850000000000034
366	0.7230000000000033
367	0.5520000000000034
368	0.5060000000000033
369	0.45700000000000335
370	0.40700000000000336
371	0.37500000000000333
372	0.3680000000000033
373	0.38800000000000334
374	0.41900000000000337
375	0.48400000000000337
376	0.5150000000000033
377	0.5500000000000034
378	0.5920000000000034
379	0.6440000000000035
380	0.6810000000000035
381	0.7000000000000035
382	0.7320000000000035
383	0.7500000000000036
384	0.7670000000000036
385	0.7740000000000036
386	0.7790000000000036
387	0.7850000000000036
388	0.7840000000000036
389	0.7850000000000036
390	0.7230000000000035
391	0.5520000000000036
392	0.5060000000000036
393	0.45700000000000357
394	0.4070000000000036
395	0.37500000000000355
396	0.36800000000000355
397	0.38800000000000356
398	0.4190000000000036
399	0.4840000000000036
400	0.5150000000000036
401	0.5500000000000036
402	0.5920000000000036
403	0.6440000000000037
404	0.6810000000000037
405	0.7000000000000037
406	0.7320000000000038
407	0.7500000000000038
408	0.7550000000000038
409	0.7560000000000038
410	0.7570000000000038
411	0.7560000000000038
412	0.7560000000000038
413	0.6860000000000038
414	0.46800000000000386
415	0.39800000000000385
416	0.3620000000000039
417	0.3250000000000039
418	0.2800000000000039
419	0.2530000000000039
420	0.24300000000000388
421	0.23600000000000387
422	0.24700000000000388
423	0.3200000000000039
424	0.41900000000000387
425	0.44300000000000384
426	0.47700000000000387
427	0.5500000000000038
428	0.6200000000000039
429	0.6760000000000039
430	0.727000000000004
431	0.750000000000004
432	0.755000000000004
433	0.756000000000004
434	0.757000000000004
435	0.756000000000004
436	0.756000000000004
437	0.686000000000004
438	0.4680000000000041
439	0.3980000000000041
440	0.3620000000000041
441	0.3250000000000041
442	0.28000000000000413
443	0.2530000000000041
444	0.2430000000000041
445	0.2360000000000041
446	0.2470000000000041
447	0.3200000000000041
448	0.4190000000000041
449	0.44300000000000406
450	0.4770000000000041
451	0.550000000000004
452	0.6200000000000041
453	0.6760000000000042
454	0.7270000000000042
455	0.7500000000000042
456	0.7550000000000042
457	0.7560000000000042
458	0.7570000000000042
459	0.7560000000000042
460	0.7560000000000042
461	0.6860000000000043
462	0.4680000000000043
463	0.3980000000000043
464	0.3620000000000043
465	0.32500000000000434
466	0.28000000000000436
467	0.25300000000000433
468	0.24300000000000432
469	0.23600000000000432
470	0.24700000000000433
471	0.32000000000000434
472	0.4190000000000043
473	0.4430000000000043
474	0.4770000000000043
475	0.5500000000000043
476	0.6200000000000043
477	0.6760000000000044
478	0.7270000000000044
479	0.7500000000000044
480	0.7550000000000044
481	0.7560000000000044
482	0.7570000000000044
483	0.7560000000000044
484	0.7560000000000044
485	0.6860000000000045
486	0.4680000000000045
487	0.3980000000000045
488	0.36200000000000454
489	0.32500000000000456
490	0.2800000000000046
491	0.25300000000000455
492	0.24300000000000455
493	0.23600000000000454
494	0.24700000000000455
495	0.32000000000000456
496	0.41900000000000454
497	0.4430000000000045
498	0.47700000000000453
499	0.5500000000000045
500	0.6200000000000045
501	0.6760000000000046
502	0.7270000000000046
503	0.7500000000000047
504	0.7550000000000047
505	0.7560000000000047
506	0.7570000000000047
507	0.7560000000000047
508	0.7560000000000047
509	0.6860000000000047
510	0.46800000000000475
511	0.39800000000000474
512	0.36200000000000476
513	0.3250000000000048
514	0.2800000000000048
515	0.2530000000000048
516	0.24300000000000477
517	0.23600000000000476
518	0.24700000000000477
519	0.3200000000000048
520	0.41900000000000476
521	0.4430000000000047
522	0.47700000000000475
523	0.5500000000000047
524	0.6200000000000048
525	0.6760000000000048
526	0.7270000000000049
527	0.7500000000000049
528	0.7670000000000049
529	0.7740000000000049
530	0.7790000000000049
531	0.7850000000000049
532	0.7840000000000049
533	0.7850000000000049
534	0.7230000000000049
535	0.5520000000000049
536	0.5060000000000049
537	0.4570000000000049
538	0.4070000000000049
539	0.3750000000000049
540	0.3680000000000049
541	0.3880000000000049
542	0.4190000000000049
543	0.4840000000000049
544	0.5150000000000049
545	0.5500000000000049
546	0.592000000000005
547	0.644000000000005
548	0.681000000000005
549	0.7000000000000051
550	0.7320000000000051
551	0.7500000000000051
552	0.7670000000000051
553	0.7740000000000051
554	0.7790000000000051
555	0.7850000000000051
556	0.7840000000000051
557	0.7850000000000051
558	0.7230000000000051
559	0.5520000000000052
560	0.5060000000000051
561	0.4570000000000051
562	0.40700000000000514
563	0.3750000000000051
564	0.3680000000000051
565	0.3880000000000051
566	0.41900000000000515
567	0.48400000000000515
568	0.5150000000000051
569	0.5500000000000052
570	0.5920000000000052
571	0.6440000000000052
572	0.6810000000000053
573	0.7000000000000053
574	0.7320000000000053
575	0.7500000000000053
576	0.7550000000000053
577	0.7560000000000053
578	0.7570000000000053
579	0.7560000000000053
580	0.7560000000000053
581	0.6860000000000054
582	0.4680000000000054
583	0.3980000000000054
584	0.36200000000000543
585	0.32500000000000545
586	0.28000000000000547
587	0.25300000000000544
588	0.24300000000000543
589	0.23600000000000543
590	0.24700000000000544
591	0.32000000000000545
592	0.4190000000000054
593	0.4430000000000054
594	0.4770000000000054
595	0.5500000000000054
596	0.6200000000000054
597	0.6760000000000055
598	0.7270000000000055
599	0.7500000000000056
600	0.7550000000000056
601	0.7560000000000056
602	0.7570000000000056
603	0.7560000000000056
604	0.7560000000000056
605	0.6860000000000056
606	0.46800000000000563
607	0.3980000000000056
608	0.36200000000000565
609	0.3250000000000057
610	0.2800000000000057
611	0.25300000000000566
612	0.24300000000000566
613	0.23600000000000565
614	0.24700000000000566
615	0.32000000000000567
616	0.41900000000000565
617	0.4430000000000056
618	0.47700000000000564
619	0.5500000000000056
620	0.6200000000000057
621	0.6760000000000057
622	0.7270000000000058
623	0.7500000000000058
624	0.7550000000000058
625	0.7560000000000058
626	0.7570000000000058
627	0.7560000000000058
628	0.7560000000000058
629	0.6860000000000058
630	0.46800000000000586
631	0.39800000000000585
632	0.3620000000000059
633	0.3250000000000059
634	0.2800000000000059
635	0.2530000000000059
636	0.24300000000000588
637	0.23600000000000587
638	0.24700000000000588
639	0.3200000000000059
640	0.41900000000000587
641	0.44300000000000583
642	0.47700000000000586
643	0.5500000000000058
644	0.6200000000000059
645	0.6760000000000059
646	0.727000000000006
647	0.750000000000006
648	0.755000000000006
649	0.756000000000006
650	0.757000000000006
651	0.756000000000006
652	0.756000000000006
653	0.686000000000006
654	0.4680000000000061
655	0.39800000000000607
656	0.3620000000000061
657	0.3250000000000061
658	0.28000000000000613
659	0.2530000000000061
660	0.2430000000000061
661	0.2360000000000061
662	0.2470000000000061
663	0.3200000000000061
664	0.4190000000000061
665	0.44300000000000606
666	0.4770000000000061
667	0.550000000000006
668	0.6200000000000061
669	0.6760000000000062
670	0.7270000000000062
671	0.7500000000000062
672	0.7550000000000062
673	0.7560000000000062
674	0.7570000000000062
675	0.7560000000000062
676	0.7560000000000062
677	0.6860000000000063
678	0.4680000000000063
679	0.3980000000000063
680	0.3620000000000063
681	0.32500000000000634
682	0.28000000000000635
683	0.25300000000000633
684	0.24300000000000632
685	0.23600000000000632
686	0.24700000000000633
687	0.32000000000000633
688	0.4190000000000063
689	0.4430000000000063
690	0.4770000000000063
691	0.5500000000000063
692	0.6200000000000063
693	0.6760000000000064
694	0.7270000000000064
695	0.7500000000000064
696	0.7670000000000065
697	0.7740000000000065
698	0.7790000000000065
699	0.7850000000000065
700	0.7840000000000065
701	0.7850000000000065
702	0.7230000000000064
703	0.5520000000000065
704	0.5060000000000064
705	0.45700000000000646
706	0.40700000000000647
707	0.37500000000000644
708	0.36800000000000643
709	0.38800000000000645
710	0.4190000000000065
711	0.4840000000000065
712	0.5150000000000065
713	0.5500000000000065
714	0.5920000000000065
715	0.6440000000000066
716	0.6810000000000066
717	0.7000000000000066
718	0.7320000000000066
719	0.7500000000000067
720	0.7670000000000067
721	0.7740000000000067
722	0.7790000000000067
723	0.7850000000000067
724	0.7840000000000067
725	0.7850000000000067
726	0.7230000000000066
727	0.5520000000000067
728	0.5060000000000067
729	0.4570000000000067
730	0.4070000000000067
731	0.37500000000000666
732	0.36800000000000666
733	0.3880000000000067
734	0.4190000000000067
735	0.4840000000000067
736	0.5150000000000067
737	0.5500000000000067
738	0.5920000000000067
739	0.6440000000000068
740	0.6810000000000068
741	0.7000000000000068
742	0.7320000000000069
743	0.7500000000000069
744	0.7550000000000069
745	0.7560000000000069
746	0.7570000000000069
747	0.7560000000000069
748	0.7560000000000069
749	0.6860000000000069
750	0.46800000000000697
751	0.39800000000000696
752	0.362000000000007
753	0.325000000000007
754	0.280000000000007
755	0.253000000000007
756	0.243000000000007
757	0.23600000000000698
758	0.247000000000007
759	0.320000000000007
760	0.419000000000007
761	0.44300000000000694
762	0.477000000000007
763	0.5500000000000069
764	0.620000000000007
765	0.676000000000007
766	0.7270000000000071
767	0.7500000000000071
768	0.7550000000000071
769	0.7560000000000071
770	0.7570000000000071
771	0.7560000000000071
772	0.7560000000000071
773	0.6860000000000072
774	0.4680000000000072
775	0.3980000000000072
776	0.3620000000000072
777	0.3250000000000072
778	0.28000000000000724
779	0.2530000000000072
780	0.2430000000000072
781	0.2360000000000072
782	0.2470000000000072
783	0.3200000000000072
784	0.4190000000000072
785	0.44300000000000717
786	0.4770000000000072
787	0.5500000000000071
788	0.6200000000000072
789	0.6760000000000073
790	0.7270000000000073
791	0.7500000000000073
792	0.7550000000000073
793	0.7560000000000073
794	0.7570000000000073
795	0.7560000000000073
796	0.7560000000000073
797	0.6860000000000074
798	0.4680000000000074
799	0.3980000000000074
800	0.3620000000000074
801	0.32500000000000745
802	0.28000000000000747
803	0.25300000000000744
804	0.24300000000000743
805	0.23600000000000743
806	0.24700000000000744
807	0.32000000000000745
808	0.4190000000000074
809	0.4430000000000074
810	0.4770000000000074
811	0.5500000000000074
812	0.6200000000000074
813	0.6760000000000075
814	0.7270000000000075
815	0.7500000000000075
816	0.7550000000000076
817	0.7560000000000076
818	0.7570000000000076
819	0.7560000000000076
820	0.7560000000000076
821	0.6860000000000076
822	0.46800000000000763
823	0.3980000000000076
824	0.36200000000000765
825	0.32500000000000767
826	0.2800000000000077
827	0.25300000000000766
828	0.24300000000000765
829	0.23600000000000765
830	0.24700000000000766
831	0.32000000000000767
832	0.41900000000000764
833	0.4430000000000076
834	0.47700000000000764
835	0.5500000000000076
836	0.6200000000000077
837	0.6760000000000077
838	0.7270000000000078
839	0.7500000000000078
840	0.7550000000000078
841	0.7560000000000078
842	0.7570000000000078
843	0.7560000000000078
844	0.7560000000000078
845	0.6860000000000078
846	0.46800000000000785
847	0.39800000000000785
848	0.36200000000000787
849	0.3250000000000079
850	0.2800000000000079
851	0.2530000000000079
852	0.24300000000000788
853	0.23600000000000787
854	0.24700000000000788
855	0.3200000000000079
856	0.41900000000000787
857	0.44300000000000783
858	0.47700000000000786
859	0.5500000000000078
860	0.6200000000000079
861	0.6760000000000079
862	0.727000000000008
863	0.750000000000008
864	0.767000000000008
865	0.774000000000008
866	0.779000000000008
867	0.785000000000008
868	0.784000000000008
869	0.785000000000008
870	0.723000000000008
871	0.552000000000008
872	0.506000000000008
873	0.457000000000008
874	0.407000000000008
875	0.375000000000008
876	0.368000000000008
877	0.388000000000008
878	0.41900000000000803
879	0.48400000000000803
880	0.515000000000008
881	0.550000000000008
882	0.5920000000000081
883	0.6440000000000081
884	0.6810000000000082
885	0.7000000000000082
886	0.7320000000000082
887	0.7500000000000082
888	0.7670000000000082
889	0.7740000000000082
890	0.7790000000000082
891	0.7850000000000082
892	0.7840000000000082
893	0.7850000000000082
894	0.7230000000000082
895	0.5520000000000083
896	0.5060000000000082
897	0.45700000000000823
898	0.40700000000000824
899	0.3750000000000082
900	0.3680000000000082
901	0.3880000000000082
902	0.41900000000000825
903	0.48400000000000826
904	0.5150000000000082
905	0.5500000000000083
906	0.5920000000000083
907	0.6440000000000083
908	0.6810000000000084
909	0.7000000000000084
910	0.7320000000000084
911	0.7500000000000084
912	0.7550000000000084
913	0.7560000000000084
914	0.7570000000000084
915	0.7560000000000084
916	0.7560000000000084
917	0.6860000000000085
918	0.4680000000000085
919	0.3980000000000085
920	0.36200000000000854
921	0.32500000000000856
922	0.2800000000000086
923	0.25300000000000855
924	0.24300000000000854
925	0.23600000000000854
926	0.24700000000000855
927	0.32000000000000856
928	0.41900000000000853
929	0.4430000000000085
930	0.47700000000000853
931	0.5500000000000085
932	0.6200000000000085
933	0.6760000000000086
934	0.7270000000000086
935	0.7500000000000087
936	0.7550000000000087
937	0.7560000000000087
938	0.7570000000000087
939	0.7560000000000087
940	0.7560000000000087
941	0.6860000000000087
942	0.46800000000000874
943	0.39800000000000874
944	0.36200000000000876
945	0.3250000000000088
946	0.2800000000000088
947	0.2530000000000088
948	0.24300000000000876
949	0.23600000000000876
950	0.24700000000000877
951	0.3200000000000088
952	0.41900000000000875
953	0.4430000000000087
954	0.47700000000000875
955	0.5500000000000087
956	0.6200000000000088
957	0.6760000000000088
958	0.7270000000000089
959	0.7500000000000089
960	0.7550000000000089
961	0.7560000000000089
962	0.7570000000000089
963	0.7560000000000089
964	0.7560000000000089
965	0.6860000000000089
966	0.46800000000000896
967	0.39800000000000896
968	0.362000000000009
969	0.325000000000009
970	0.280000000000009
971	0.253000000000009
972	0.243000000000009
973	0.23600000000000898
974	0.247000000000009
975	0.320000000000009
976	0.419000000000009
977	0.44300000000000894
978	0.477000000000009
979	0.5500000000000089
980	0.620000000000009
981	0.676000000000009
982	0.7270000000000091
983	0.7500000000000091
984	0.7550000000000091
985	0.7560000000000091
986	0.7570000000000091
987	0.7560000000000091
988	0.7560000000000091
989	0.6860000000000092
990	0.4680000000000092
991	0.3980000000000092
992	0.3620000000000092
993	0.3250000000000092
994	0.28000000000000924
995	0.2530000000000092
996	0.2430000000000092
997	0.2360000000000092
998	0.2470000000000092
999	0.3200000000000092
1000	0.4190000000000092
1001	0.44300000000000916
1002	0.4770000000000092
1003	0.5500000000000091
1004	0.6200000000000092
1005	0.6760000000000093
1006	0.7270000000000093
1007	0.7500000000000093
1008	0.7550000000000093
1009	0.7560000000000093
1010	0.7570000000000093
1011	0.7560000000000093
1012	0.7560000000000093
1013	0.6860000000000094
1014	0.4680000000000094
1015	0.3980000000000094
1016	0.3620000000000094
1017	0.32500000000000945
1018	0.28000000000000946
1019	0.25300000000000944
1020	0.24300000000000943
1021	0.23600000000000942
1022	0.24700000000000943
1023	0.32000000000000944
1024	0.4190000000000094
1025	0.4430000000000094
1026	0.4770000000000094
1027	0.5500000000000094
1028	0.6200000000000094
1029	0.6760000000000095
1030	0.7270000000000095
1031	0.7500000000000095
1032	0.7670000000000096
1033	0.7740000000000096
1034	0.7790000000000096
1035	0.7850000000000096
1036	0.7840000000000096
1037	0.7850000000000096
1038	0.7230000000000095
1039	0.5520000000000096
1040	0.5060000000000096
1041	0.45700000000000957
1042	0.4070000000000096
1043	0.37500000000000955
1044	0.36800000000000954
1045	0.38800000000000956
1046	0.4190000000000096
1047	0.4840000000000096
1048	0.5150000000000096
1049	0.5500000000000096
1050	0.5920000000000096
1051	0.6440000000000097
1052	0.6810000000000097
1053	0.7000000000000097
1054	0.7320000000000098
1055	0.7500000000000098
1056	0.7670000000000098
1057	0.7740000000000098
1058	0.7790000000000098
1059	0.7850000000000098
1060	0.7840000000000098
1061	0.7850000000000098
1062	0.7230000000000097
1063	0.5520000000000098
1064	0.5060000000000098
1065	0.4570000000000098
1066	0.4070000000000098
1067	0.37500000000000977
1068	0.36800000000000976
1069	0.3880000000000098
1070	0.4190000000000098
1071	0.4840000000000098
1072	0.5150000000000098
1073	0.5500000000000098
1074	0.5920000000000099
1075	0.6440000000000099
1076	0.6810000000000099
1077	0.70000000000001
1078	0.73200000000001
1079	0.75000000000001
1080	0.75500000000001
1081	0.75600000000001
1082	0.75700000000001
1083	0.75600000000001
1084	0.75600000000001
1085	0.68600000000001
1086	0.4680000000000101
1087	0.39800000000001007
1088	0.3620000000000101
1089	0.3250000000000101
1090	0.28000000000001013
1091	0.2530000000000101
1092	0.2430000000000101
1093	0.2360000000000101
1094	0.2470000000000101
1095	0.3200000000000101
1096	0.4190000000000101
1097	0.44300000000001005
1098	0.4770000000000101
1099	0.55000000000001
1100	0.6200000000000101
1101	0.6760000000000101
1102	0.7270000000000102
1103	0.7500000000000102
1104	0.7550000000000102
1105	0.7560000000000102
1106	0.7570000000000102
1107	0.7560000000000102
1108	0.7560000000000102
1109	0.6860000000000103
1110	0.4680000000000103
1111	0.3980000000000103
1112	0.3620000000000103
1113	0.32500000000001034
1114	0.28000000000001035
1115	0.2530000000000103
1116	0.24300000000001032
1117	0.2360000000000103
1118	0.24700000000001032
1119	0.32000000000001033
1120	0.4190000000000103
1121	0.4430000000000103
1122	0.4770000000000103
1123	0.5500000000000103
1124	0.6200000000000103
1125	0.6760000000000104
1126	0.7270000000000104
1127	0.7500000000000104
1128	0.7550000000000104
1129	0.7560000000000104
1130	0.7570000000000104
1131	0.7560000000000104
1132	0.7560000000000104
1133	0.6860000000000105
1134	0.4680000000000105
1135	0.3980000000000105
1136	0.36200000000001054
1137	0.32500000000001056
1138	0.2800000000000106
1139	0.25300000000001055
1140	0.24300000000001054
1141	0.23600000000001053
1142	0.24700000000001054
1143	0.32000000000001055
1144	0.41900000000001053
1145	0.4430000000000105
1146	0.4770000000000105
1147	0.5500000000000105
1148	0.6200000000000105
1149	0.6760000000000106
1150	0.7270000000000106
1151	0.7500000000000107
1152	0.7550000000000107
1153	0.7560000000000107
1154	0.7570000000000107
1155	0.7560000000000107
1156	0.7560000000000107
1157	0.6860000000000107
1158	0.46800000000001074
1159	0.39800000000001073
1160	0.36200000000001076
1161	0.3250000000000108
1162	0.2800000000000108
1163	0.25300000000001077
1164	0.24300000000001076
1165	0.23600000000001076
1166	0.24700000000001077
1167	0.3200000000000108
1168	0.41900000000001075
1169	0.4430000000000107
1170	0.47700000000001075
1171	0.5500000000000107
1172	0.6200000000000108
1173	0.6760000000000108
1174	0.7270000000000109
1175	0.7500000000000109
1176	0.7550000000000109
1177	0.7560000000000109
1178	0.7570000000000109
1179	0.7560000000000109
1180	0.7560000000000109
1181	0.6860000000000109
1182	0.46800000000001096
1183	0.39800000000001096
1184	0.362000000000011
1185	0.325000000000011
1186	0.280000000000011
1187	0.253000000000011
1188	0.24300000000001098
1189	0.23600000000001098
1190	0.247000000000011
1191	0.320000000000011
1192	0.419000000000011
1193	0.44300000000001094
1194	0.47700000000001097
1195	0.5500000000000109
1196	0.620000000000011
1197	0.676000000000011
1198	0.7270000000000111
1199	0.7500000000000111
1200	0.7670000000000111
1201	0.7740000000000111
1202	0.7790000000000111
1203	0.7850000000000111
1204	0.7840000000000111
1205	0.7850000000000111
1206	0.7230000000000111
1207	0.5520000000000111
1208	0.5060000000000111
1209	0.4570000000000111
1210	0.40700000000001113
1211	0.3750000000000111
1212	0.3680000000000111
1213	0.3880000000000111
1214	0.41900000000001114
1215	0.48400000000001114
1216	0.5150000000000111
1217	0.5500000000000111
1218	0.5920000000000112
1219	0.6440000000000112
1220	0.6810000000000113
1221	0.7000000000000113
1222	0.7320000000000113
1223	0.7500000000000113
1224	0.7670000000000113
1225	0.7740000000000113
1226	0.7790000000000114
1227	0.7850000000000114
1228	0.7840000000000114
1229	0.7850000000000114
1230	0.7230000000000113
1231	0.5520000000000114
1232	0.5060000000000113
1233	0.45700000000001134
1234	0.40700000000001135
1235	0.3750000000000113
1236	0.3680000000000113
1237	0.38800000000001134
1238	0.41900000000001136
1239	0.48400000000001137
1240	0.5150000000000113
1241	0.5500000000000114
1242	0.5920000000000114
1243	0.6440000000000115
1244	0.6810000000000115
1245	0.7000000000000115
1246	0.7320000000000115
1247	0.7500000000000115
1248	0.7550000000000116
1249	0.7560000000000116
1250	0.7570000000000116
1251	0.7560000000000116
1252	0.7560000000000116
1253	0.6860000000000116
1254	0.46800000000001163
1255	0.3980000000000116
1256	0.36200000000001165
1257	0.32500000000001167
1258	0.2800000000000117
1259	0.25300000000001166
1260	0.24300000000001165
1261	0.23600000000001164
1262	0.24700000000001165
1263	0.32000000000001166
1264	0.41900000000001164
1265	0.4430000000000116
1266	0.47700000000001164
1267	0.5500000000000116
1268	0.6200000000000117
1269	0.6760000000000117
1270	0.7270000000000117
1271	0.7500000000000118
1272	0.7550000000000118
1273	0.7560000000000118
1274	0.7570000000000118
1275	0.7560000000000118
1276	0.7560000000000118
1277	0.6860000000000118
1278	0.46800000000001185
1279	0.39800000000001184
1280	0.36200000000001187
1281	0.3250000000000119
1282	0.2800000000000119
1283	0.2530000000000119
1284	0.24300000000001187
1285	0.23600000000001187
1286	0.24700000000001188
1287	0.3200000000000119
1288	0.41900000000001186
1289	0.44300000000001183
1290	0.47700000000001186
1291	0.5500000000000118
1292	0.6200000000000119
1293	0.6760000000000119
1294	0.727000000000012
1295	0.750000000000012
1296	0.755000000000012
1297	0.756000000000012
1298	0.757000000000012
1299	0.756000000000012
1300	0.756000000000012
1301	0.686000000000012
1302	0.4680000000000121
1303	0.39800000000001207
1304	0.3620000000000121
1305	0.3250000000000121
1306	0.28000000000001213
1307	0.2530000000000121
1308	0.2430000000000121
1309	0.2360000000000121
1310	0.2470000000000121
1311	0.3200000000000121
1312	0.4190000000000121
1313	0.44300000000001205
1314	0.4770000000000121
1315	0.550000000000012
1316	0.6200000000000121
1317	0.6760000000000121
1318	0.7270000000000122
1319	0.7500000000000122
1320	0.7550000000000122
1321	0.7560000000000122
1322	0.7570000000000122
1323	0.7560000000000122
1324	0.7560000000000122
1325	0.6860000000000123
1326	0.4680000000000123
1327	0.3980000000000123
1328	0.3620000000000123
1329	0.32500000000001233
1330	0.28000000000001235
1331	0.2530000000000123
1332	0.24300000000001232
1333	0.2360000000000123
1334	0.24700000000001232
1335	0.32000000000001233
1336	0.4190000000000123
1337	0.4430000000000123
1338	0.4770000000000123
1339	0.5500000000000123
1340	0.6200000000000123
1341	0.6760000000000124
1342	0.7270000000000124
1343	0.7500000000000124
1344	0.7550000000000124
1345	0.7560000000000124
1346	0.7570000000000124
1347	0.7560000000000124
1348	0.7560000000000124
1349	0.6860000000000125
1350	0.4680000000000125
1351	0.3980000000000125
1352	0.36200000000001253
1353	0.32500000000001256
1354	0.28000000000001257
1355	0.25300000000001255
1356	0.24300000000001254
1357	0.23600000000001253
1358	0.24700000000001254
1359	0.32000000000001255
1360	0.41900000000001253
1361	0.4430000000000125
1362	0.4770000000000125
1363	0.5500000000000125
1364	0.6200000000000125
1365	0.6760000000000126
1366	0.7270000000000126
1367	0.7500000000000127
1368	0.7670000000000127
1369	0.7740000000000127
1370	0.7790000000000127
1371	0.7850000000000127
1372	0.7840000000000127
1373	0.7850000000000127
1374	0.7230000000000126
1375	0.5520000000000127
1376	0.5060000000000127
1377	0.4570000000000127
1378	0.4070000000000127
1379	0.37500000000001266
1380	0.36800000000001265
1381	0.38800000000001267
1382	0.4190000000000127
1383	0.4840000000000127
1384	0.5150000000000127
1385	0.5500000000000127
1386	0.5920000000000127
1387	0.6440000000000128
1388	0.6810000000000128
1389	0.7000000000000128
1390	0.7320000000000129
1391	0.7500000000000129
1392	0.7670000000000129
1393	0.7740000000000129
1394	0.7790000000000129
1395	0.7850000000000129
1396	0.7840000000000129
1397	0.7850000000000129
1398	0.7230000000000129
1399	0.5520000000000129
1400	0.5060000000000129
1401	0.4570000000000129
1402	0.4070000000000129
1403	0.3750000000000129
1404	0.3680000000000129
1405	0.3880000000000129
1406	0.4190000000000129
1407	0.4840000000000129
1408	0.5150000000000129
1409	0.5500000000000129
1410	0.592000000000013
1411	0.644000000000013
1412	0.681000000000013
1413	0.7000000000000131
1414	0.7320000000000131
1415	0.7500000000000131
1416	0.7550000000000131
1417	0.7560000000000131
1418	0.7570000000000131
1419	0.7560000000000131
1420	0.7560000000000131
1421	0.6860000000000132
1422	0.4680000000000132
1423	0.3980000000000132
1424	0.3620000000000132
1425	0.3250000000000132
1426	0.28000000000001324
1427	0.2530000000000132
1428	0.2430000000000132
1429	0.2360000000000132
1430	0.2470000000000132
1431	0.3200000000000132
1432	0.4190000000000132
1433	0.44300000000001316
1434	0.4770000000000132
1435	0.5500000000000131
1436	0.6200000000000132
1437	0.6760000000000133
1438	0.7270000000000133
1439	0.7500000000000133
1440	0.7550000000000133
1441	0.7560000000000133
1442	0.7570000000000133
1443	0.7560000000000133
1444	0.7560000000000133
1445	0.6860000000000134
1446	0.4680000000000134
1447	0.3980000000000134
1448	0.3620000000000134
1449	0.32500000000001344
1450	0.28000000000001346
1451	0.25300000000001344
1452	0.24300000000001343
1453	0.23600000000001342
1454	0.24700000000001343
1455	0.32000000000001344
1456	0.4190000000000134
1457	0.4430000000000134
1458	0.4770000000000134
1459	0.5500000000000134
1460	0.6200000000000134
1461	0.6760000000000135
1462	0.7270000000000135
1463	0.7500000000000135
1464	0.7550000000000135
1465	0.7560000000000136
1466	0.7570000000000136
1467	0.7560000000000136
1468	0.7560000000000136
1469	0.6860000000000136
1470	0.4680000000000136
1471	0.3980000000000136
1472	0.36200000000001364
1473	0.32500000000001367
1474	0.2800000000000137
1475	0.25300000000001366
1476	0.24300000000001365
1477	0.23600000000001364
1478	0.24700000000001365
1479	0.32000000000001366
1480	0.41900000000001364
1481	0.4430000000000136
1482	0.47700000000001364
1483	0.5500000000000136
1484	0.6200000000000137
1485	0.6760000000000137
1486	0.7270000000000137
1487	0.7500000000000138
1488	0.7550000000000138
1489	0.7560000000000138
1490	0.7570000000000138
1491	0.7560000000000138
1492	0.7560000000000138
1493	0.6860000000000138
1494	0.46800000000001385
1495	0.39800000000001384
1496	0.36200000000001387
1497	0.3250000000000139
1498	0.2800000000000139
1499	0.2530000000000139
1500	0.24300000000001387
1501	0.23600000000001387
1502	0.24700000000001388
1503	0.3200000000000139
1504	0.41900000000001386
1505	0.4430000000000138
1506	0.47700000000001386
1507	0.5500000000000138
1508	0.6200000000000139
1509	0.6760000000000139
1510	0.727000000000014
1511	0.750000000000014
1512	0.755000000000014
1513	0.756000000000014
1514	0.757000000000014
1515	0.756000000000014
1516	0.756000000000014
1517	0.686000000000014
1518	0.46800000000001407
1519	0.39800000000001406
1520	0.3620000000000141
1521	0.3250000000000141
1522	0.2800000000000141
1523	0.2530000000000141
1524	0.2430000000000141
1525	0.2360000000000141
1526	0.2470000000000141
1527	0.3200000000000141
1528	0.4190000000000141
1529	0.44300000000001405
1530	0.4770000000000141
1531	0.550000000000014
1532	0.6200000000000141
1533	0.6760000000000141
1534	0.7270000000000142
1535	0.7500000000000142
1536	0.7670000000000142
1537	0.7740000000000142
1538	0.7790000000000142
1539	0.7850000000000142
1540	0.7840000000000142
1541	0.7850000000000142
1542	0.7230000000000142
1543	0.5520000000000143
1544	0.5060000000000142
1545	0.45700000000001423
1546	0.40700000000001424
1547	0.3750000000000142
1548	0.3680000000000142
1549	0.3880000000000142
1550	0.41900000000001425
1551	0.48400000000001425
1552	0.5150000000000142
1553	0.5500000000000143
1554	0.5920000000000143
1555	0.6440000000000143
1556	0.6810000000000144
1557	0.7000000000000144
1558	0.7320000000000144
1559	0.7500000000000144
1560	0.7670000000000144
1561	0.7740000000000145
1562	0.7790000000000145
1563	0.7850000000000145
1564	0.7840000000000145
1565	0.7850000000000145
1566	0.7230000000000144
1567	0.5520000000000145
1568	0.5060000000000144
1569	0.45700000000001445
1570	0.40700000000001446
1571	0.37500000000001443
1572	0.3680000000000144
1573	0.38800000000001444
1574	0.41900000000001447
1575	0.4840000000000145
1576	0.5150000000000144
1577	0.5500000000000145
1578	0.5920000000000145
1579	0.6440000000000146
1580	0.6810000000000146
1581	0.7000000000000146
1582	0.7320000000000146
1583	0.7500000000000147
1584	0.7550000000000147
1585	0.7560000000000147
1586	0.7570000000000147
1587	0.7560000000000147
1588	0.7560000000000147
1589	0.6860000000000147
1590	0.46800000000001474
1591	0.39800000000001473
1592	0.36200000000001475
1593	0.3250000000000148
1594	0.2800000000000148
1595	0.25300000000001477
1596	0.24300000000001476
1597	0.23600000000001475
1598	0.24700000000001476
1599	0.3200000000000148
1600	0.41900000000001475
1601	0.4430000000000147
1602	0.47700000000001475
1603	0.5500000000000147
1604	0.6200000000000148
1605	0.6760000000000148
1606	0.7270000000000149
1607	0.7500000000000149
1608	0.7550000000000149
1609	0.7560000000000149
1610	0.7570000000000149
1611	0.7560000000000149
1612	0.7560000000000149
1613	0.6860000000000149
1614	0.46800000000001496
1615	0.39800000000001495
1616	0.362000000000015
1617	0.325000000000015
1618	0.280000000000015
1619	0.253000000000015
1620	0.24300000000001498
1621	0.23600000000001498
1622	0.24700000000001499
1623	0.320000000000015
1624	0.41900000000001497
1625	0.44300000000001494
1626	0.47700000000001497
1627	0.5500000000000149
1628	0.620000000000015
1629	0.676000000000015
1630	0.7270000000000151
1631	0.7500000000000151
1632	0.7550000000000151
1633	0.7560000000000151
1634	0.7570000000000151
1635	0.7560000000000151
1636	0.7560000000000151
1637	0.6860000000000152
1638	0.4680000000000152
1639	0.3980000000000152
1640	0.3620000000000152
1641	0.3250000000000152
1642	0.28000000000001524
1643	0.2530000000000152
1644	0.2430000000000152
1645	0.2360000000000152
1646	0.2470000000000152
1647	0.3200000000000152
1648	0.4190000000000152
1649	0.44300000000001516
1650	0.4770000000000152
1651	0.5500000000000151
1652	0.6200000000000152
1653	0.6760000000000153
1654	0.7270000000000153
1655	0.7500000000000153
1656	0.7550000000000153
1657	0.7560000000000153
1658	0.7570000000000153
1659	0.7560000000000153
1660	0.7560000000000153
1661	0.6860000000000154
1662	0.4680000000000154
1663	0.3980000000000154
1664	0.3620000000000154
1665	0.32500000000001544
1666	0.28000000000001546
1667	0.25300000000001543
1668	0.24300000000001543
1669	0.23600000000001542
1670	0.24700000000001543
1671	0.32000000000001544
1672	0.4190000000000154
1673	0.4430000000000154
1674	0.4770000000000154
1675	0.5500000000000154
1676	0.6200000000000154
1677	0.6760000000000155
1678	0.7270000000000155
1679	0.7500000000000155
1680	0.7550000000000155
1681	0.7560000000000155
1682	0.7570000000000155
1683	0.7560000000000155
1684	0.7560000000000155
1685	0.6860000000000156
1686	0.4680000000000156
1687	0.3980000000000156
1688	0.36200000000001564
1689	0.32500000000001567
1690	0.2800000000000157
1691	0.25300000000001566
1692	0.24300000000001565
1693	0.23600000000001564
1694	0.24700000000001565
1695	0.32000000000001566
1696	0.41900000000001564
1697	0.4430000000000156
1698	0.47700000000001563
1699	0.5500000000000156
1700	0.6200000000000156
1701	0.6760000000000157
1702	0.7270000000000157
1703	0.7500000000000158
1704	0.7670000000000158
1705	0.7740000000000158
1706	0.7790000000000158
1707	0.7850000000000158
1708	0.7840000000000158
1709	0.7850000000000158
1710	0.7230000000000157
1711	0.5520000000000158
1712	0.5060000000000158
1713	0.4570000000000158
1714	0.4070000000000158
1715	0.37500000000001577
1716	0.36800000000001576
1717	0.3880000000000158
1718	0.4190000000000158
1719	0.4840000000000158
1720	0.5150000000000158
1721	0.5500000000000158
1722	0.5920000000000158
1723	0.6440000000000159
1724	0.6810000000000159
1725	0.7000000000000159
1726	0.732000000000016
1727	0.750000000000016
1728	0.767000000000016
1729	0.774000000000016
1730	0.779000000000016
1731	0.785000000000016
1732	0.784000000000016
1733	0.785000000000016
1734	0.723000000000016
1735	0.552000000000016
1736	0.506000000000016
1737	0.457000000000016
1738	0.407000000000016
1739	0.375000000000016
1740	0.368000000000016
1741	0.388000000000016
1742	0.419000000000016
1743	0.48400000000001603
1744	0.515000000000016
1745	0.550000000000016
1746	0.5920000000000161
1747	0.6440000000000161
1748	0.6810000000000161
1749	0.7000000000000162
1750	0.7320000000000162
1751	0.7500000000000162
1752	0.7550000000000162
1753	0.7560000000000162
1754	0.7570000000000162
1755	0.7560000000000162
1756	0.7560000000000162
1757	0.6860000000000163
1758	0.4680000000000163
1759	0.3980000000000163
1760	0.3620000000000163
1761	0.32500000000001633
1762	0.28000000000001635
1763	0.2530000000000163
1764	0.24300000000001631
1765	0.2360000000000163
1766	0.24700000000001632
1767	0.3200000000000163
1768	0.4190000000000163
1769	0.44300000000001627
1770	0.4770000000000163
1771	0.5500000000000163
1772	0.6200000000000163
1773	0.6760000000000164
1774	0.7270000000000164
1775	0.7500000000000164
1776	0.7550000000000164
1777	0.7560000000000164
1778	0.7570000000000164
1779	0.7560000000000164
1780	0.7560000000000164
1781	0.6860000000000165
1782	0.4680000000000165
1783	0.3980000000000165
1784	0.36200000000001653
1785	0.32500000000001655
1786	0.28000000000001657
1787	0.25300000000001654
1788	0.24300000000001654
1789	0.23600000000001653
1790	0.24700000000001654
1791	0.32000000000001655
1792	0.4190000000000165
1793	0.4430000000000165
1794	0.4770000000000165
1795	0.5500000000000165
1796	0.6200000000000165
1797	0.6760000000000166
1798	0.7270000000000166
1799	0.7500000000000167
1800	0.7550000000000167
1801	0.7560000000000167
1802	0.7570000000000167
1803	0.7560000000000167
1804	0.7560000000000167
1805	0.6860000000000167
1806	0.46800000000001674
1807	0.39800000000001673
1808	0.36200000000001675
1809	0.3250000000000168
1810	0.2800000000000168
1811	0.25300000000001677
1812	0.24300000000001676
1813	0.23600000000001675
1814	0.24700000000001676
1815	0.32000000000001677
1816	0.41900000000001675
1817	0.4430000000000167
1818	0.47700000000001674
1819	0.5500000000000167
1820	0.6200000000000168
1821	0.6760000000000168
1822	0.7270000000000169
1823	0.7500000000000169
1824	0.7550000000000169
1825	0.7560000000000169
1826	0.7570000000000169
1827	0.7560000000000169
1828	0.7560000000000169
1829	0.6860000000000169
1830	0.46800000000001696
1831	0.39800000000001695
1832	0.362000000000017
1833	0.325000000000017
1834	0.280000000000017
1835	0.253000000000017
1836	0.24300000000001698
1837	0.23600000000001697
1838	0.24700000000001698
1839	0.320000000000017
1840	0.41900000000001697
1841	0.44300000000001694
1842	0.47700000000001697
1843	0.5500000000000169
1844	0.620000000000017
1845	0.676000000000017
1846	0.7270000000000171
1847	0.7500000000000171
1848	0.7550000000000171
1849	0.7560000000000171
1850	0.7570000000000171
1851	0.7560000000000171
1852	0.7560000000000171
1853	0.6860000000000172
1854	0.4680000000000172
1855	0.3980000000000172
1856	0.3620000000000172
1857	0.3250000000000172
1858	0.28000000000001724
1859	0.2530000000000172
1860	0.2430000000000172
1861	0.2360000000000172
1862	0.2470000000000172
1863	0.3200000000000172
1864	0.4190000000000172
1865	0.44300000000001716
1866	0.4770000000000172
1867	0.5500000000000171
1868	0.6200000000000172
1869	0.6760000000000173
1870	0.7270000000000173
1871	0.7500000000000173
1872	0.7670000000000173
1873	0.7740000000000173
1874	0.7790000000000173
1875	0.7850000000000174
1876	0.7840000000000173
1877	0.7850000000000174
1878	0.7230000000000173
1879	0.5520000000000174
1880	0.5060000000000173
1881	0.45700000000001734
1882	0.40700000000001735
1883	0.3750000000000173
1884	0.3680000000000173
1885	0.38800000000001733
1886	0.41900000000001736
1887	0.48400000000001736
1888	0.5150000000000173
1889	0.5500000000000174
1890	0.5920000000000174
1891	0.6440000000000174
1892	0.6810000000000175
1893	0.7000000000000175
1894	0.7320000000000175
1895	0.7500000000000175
1896	0.7670000000000176
1897	0.7740000000000176
1898	0.7790000000000176
1899	0.7850000000000176
1900	0.7840000000000176
1901	0.7850000000000176
1902	0.7230000000000175
1903	0.5520000000000176
1904	0.5060000000000175
1905	0.45700000000001756
1906	0.40700000000001757
1907	0.37500000000001754
1908	0.36800000000001754
1909	0.38800000000001755
1910	0.4190000000000176
1911	0.4840000000000176
1912	0.5150000000000176
1913	0.5500000000000176
1914	0.5920000000000176
1915	0.6440000000000177
1916	0.6810000000000177
1917	0.7000000000000177
1918	0.7320000000000177
1919	0.7500000000000178
1920	0.7550000000000178
1921	0.7560000000000178
1922	0.7570000000000178
1923	0.7560000000000178
1924	0.7560000000000178
1925	0.6860000000000178
1926	0.46800000000001785
1927	0.39800000000001784
1928	0.36200000000001786
1929	0.3250000000000179
1930	0.2800000000000179
1931	0.2530000000000179
1932	0.24300000000001787
1933	0.23600000000001786
1934	0.24700000000001787
1935	0.3200000000000179
1936	0.41900000000001786
1937	0.4430000000000178
1938	0.47700000000001785
1939	0.5500000000000178
1940	0.6200000000000179
1941	0.6760000000000179
1942	0.727000000000018
1943	0.750000000000018
1944	0.755000000000018
1945	0.756000000000018
1946	0.757000000000018
1947	0.756000000000018
1948	0.756000000000018
1949	0.686000000000018
1950	0.46800000000001807
1951	0.39800000000001806
1952	0.3620000000000181
1953	0.3250000000000181
1954	0.2800000000000181
1955	0.2530000000000181
1956	0.2430000000000181
1957	0.23600000000001808
1958	0.2470000000000181
1959	0.3200000000000181
1960	0.4190000000000181
1961	0.44300000000001805
1962	0.4770000000000181
1963	0.550000000000018
1964	0.6200000000000181
1965	0.6760000000000181
1966	0.7270000000000182
1967	0.7500000000000182
1968	0.7550000000000182
1969	0.7560000000000182
1970	0.7570000000000182
1971	0.7560000000000182
1972	0.7560000000000182
1973	0.6860000000000183
1974	0.4680000000000183
1975	0.3980000000000183
1976	0.3620000000000183
1977	0.32500000000001833
1978	0.28000000000001835
1979	0.2530000000000183
1980	0.2430000000000183
1981	0.2360000000000183
1982	0.24700000000001832
1983	0.3200000000000183
1984	0.4190000000000183
1985	0.44300000000001827
1986	0.4770000000000183
1987	0.5500000000000183
1988	0.6200000000000183
1989	0.6760000000000184
1990	0.7270000000000184
1991	0.7500000000000184
1992	0.7550000000000184
1993	0.7560000000000184
1994	0.7570000000000184
1995	0.7560000000000184
1996	0.7560000000000184
1997	0.6860000000000185
1998	0.4680000000000185
1999	0.3980000000000185
2000	0.36200000000001853
2001	0.32500000000001855
2002	0.28000000000001857
2003	0.25300000000001854
2004	0.24300000000001853
2005	0.23600000000001853
2006	0.24700000000001854
2007	0.32000000000001855
2008	0.4190000000000185
2009	0.4430000000000185
2010	0.4770000000000185
2011	0.5500000000000185
2012	0.6200000000000185
2013	0.6760000000000186
2014	0.7270000000000186
2015	0.7500000000000187
2016	0.7550000000000187
2017	0.7560000000000187
2018	0.7570000000000187
2019	0.7560000000000187
2020	0.7560000000000187
2021	0.6860000000000187
2022	0.46800000000001873
2023	0.3980000000000187
2024	0.36200000000001875
2025	0.3250000000000188
2026	0.2800000000000188
2027	0.25300000000001877
2028	0.24300000000001876
2029	0.23600000000001875
2030	0.24700000000001876
2031	0.32000000000001877
2032	0.41900000000001875
2033	0.4430000000000187
2034	0.47700000000001874
2035	0.5500000000000187
2036	0.6200000000000188
2037	0.6760000000000188
2038	0.7270000000000189
2039	0.7500000000000189
2040	0.7670000000000189
2041	0.7740000000000189
2042	0.7790000000000189
2043	0.7850000000000189
2044	0.7840000000000189
2045	0.7850000000000189
2046	0.7230000000000188
2047	0.5520000000000189
2048	0.5060000000000189
2049	0.4570000000000189
2050	0.4070000000000189
2051	0.3750000000000189
2052	0.36800000000001887
2053	0.3880000000000189
2054	0.4190000000000189
2055	0.4840000000000189
2056	0.5150000000000189
2057	0.5500000000000189
2058	0.592000000000019
2059	0.644000000000019
2060	0.681000000000019
2061	0.700000000000019
2062	0.7320000000000191
2063	0.7500000000000191
2064	0.7670000000000191
2065	0.7740000000000191
2066	0.7790000000000191
2067	0.7850000000000191
2068	0.7840000000000191
2069	0.7850000000000191
2070	0.7230000000000191
2071	0.5520000000000191
2072	0.5060000000000191
2073	0.4570000000000191
2074	0.4070000000000191
2075	0.3750000000000191
2076	0.3680000000000191
2077	0.3880000000000191
2078	0.41900000000001913
2079	0.48400000000001914
2080	0.5150000000000191
2081	0.5500000000000191
2082	0.5920000000000192
2083	0.6440000000000192
2084	0.6810000000000193
2085	0.7000000000000193
2086	0.7320000000000193
2087	0.7500000000000193
2088	0.7550000000000193
2089	0.7560000000000193
2090	0.7570000000000193
2091	0.7560000000000193
2092	0.7560000000000193
2093	0.6860000000000194
2094	0.4680000000000194
2095	0.3980000000000194
2096	0.3620000000000194
2097	0.32500000000001944
2098	0.28000000000001946
2099	0.25300000000001943
2100	0.24300000000001942
2101	0.23600000000001942
2102	0.24700000000001943
2103	0.32000000000001944
2104	0.4190000000000194
2105	0.4430000000000194
2106	0.4770000000000194
2107	0.5500000000000194
2108	0.6200000000000194
2109	0.6760000000000195
2110	0.7270000000000195
2111	0.7500000000000195
2112	0.7550000000000195
2113	0.7560000000000195
2114	0.7570000000000195
2115	0.7560000000000195
2116	0.7560000000000195
2117	0.6860000000000196
2118	0.4680000000000196
2119	0.3980000000000196
2120	0.36200000000001964
2121	0.32500000000001966
2122	0.2800000000000197
2123	0.25300000000001965
2124	0.24300000000001964
2125	0.23600000000001964
2126	0.24700000000001965
2127	0.32000000000001966
2128	0.41900000000001963
2129	0.4430000000000196
2130	0.47700000000001963
2131	0.5500000000000196
2132	0.6200000000000196
2133	0.6760000000000197
2134	0.7270000000000197
2135	0.7500000000000198
2136	0.7550000000000198
2137	0.7560000000000198
2138	0.7570000000000198
2139	0.7560000000000198
2140	0.7560000000000198
2141	0.6860000000000198
2142	0.46800000000001984
2143	0.39800000000001984
2144	0.36200000000001986
2145	0.3250000000000199
2146	0.2800000000000199
2147	0.2530000000000199
2148	0.24300000000001987
2149	0.23600000000001986
2150	0.24700000000001987
2151	0.3200000000000199
2152	0.41900000000001986
2153	0.4430000000000198
2154	0.47700000000001985
2155	0.5500000000000198
2156	0.6200000000000199
2157	0.6760000000000199
2158	0.72700000000002
2159	0.75000000000002
2160	0.75500000000002
2161	0.75600000000002
2162	0.75700000000002
2163	0.75600000000002
2164	0.75600000000002
2165	0.68600000000002
2166	0.46800000000002007
2167	0.39800000000002006
2168	0.3620000000000201
2169	0.3250000000000201
2170	0.2800000000000201
2171	0.2530000000000201
2172	0.2430000000000201
2173	0.23600000000002008
2174	0.2470000000000201
2175	0.3200000000000201
2176	0.4190000000000201
2177	0.44300000000002004
2178	0.4770000000000201
2179	0.55000000000002
2180	0.6200000000000201
2181	0.6760000000000201
2182	0.7270000000000202
2183	0.7500000000000202
2184	0.7550000000000202
2185	0.7560000000000202
2186	0.7570000000000202
2187	0.7560000000000202
2188	0.7560000000000202
2189	0.6860000000000203
2190	0.4680000000000203
2191	0.3980000000000203
2192	0.3620000000000203
2193	0.32500000000002033
2194	0.28000000000002034
2195	0.2530000000000203
2196	0.2430000000000203
2197	0.2360000000000203
2198	0.24700000000002031
2199	0.3200000000000203
2200	0.4190000000000203
2201	0.44300000000002027
2202	0.4770000000000203
2203	0.5500000000000203
2204	0.6200000000000203
2205	0.6760000000000204
2206	0.7270000000000204
2207	0.7500000000000204
2208	0.7670000000000204
2209	0.7740000000000204
2210	0.7790000000000205
2211	0.7850000000000205
2212	0.7840000000000205
2213	0.7850000000000205
2214	0.7230000000000204
2215	0.5520000000000205
2216	0.5060000000000204
2217	0.45700000000002045
2218	0.40700000000002046
2219	0.37500000000002043
2220	0.3680000000000204
2221	0.38800000000002044
2222	0.41900000000002047
2223	0.48400000000002047
2224	0.5150000000000204
2225	0.5500000000000205
2226	0.5920000000000205
2227	0.6440000000000206
2228	0.6810000000000206
2229	0.7000000000000206
2230	0.7320000000000206
2231	0.7500000000000207
2232	0.7670000000000207
2233	0.7740000000000207
2234	0.7790000000000207
2235	0.7850000000000207
2236	0.7840000000000207
2237	0.7850000000000207
2238	0.7230000000000206
2239	0.5520000000000207
2240	0.5060000000000207
2241	0.45700000000002067
2242	0.4070000000000207
2243	0.37500000000002065
2244	0.36800000000002064
2245	0.38800000000002066
2246	0.4190000000000207
2247	0.4840000000000207
2248	0.5150000000000207
2249	0.5500000000000207
2250	0.5920000000000207
2251	0.6440000000000208
2252	0.6810000000000208
2253	0.7000000000000208
2254	0.7320000000000209
2255	0.7500000000000209
2256	0.7550000000000209
2257	0.7560000000000209
2258	0.7570000000000209
2259	0.7560000000000209
2260	0.7560000000000209
2261	0.6860000000000209
2262	0.46800000000002095
2263	0.39800000000002095
2264	0.36200000000002097
2265	0.325000000000021
2266	0.280000000000021
2267	0.253000000000021
2268	0.24300000000002098
2269	0.23600000000002097
2270	0.24700000000002098
2271	0.320000000000021
2272	0.41900000000002097
2273	0.44300000000002093
2274	0.47700000000002096
2275	0.5500000000000209
2276	0.620000000000021
2277	0.676000000000021
2278	0.7270000000000211
2279	0.7500000000000211
2280	0.7550000000000211
2281	0.7560000000000211
2282	0.7570000000000211
2283	0.7560000000000211
2284	0.7560000000000211
2285	0.6860000000000211
2286	0.4680000000000212
2287	0.39800000000002117
2288	0.3620000000000212
2289	0.3250000000000212
2290	0.28000000000002123
2291	0.2530000000000212
2292	0.2430000000000212
2293	0.2360000000000212
2294	0.2470000000000212
2295	0.3200000000000212
2296	0.4190000000000212
2297	0.44300000000002115
2298	0.4770000000000212
2299	0.5500000000000211
2300	0.6200000000000212
2301	0.6760000000000213
2302	0.7270000000000213
2303	0.7500000000000213
2304	0.7550000000000213
2305	0.7560000000000213
2306	0.7570000000000213
2307	0.7560000000000213
2308	0.7560000000000213
2309	0.6860000000000214
2310	0.4680000000000214
2311	0.3980000000000214
2312	0.3620000000000214
2313	0.32500000000002144
2314	0.28000000000002145
2315	0.25300000000002143
2316	0.24300000000002142
2317	0.23600000000002141
2318	0.24700000000002142
2319	0.32000000000002143
2320	0.4190000000000214
2321	0.4430000000000214
2322	0.4770000000000214
2323	0.5500000000000214
2324	0.6200000000000214
2325	0.6760000000000215
2326	0.7270000000000215
2327	0.7500000000000215
2328	0.7550000000000215
2329	0.7560000000000215
2330	0.7570000000000215
2331	0.7560000000000215
2332	0.7560000000000215
2333	0.6860000000000216
2334	0.4680000000000216
2335	0.3980000000000216
2336	0.36200000000002164
2337	0.32500000000002166
2338	0.2800000000000217
2339	0.25300000000002165
2340	0.24300000000002164
2341	0.23600000000002164
2342	0.24700000000002165
2343	0.32000000000002166
2344	0.41900000000002163
2345	0.4430000000000216
2346	0.47700000000002163
2347	0.5500000000000216
2348	0.6200000000000216
2349	0.6760000000000217
2350	0.7270000000000217
2351	0.7500000000000218
2352	0.7550000000000218
2353	0.7560000000000218
2354	0.7570000000000218
2355	0.7560000000000218
2356	0.7560000000000218
2357	0.6860000000000218
2358	0.46800000000002184
2359	0.39800000000002184
2360	0.36200000000002186
2361	0.3250000000000219
2362	0.2800000000000219
2363	0.2530000000000219
2364	0.24300000000002187
2365	0.23600000000002186
2366	0.24700000000002187
2367	0.3200000000000219
2368	0.41900000000002185
2369	0.4430000000000218
2370	0.47700000000002185
2371	0.5500000000000218
2372	0.6200000000000219
2373	0.6760000000000219
2374	0.727000000000022
2375	0.750000000000022
2376	0.767000000000022
2377	0.774000000000022
2378	0.779000000000022
2379	0.785000000000022
2380	0.784000000000022
2381	0.785000000000022
2382	0.723000000000022
2383	0.552000000000022
2384	0.506000000000022
2385	0.457000000000022
2386	0.407000000000022
2387	0.375000000000022
2388	0.368000000000022
2389	0.388000000000022
2390	0.419000000000022
2391	0.484000000000022
2392	0.515000000000022
2393	0.550000000000022
2394	0.5920000000000221
2395	0.6440000000000221
2396	0.6810000000000221
2397	0.7000000000000222
2398	0.7320000000000222
2399	0.7500000000000222
2400	0.7670000000000222
2401	0.7740000000000222
2402	0.7790000000000222
2403	0.7850000000000222
2404	0.7840000000000222
2405	0.7850000000000222
2406	0.7230000000000222
2407	0.5520000000000223
2408	0.5060000000000222
2409	0.4570000000000222
2410	0.40700000000002223
2411	0.3750000000000222
2412	0.3680000000000222
2413	0.3880000000000222
2414	0.41900000000002224
2415	0.48400000000002225
2416	0.5150000000000222
2417	0.5500000000000222
2418	0.5920000000000223
2419	0.6440000000000223
2420	0.6810000000000224
2421	0.7000000000000224
2422	0.7320000000000224
2423	0.7500000000000224
2424	0.7550000000000224
2425	0.7560000000000224
2426	0.7570000000000224
2427	0.7560000000000224
2428	0.7560000000000224
2429	0.6860000000000225
2430	0.4680000000000225
2431	0.3980000000000225
2432	0.3620000000000225
2433	0.32500000000002255
2434	0.28000000000002256
2435	0.25300000000002254
2436	0.24300000000002253
2437	0.23600000000002253
2438	0.24700000000002253
2439	0.32000000000002254
2440	0.4190000000000225
2441	0.4430000000000225
2442	0.4770000000000225
2443	0.5500000000000225
2444	0.6200000000000225
2445	0.6760000000000226
2446	0.7270000000000226
2447	0.7500000000000226
2448	0.7550000000000227
2449	0.7560000000000227
2450	0.7570000000000227
2451	0.7560000000000227
2452	0.7560000000000227
2453	0.6860000000000227
2454	0.46800000000002273
2455	0.3980000000000227
2456	0.36200000000002275
2457	0.32500000000002277
2458	0.2800000000000228
2459	0.25300000000002276
2460	0.24300000000002275
2461	0.23600000000002275
2462	0.24700000000002276
2463	0.32000000000002277
2464	0.41900000000002274
2465	0.4430000000000227
2466	0.47700000000002274
2467	0.5500000000000227
2468	0.6200000000000228
2469	0.6760000000000228
2470	0.7270000000000229
2471	0.7500000000000229
2472	0.7550000000000229
2473	0.7560000000000229
2474	0.7570000000000229
2475	0.7560000000000229
2476	0.7560000000000229
2477	0.6860000000000229
2478	0.46800000000002295
2479	0.39800000000002295
2480	0.36200000000002297
2481	0.325000000000023
2482	0.280000000000023
2483	0.253000000000023
2484	0.24300000000002298
2485	0.23600000000002297
2486	0.24700000000002298
2487	0.320000000000023
2488	0.41900000000002297
2489	0.44300000000002293
2490	0.47700000000002296
2491	0.5500000000000229
2492	0.620000000000023
2493	0.676000000000023
2494	0.7270000000000231
2495	0.7500000000000231
2496	0.7550000000000231
2497	0.7560000000000231
2498	0.7570000000000231
2499	0.7560000000000231
2500	0.7560000000000231
2501	0.6860000000000231
2502	0.4680000000000232
2503	0.39800000000002317
2504	0.3620000000000232
2505	0.3250000000000232
2506	0.28000000000002323
2507	0.2530000000000232
2508	0.2430000000000232
2509	0.2360000000000232
2510	0.2470000000000232
2511	0.3200000000000232
2512	0.4190000000000232
2513	0.44300000000002315
2514	0.4770000000000232
2515	0.5500000000000231
2516	0.6200000000000232
2517	0.6760000000000232
2518	0.7270000000000233
2519	0.7500000000000233
2520	0.7550000000000233
2521	0.7560000000000233
2522	0.7570000000000233
2523	0.7560000000000233
2524	0.7560000000000233
2525	0.6860000000000234
2526	0.4680000000000234
2527	0.3980000000000234
2528	0.3620000000000234
2529	0.32500000000002344
2530	0.28000000000002345
2531	0.25300000000002343
2532	0.24300000000002342
2533	0.2360000000000234
2534	0.24700000000002342
2535	0.32000000000002343
2536	0.4190000000000234
2537	0.4430000000000234
2538	0.4770000000000234
2539	0.5500000000000234
2540	0.6200000000000234
2541	0.6760000000000235
2542	0.7270000000000235
2543	0.7500000000000235
2544	0.7670000000000236
2545	0.7740000000000236
2546	0.7790000000000236
2547	0.7850000000000236
2548	0.7840000000000236
2549	0.7850000000000236
2550	0.7230000000000235
2551	0.5520000000000236
2552	0.5060000000000235
2553	0.45700000000002355
2554	0.40700000000002357
2555	0.37500000000002354
2556	0.36800000000002353
2557	0.38800000000002355
2558	0.4190000000000236
2559	0.4840000000000236
2560	0.5150000000000236
2561	0.5500000000000236
2562	0.5920000000000236
2563	0.6440000000000237
2564	0.6810000000000237
2565	0.7000000000000237
2566	0.7320000000000237
2567	0.7500000000000238
2568	0.7670000000000238
2569	0.7740000000000238
2570	0.7790000000000238
2571	0.7850000000000238
2572	0.7840000000000238
2573	0.7850000000000238
2574	0.7230000000000237
2575	0.5520000000000238
2576	0.5060000000000238
2577	0.4570000000000238
2578	0.4070000000000238
2579	0.37500000000002376
2580	0.36800000000002375
2581	0.38800000000002377
2582	0.4190000000000238
2583	0.4840000000000238
2584	0.5150000000000238
2585	0.5500000000000238
2586	0.5920000000000238
2587	0.6440000000000239
2588	0.6810000000000239
2589	0.7000000000000239
2590	0.732000000000024
2591	0.750000000000024
2592	0.755000000000024
2593	0.756000000000024
2594	0.757000000000024
2595	0.756000000000024
2596	0.756000000000024
2597	0.686000000000024
2598	0.46800000000002406
2599	0.39800000000002406
2600	0.3620000000000241
2601	0.3250000000000241
2602	0.2800000000000241
2603	0.2530000000000241
2604	0.24300000000002409
2605	0.23600000000002408
2606	0.2470000000000241
2607	0.3200000000000241
2608	0.4190000000000241
2609	0.44300000000002404
2610	0.47700000000002407
2611	0.550000000000024
2612	0.6200000000000241
2613	0.6760000000000241
2614	0.7270000000000242
2615	0.7500000000000242
2616	0.7550000000000242
2617	0.7560000000000242
2618	0.7570000000000242
2619	0.7560000000000242
2620	0.7560000000000242
2621	0.6860000000000243
2622	0.4680000000000243
2623	0.3980000000000243
2624	0.3620000000000243
2625	0.3250000000000243
2626	0.28000000000002434
2627	0.2530000000000243
2628	0.2430000000000243
2629	0.2360000000000243
2630	0.2470000000000243
2631	0.3200000000000243
2632	0.4190000000000243
2633	0.44300000000002426
2634	0.4770000000000243
2635	0.5500000000000242
2636	0.6200000000000243
2637	0.6760000000000244
2638	0.7270000000000244
2639	0.7500000000000244
2640	0.7550000000000244
2641	0.7560000000000244
2642	0.7570000000000244
2643	0.7560000000000244
2644	0.7560000000000244
2645	0.6860000000000245
2646	0.4680000000000245
2647	0.3980000000000245
2648	0.3620000000000245
2649	0.32500000000002455
2650	0.28000000000002456
2651	0.25300000000002454
2652	0.24300000000002453
2653	0.23600000000002452
2654	0.24700000000002453
2655	0.32000000000002454
2656	0.4190000000000245
2657	0.4430000000000245
2658	0.4770000000000245
2659	0.5500000000000245
2660	0.6200000000000245
2661	0.6760000000000246
2662	0.7270000000000246
2663	0.7500000000000246
2664	0.7550000000000247
2665	0.7560000000000247
2666	0.7570000000000247
2667	0.7560000000000247
2668	0.7560000000000247
2669	0.6860000000000247
2670	0.46800000000002473
2671	0.3980000000000247
2672	0.36200000000002475
2673	0.32500000000002477
2674	0.2800000000000248
2675	0.25300000000002476
2676	0.24300000000002475
2677	0.23600000000002475
2678	0.24700000000002476
2679	0.32000000000002476
2680	0.41900000000002474
2681	0.4430000000000247
2682	0.47700000000002474
2683	0.5500000000000247
2684	0.6200000000000248
2685	0.6760000000000248
2686	0.7270000000000248
2687	0.7500000000000249
2688	0.7550000000000249
2689	0.7560000000000249
2690	0.7570000000000249
2691	0.7560000000000249
2692	0.7560000000000249
2693	0.6860000000000249
2694	0.46800000000002495
2695	0.39800000000002494
2696	0.36200000000002497
2697	0.325000000000025
2698	0.280000000000025
2699	0.253000000000025
2700	0.24300000000002497
2701	0.23600000000002497
2702	0.24700000000002498
2703	0.320000000000025
2704	0.41900000000002496
2705	0.44300000000002493
2706	0.47700000000002496
2707	0.5500000000000249
2708	0.620000000000025
2709	0.676000000000025
2710	0.7270000000000251
2711	0.7500000000000251
2712	0.7670000000000251
2713	0.7740000000000251
2714	0.7790000000000251
2715	0.7850000000000251
2716	0.7840000000000251
2717	0.7850000000000251
2718	0.7230000000000251
2719	0.5520000000000251
2720	0.5060000000000251
2721	0.4570000000000251
2722	0.4070000000000251
2723	0.3750000000000251
2724	0.3680000000000251
2725	0.3880000000000251
2726	0.41900000000002513
2727	0.48400000000002513
2728	0.5150000000000251
2729	0.5500000000000251
2730	0.5920000000000252
2731	0.6440000000000252
2732	0.6810000000000253
2733	0.7000000000000253
2734	0.7320000000000253
2735	0.7500000000000253
2736	0.7670000000000253
2737	0.7740000000000253
2738	0.7790000000000253
2739	0.7850000000000253
2740	0.7840000000000253
2741	0.7850000000000253
2742	0.7230000000000253
2743	0.5520000000000254
2744	0.5060000000000253
2745	0.45700000000002533
2746	0.40700000000002534
2747	0.3750000000000253
2748	0.3680000000000253
2749	0.3880000000000253
2750	0.41900000000002535
2751	0.48400000000002535
2752	0.5150000000000253
2753	0.5500000000000254
2754	0.5920000000000254
2755	0.6440000000000254
2756	0.6810000000000255
2757	0.7000000000000255
2758	0.7320000000000255
2759	0.7500000000000255
2760	0.7550000000000255
2761	0.7560000000000255
2762	0.7570000000000255
2763	0.7560000000000255
2764	0.7560000000000255
2765	0.6860000000000256
2766	0.4680000000000256
2767	0.3980000000000256
2768	0.36200000000002563
2769	0.32500000000002566
2770	0.2800000000000257
2771	0.25300000000002565
2772	0.24300000000002564
2773	0.23600000000002563
2774	0.24700000000002564
2775	0.32000000000002565
2776	0.41900000000002563
2777	0.4430000000000256
2778	0.4770000000000256
2779	0.5500000000000256
2780	0.6200000000000256
2781	0.6760000000000257
2782	0.7270000000000257
2783	0.7500000000000258
2784	0.7550000000000258
2785	0.7560000000000258
2786	0.7570000000000258
2787	0.7560000000000258
2788	0.7560000000000258
2789	0.6860000000000258
2790	0.46800000000002584
2791	0.39800000000002583
2792	0.36200000000002586
2793	0.3250000000000259
2794	0.2800000000000259
2795	0.25300000000002587
2796	0.24300000000002586
2797	0.23600000000002586
2798	0.24700000000002587
2799	0.3200000000000259
2800	0.41900000000002585
2801	0.4430000000000258
2802	0.47700000000002585
2803	0.5500000000000258
2804	0.6200000000000259
2805	0.6760000000000259
2806	0.727000000000026
2807	0.750000000000026
2808	0.755000000000026
2809	0.756000000000026
2810	0.757000000000026
2811	0.756000000000026
2812	0.756000000000026
2813	0.686000000000026
2814	0.46800000000002606
2815	0.39800000000002606
2816	0.3620000000000261
2817	0.3250000000000261
2818	0.2800000000000261
2819	0.2530000000000261
2820	0.24300000000002608
2821	0.23600000000002608
2822	0.2470000000000261
2823	0.3200000000000261
2824	0.4190000000000261
2825	0.44300000000002604
2826	0.47700000000002607
2827	0.550000000000026
2828	0.6200000000000261
2829	0.6760000000000261
2830	0.7270000000000262
2831	0.7500000000000262
2832	0.7550000000000262
2833	0.7560000000000262
2834	0.7570000000000262
2835	0.7560000000000262
2836	0.7560000000000262
2837	0.6860000000000263
2838	0.4680000000000263
2839	0.3980000000000263
2840	0.3620000000000263
2841	0.3250000000000263
2842	0.28000000000002634
2843	0.2530000000000263
2844	0.2430000000000263
2845	0.2360000000000263
2846	0.2470000000000263
2847	0.3200000000000263
2848	0.4190000000000263
2849	0.44300000000002626
2850	0.4770000000000263
2851	0.5500000000000262
2852	0.6200000000000263
2853	0.6760000000000264
2854	0.7270000000000264
2855	0.7500000000000264
2856	0.7550000000000264
2857	0.7560000000000264
2858	0.7570000000000264
2859	0.7560000000000264
2860	0.7560000000000264
2861	0.6860000000000265
2862	0.4680000000000265
2863	0.3980000000000265
2864	0.3620000000000265
2865	0.32500000000002655
2866	0.28000000000002656
2867	0.25300000000002654
2868	0.24300000000002653
2869	0.23600000000002652
2870	0.24700000000002653
2871	0.32000000000002654
2872	0.4190000000000265
2873	0.4430000000000265
2874	0.4770000000000265
2875	0.5500000000000265
2876	0.6200000000000265
2877	0.6760000000000266
2878	0.7270000000000266
2879	0.7500000000000266
2880	0.7670000000000267
2881	0.7740000000000267
2882	0.7790000000000267
2883	0.7850000000000267
2884	0.7840000000000267
2885	0.7850000000000267
2886	0.7230000000000266
2887	0.5520000000000267
2888	0.5060000000000267
2889	0.45700000000002666
2890	0.4070000000000267
2891	0.37500000000002665
2892	0.36800000000002664
2893	0.38800000000002666
2894	0.4190000000000267
2895	0.4840000000000267
2896	0.5150000000000267
2897	0.5500000000000267
2898	0.5920000000000267
2899	0.6440000000000268
2900	0.6810000000000268
2901	0.7000000000000268
2902	0.7320000000000269
2903	0.7500000000000269
2904	0.7670000000000269
2905	0.7740000000000269
2906	0.7790000000000269
2907	0.7850000000000269
2908	0.7840000000000269
2909	0.7850000000000269
2910	0.7230000000000268
2911	0.5520000000000269
2912	0.5060000000000269
2913	0.4570000000000269
2914	0.4070000000000269
2915	0.37500000000002687
2916	0.36800000000002686
2917	0.3880000000000269
2918	0.4190000000000269
2919	0.4840000000000269
2920	0.5150000000000269
2921	0.5500000000000269
2922	0.592000000000027
2923	0.644000000000027
2924	0.681000000000027
2925	0.700000000000027
2926	0.7320000000000271
2927	0.7500000000000271
2928	0.7550000000000271
2929	0.7560000000000271
2930	0.7570000000000271
2931	0.7560000000000271
2932	0.7560000000000271
2933	0.6860000000000271
2934	0.46800000000002717
2935	0.39800000000002717
2936	0.3620000000000272
2937	0.3250000000000272
2938	0.2800000000000272
2939	0.2530000000000272
2940	0.2430000000000272
2941	0.2360000000000272
2942	0.2470000000000272
2943	0.3200000000000272
2944	0.4190000000000272
2945	0.44300000000002715
2946	0.4770000000000272
2947	0.5500000000000271
2948	0.6200000000000272
2949	0.6760000000000272
2950	0.7270000000000273
2951	0.7500000000000273
2952	0.7550000000000273
2953	0.7560000000000273
2954	0.7570000000000273
2955	0.7560000000000273
2956	0.7560000000000273
2957	0.6860000000000274
2958	0.4680000000000274
2959	0.3980000000000274
2960	0.3620000000000274
2961	0.32500000000002743
2962	0.28000000000002745
2963	0.2530000000000274
2964	0.24300000000002742
2965	0.2360000000000274
2966	0.24700000000002742
2967	0.32000000000002743
2968	0.4190000000000274
2969	0.44300000000002737
2970	0.4770000000000274
2971	0.5500000000000274
2972	0.6200000000000274
2973	0.6760000000000275
2974	0.7270000000000275
2975	0.7500000000000275
2976	0.7550000000000275
2977	0.7560000000000275
2978	0.7570000000000275
2979	0.7560000000000275
2980	0.7560000000000275
2981	0.6860000000000276
2982	0.4680000000000276
2983	0.3980000000000276
2984	0.36200000000002763
2985	0.32500000000002766
2986	0.28000000000002767
2987	0.25300000000002765
2988	0.24300000000002764
2989	0.23600000000002763
2990	0.24700000000002764
2991	0.32000000000002765
2992	0.41900000000002763
2993	0.4430000000000276
2994	0.4770000000000276
2995	0.5500000000000276
2996	0.6200000000000276
2997	0.6760000000000277
2998	0.7270000000000277
2999	0.7500000000000278
3000	0.7550000000000278
3001	0.7560000000000278
3002	0.7570000000000278
3003	0.7560000000000278
3004	0.7560000000000278
3005	0.6860000000000278
3006	0.46800000000002784
3007	0.39800000000002783
3008	0.36200000000002786
3009	0.3250000000000279
3010	0.2800000000000279
3011	0.25300000000002787
3012	0.24300000000002786
3013	0.23600000000002785
3014	0.24700000000002786
3015	0.3200000000000279
3016	0.41900000000002785
3017	0.4430000000000278
3018	0.47700000000002785
3019	0.5500000000000278
3020	0.6200000000000279
3021	0.6760000000000279
3022	0.727000000000028
3023	0.750000000000028
3024	0.755000000000028
3025	0.756000000000028
3026	0.757000000000028
3027	0.756000000000028
3028	0.756000000000028
3029	0.686000000000028
3030	0.46800000000002806
3031	0.39800000000002805
3032	0.3620000000000281
3033	0.3250000000000281
3034	0.2800000000000281
3035	0.2530000000000281
3036	0.24300000000002808
3037	0.23600000000002808
3038	0.24700000000002809
3039	0.3200000000000281
3040	0.41900000000002807
3041	0.44300000000002804
3042	0.47700000000002807
3043	0.550000000000028
3044	0.6200000000000281
3045	0.6760000000000281
3046	0.7270000000000282
3047	0.7500000000000282
3048	0.7670000000000282
3049	0.7740000000000282
3050	0.7790000000000282
3051	0.7850000000000282
3052	0.7840000000000282
3053	0.7850000000000282
3054	0.7230000000000282
3055	0.5520000000000282
3056	0.5060000000000282
3057	0.4570000000000282
3058	0.40700000000002823
3059	0.3750000000000282
3060	0.3680000000000282
3061	0.3880000000000282
3062	0.41900000000002824
3063	0.48400000000002824
3064	0.5150000000000282
3065	0.5500000000000282
3066	0.5920000000000283
3067	0.6440000000000283
3068	0.6810000000000284
3069	0.7000000000000284
3070	0.7320000000000284
3071	0.7500000000000284
3072	0.7670000000000284
3073	0.7740000000000284
3074	0.7790000000000284
3075	0.7850000000000285
3076	0.7840000000000285
3077	0.7850000000000285
3078	0.7230000000000284
3079	0.5520000000000285
3080	0.5060000000000284
3081	0.45700000000002844
3082	0.40700000000002845
3083	0.3750000000000284
3084	0.3680000000000284
3085	0.38800000000002843
3086	0.41900000000002846
3087	0.48400000000002846
3088	0.5150000000000284
3089	0.5500000000000285
3090	0.5920000000000285
3091	0.6440000000000285
3092	0.6810000000000286
3093	0.7000000000000286
3094	0.7320000000000286
3095	0.7500000000000286
3096	0.7550000000000286
3097	0.7560000000000286
3098	0.7570000000000286
3099	0.7560000000000286
3100	0.7560000000000286
3101	0.6860000000000287
3102	0.4680000000000287
3103	0.3980000000000287
3104	0.36200000000002874
3105	0.32500000000002877
3106	0.2800000000000288
3107	0.25300000000002876
3108	0.24300000000002875
3109	0.23600000000002874
3110	0.24700000000002875
3111	0.32000000000002876
3112	0.41900000000002874
3113	0.4430000000000287
3114	0.47700000000002873
3115	0.5500000000000287
3116	0.6200000000000288
3117	0.6760000000000288
3118	0.7270000000000288
3119	0.7500000000000289
3120	0.7550000000000289
3121	0.7560000000000289
3122	0.7570000000000289
3123	0.7560000000000289
3124	0.7560000000000289
3125	0.6860000000000289
3126	0.46800000000002895
3127	0.39800000000002894
3128	0.36200000000002897
3129	0.325000000000029
3130	0.280000000000029
3131	0.253000000000029
3132	0.24300000000002897
3133	0.23600000000002896
3134	0.24700000000002897
3135	0.320000000000029
3136	0.41900000000002896
3137	0.4430000000000289
3138	0.47700000000002896
3139	0.5500000000000289
3140	0.620000000000029
3141	0.676000000000029
3142	0.7270000000000291
3143	0.7500000000000291
3144	0.7550000000000291
3145	0.7560000000000291
3146	0.7570000000000291
3147	0.7560000000000291
3148	0.7560000000000291
3149	0.6860000000000291
3150	0.46800000000002917
3151	0.39800000000002916
3152	0.3620000000000292
3153	0.3250000000000292
3154	0.2800000000000292
3155	0.2530000000000292
3156	0.2430000000000292
3157	0.2360000000000292
3158	0.2470000000000292
3159	0.3200000000000292
3160	0.4190000000000292
3161	0.44300000000002915
3162	0.4770000000000292
3163	0.5500000000000291
3164	0.6200000000000292
3165	0.6760000000000292
3166	0.7270000000000293
3167	0.7500000000000293
3168	0.7550000000000293
3169	0.7560000000000293
3170	0.7570000000000293
3171	0.7560000000000293
3172	0.7560000000000293
3173	0.6860000000000294
3174	0.4680000000000294
3175	0.3980000000000294
3176	0.3620000000000294
3177	0.32500000000002943
3178	0.28000000000002945
3179	0.2530000000000294
3180	0.24300000000002941
3181	0.2360000000000294
3182	0.24700000000002942
3183	0.3200000000000294
3184	0.4190000000000294
3185	0.44300000000002937
3186	0.4770000000000294
3187	0.5500000000000294
3188	0.6200000000000294
3189	0.6760000000000295
3190	0.7270000000000295
3191	0.7500000000000295
3192	0.7550000000000295
3193	0.7560000000000295
3194	0.7570000000000295
3195	0.7560000000000295
3196	0.7560000000000295
3197	0.6860000000000296
3198	0.4680000000000296
3199	0.3980000000000296
3200	0.36200000000002963
3201	0.32500000000002965
3202	0.28000000000002967
3203	0.25300000000002965
3204	0.24300000000002964
3205	0.23600000000002963
3206	0.24700000000002964
3207	0.32000000000002965
3208	0.4190000000000296
3209	0.4430000000000296
3210	0.4770000000000296
3211	0.5500000000000296
3212	0.6200000000000296
3213	0.6760000000000297
3214	0.7270000000000297
3215	0.7500000000000298
3216	0.7670000000000298
3217	0.7740000000000298
3218	0.7790000000000298
3219	0.7850000000000298
3220	0.7840000000000298
3221	0.7850000000000298
3222	0.7230000000000297
3223	0.5520000000000298
3224	0.5060000000000298
3225	0.45700000000002977
3226	0.4070000000000298
3227	0.37500000000002975
3228	0.36800000000002975
3229	0.38800000000002977
3230	0.4190000000000298
3231	0.4840000000000298
3232	0.5150000000000298
3233	0.5500000000000298
3234	0.5920000000000298
3235	0.6440000000000299
3236	0.6810000000000299
3237	0.7000000000000299
3238	0.73200000000003
3239	0.75000000000003
3240	0.76700000000003
3241	0.77400000000003
3242	0.77900000000003
3243	0.78500000000003
3244	0.78400000000003
3245	0.78500000000003
3246	0.72300000000003
3247	0.55200000000003
3248	0.50600000000003
3249	0.45700000000003
3250	0.40700000000003
3251	0.37500000000003
3252	0.36800000000002997
3253	0.38800000000003
3254	0.41900000000003
3255	0.48400000000003
3256	0.51500000000003
3257	0.55000000000003
3258	0.5920000000000301
3259	0.6440000000000301
3260	0.6810000000000301
3261	0.7000000000000302
3262	0.7320000000000302
3263	0.7500000000000302
3264	0.7550000000000302
3265	0.7560000000000302
3266	0.7570000000000302
3267	0.7560000000000302
3268	0.7560000000000302
3269	0.6860000000000303
3270	0.4680000000000303
3271	0.3980000000000303
3272	0.3620000000000303
3273	0.3250000000000303
3274	0.28000000000003034
3275	0.2530000000000303
3276	0.2430000000000303
3277	0.2360000000000303
3278	0.2470000000000303
3279	0.3200000000000303
3280	0.4190000000000303
3281	0.44300000000003026
3282	0.4770000000000303
3283	0.5500000000000302
3284	0.6200000000000303
3285	0.6760000000000304
3286	0.7270000000000304
3287	0.7500000000000304
3288	0.7550000000000304
3289	0.7560000000000304
3290	0.7570000000000304
3291	0.7560000000000304
3292	0.7560000000000304
3293	0.6860000000000305
3294	0.4680000000000305
3295	0.3980000000000305
3296	0.3620000000000305
3297	0.32500000000003054
3298	0.28000000000003056
3299	0.25300000000003053
3300	0.24300000000003052
3301	0.23600000000003052
3302	0.24700000000003053
3303	0.32000000000003054
3304	0.4190000000000305
3305	0.4430000000000305
3306	0.4770000000000305
3307	0.5500000000000305
3308	0.6200000000000305
3309	0.6760000000000306
3310	0.7270000000000306
3311	0.7500000000000306
3312	0.7550000000000306
3313	0.7560000000000306
3314	0.7570000000000306
3315	0.7560000000000306
3316	0.7560000000000306
3317	0.6860000000000307
3318	0.4680000000000307
3319	0.3980000000000307
3320	0.36200000000003074
3321	0.32500000000003076
3322	0.2800000000000308
3323	0.25300000000003076
3324	0.24300000000003075
3325	0.23600000000003074
3326	0.24700000000003075
3327	0.32000000000003076
3328	0.41900000000003074
3329	0.4430000000000307
3330	0.47700000000003073
3331	0.5500000000000307
3332	0.6200000000000307
3333	0.6760000000000308
3334	0.7270000000000308
3335	0.7500000000000309
3336	0.7550000000000309
3337	0.7560000000000309
3338	0.7570000000000309
3339	0.7560000000000309
3340	0.7560000000000309
3341	0.6860000000000309
3342	0.46800000000003095
3343	0.39800000000003094
3344	0.36200000000003096
3345	0.325000000000031
3346	0.280000000000031
3347	0.253000000000031
3348	0.24300000000003097
3349	0.23600000000003096
3350	0.24700000000003097
3351	0.320000000000031
3352	0.41900000000003096
3353	0.4430000000000309
3354	0.47700000000003095
3355	0.5500000000000309
3356	0.620000000000031
3357	0.676000000000031
3358	0.7270000000000311
3359	0.7500000000000311
3360	0.7550000000000311
3361	0.7560000000000311
3362	0.7570000000000311
3363	0.7560000000000311
3364	0.7560000000000311
3365	0.6860000000000311
3366	0.46800000000003117
3367	0.39800000000003116
3368	0.3620000000000312
3369	0.3250000000000312
3370	0.2800000000000312
3371	0.2530000000000312
3372	0.2430000000000312
3373	0.23600000000003118
3374	0.2470000000000312
3375	0.3200000000000312
3376	0.4190000000000312
3377	0.44300000000003115
3378	0.4770000000000312
3379	0.5500000000000311
3380	0.6200000000000312
3381	0.6760000000000312
3382	0.7270000000000313
3383	0.7500000000000313
3384	0.7670000000000313
3385	0.7740000000000313
3386	0.7790000000000313
3387	0.7850000000000313
3388	0.7840000000000313
3389	0.7850000000000313
3390	0.7230000000000313
3391	0.5520000000000314
3392	0.5060000000000313
3393	0.4570000000000313
3394	0.40700000000003134
3395	0.3750000000000313
3396	0.3680000000000313
3397	0.3880000000000313
3398	0.41900000000003135
3399	0.48400000000003135
3400	0.5150000000000313
3401	0.5500000000000314
3402	0.5920000000000314
3403	0.6440000000000314
3404	0.6810000000000315
3405	0.7000000000000315
3406	0.7320000000000315
3407	0.7500000000000315
3408	0.7670000000000315
3409	0.7740000000000316
3410	0.7790000000000316
3411	0.7850000000000316
3412	0.7840000000000316
3413	0.7850000000000316
3414	0.7230000000000315
3415	0.5520000000000316
3416	0.5060000000000315
3417	0.45700000000003155
3418	0.40700000000003156
3419	0.37500000000003153
3420	0.3680000000000315
3421	0.38800000000003154
3422	0.41900000000003157
3423	0.48400000000003157
3424	0.5150000000000315
3425	0.5500000000000316
3426	0.5920000000000316
3427	0.6440000000000317
3428	0.6810000000000317
3429	0.7000000000000317
3430	0.7320000000000317
3431	0.7500000000000318
3432	0.7550000000000318
3433	0.7560000000000318
3434	0.7570000000000318
3435	0.7560000000000318
3436	0.7560000000000318
3437	0.6860000000000318
3438	0.46800000000003183
3439	0.39800000000003183
3440	0.36200000000003185
3441	0.3250000000000319
3442	0.2800000000000319
3443	0.25300000000003187
3444	0.24300000000003186
3445	0.23600000000003185
3446	0.24700000000003186
3447	0.32000000000003187
3448	0.41900000000003185
3449	0.4430000000000318
3450	0.47700000000003184
3451	0.5500000000000318
3452	0.6200000000000319
3453	0.6760000000000319
3454	0.727000000000032
3455	0.750000000000032
3456	0.755000000000032
3457	0.756000000000032
3458	0.757000000000032
3459	0.756000000000032
3460	0.756000000000032
3461	0.686000000000032
3462	0.46800000000003206
3463	0.39800000000003205
3464	0.3620000000000321
3465	0.3250000000000321
3466	0.2800000000000321
3467	0.2530000000000321
3468	0.24300000000003208
3469	0.23600000000003207
3470	0.24700000000003208
3471	0.3200000000000321
3472	0.41900000000003207
3473	0.44300000000003203
3474	0.47700000000003207
3475	0.550000000000032
3476	0.6200000000000321
3477	0.6760000000000321
3478	0.7270000000000322
3479	0.7500000000000322
3480	0.7550000000000322
3481	0.7560000000000322
3482	0.7570000000000322
3483	0.7560000000000322
3484	0.7560000000000322
3485	0.6860000000000323
3486	0.4680000000000323
3487	0.3980000000000323
3488	0.3620000000000323
3489	0.3250000000000323
3490	0.28000000000003233
3491	0.2530000000000323
3492	0.2430000000000323
3493	0.2360000000000323
3494	0.2470000000000323
3495	0.3200000000000323
3496	0.4190000000000323
3497	0.44300000000003226
3498	0.4770000000000323
3499	0.5500000000000322
3500	0.6200000000000323
3501	0.6760000000000324
3502	0.7270000000000324
3503	0.7500000000000324
3504	0.7550000000000324
3505	0.7560000000000324
3506	0.7570000000000324
3507	0.7560000000000324
3508	0.7560000000000324
3509	0.6860000000000325
3510	0.4680000000000325
3511	0.3980000000000325
3512	0.3620000000000325
3513	0.32500000000003254
3514	0.28000000000003256
3515	0.25300000000003253
3516	0.24300000000003252
3517	0.23600000000003252
3518	0.24700000000003253
3519	0.32000000000003254
3520	0.4190000000000325
3521	0.4430000000000325
3522	0.4770000000000325
3523	0.5500000000000325
3524	0.6200000000000325
3525	0.6760000000000326
3526	0.7270000000000326
3527	0.7500000000000326
3528	0.7550000000000326
3529	0.7560000000000326
3530	0.7570000000000326
3531	0.7560000000000326
3532	0.7560000000000326
3533	0.6860000000000327
3534	0.4680000000000327
3535	0.3980000000000327
3536	0.36200000000003274
3537	0.32500000000003276
3538	0.2800000000000328
3539	0.25300000000003275
3540	0.24300000000003275
3541	0.23600000000003274
3542	0.24700000000003275
3543	0.32000000000003276
3544	0.41900000000003274
3545	0.4430000000000327
3546	0.47700000000003273
3547	0.5500000000000327
3548	0.6200000000000327
3549	0.6760000000000328
3550	0.7270000000000328
3551	0.7500000000000329
3552	0.7670000000000329
3553	0.7740000000000329
3554	0.7790000000000329
3555	0.7850000000000329
3556	0.7840000000000329
3557	0.7850000000000329
3558	0.7230000000000328
3559	0.5520000000000329
3560	0.5060000000000329
3561	0.4570000000000329
3562	0.4070000000000329
3563	0.37500000000003286
3564	0.36800000000003286
3565	0.3880000000000329
3566	0.4190000000000329
3567	0.4840000000000329
3568	0.5150000000000329
3569	0.5500000000000329
3570	0.5920000000000329
3571	0.644000000000033
3572	0.681000000000033
3573	0.700000000000033
3574	0.7320000000000331
3575	0.7500000000000331
3576	0.7670000000000331
3577	0.7740000000000331
3578	0.7790000000000331
3579	0.7850000000000331
3580	0.7840000000000331
3581	0.7850000000000331
3582	0.7230000000000331
3583	0.5520000000000331
3584	0.5060000000000331
3585	0.4570000000000331
3586	0.4070000000000331
3587	0.3750000000000331
3588	0.3680000000000331
3589	0.3880000000000331
3590	0.4190000000000331
3591	0.4840000000000331
3592	0.5150000000000331
3593	0.5500000000000331
3594	0.5920000000000332
3595	0.6440000000000332
3596	0.6810000000000332
3597	0.7000000000000333
3598	0.7320000000000333
3599	0.7500000000000333
3600	0.7550000000000333
3601	0.7560000000000333
3602	0.7570000000000333
3603	0.7560000000000333
3604	0.7560000000000333
3605	0.6860000000000334
3606	0.4680000000000334
3607	0.3980000000000334
3608	0.3620000000000334
3609	0.32500000000003343
3610	0.28000000000003344
3611	0.2530000000000334
3612	0.2430000000000334
3613	0.2360000000000334
3614	0.24700000000003342
3615	0.3200000000000334
3616	0.4190000000000334
3617	0.44300000000003337
3618	0.4770000000000334
3619	0.5500000000000334
3620	0.6200000000000334
3621	0.6760000000000335
3622	0.7270000000000335
3623	0.7500000000000335
3624	0.7550000000000335
3625	0.7560000000000335
3626	0.7570000000000335
3627	0.7560000000000335
3628	0.7560000000000335
3629	0.6860000000000336
3630	0.4680000000000336
3631	0.3980000000000336
3632	0.36200000000003363
3633	0.32500000000003365
3634	0.28000000000003367
3635	0.25300000000003364
3636	0.24300000000003363
3637	0.23600000000003363
3638	0.24700000000003364
3639	0.32000000000003365
3640	0.4190000000000336
3641	0.4430000000000336
3642	0.4770000000000336
3643	0.5500000000000336
3644	0.6200000000000336
3645	0.6760000000000337
3646	0.7270000000000337
3647	0.7500000000000338
3648	0.7550000000000338
3649	0.7560000000000338
3650	0.7570000000000338
3651	0.7560000000000338
3652	0.7560000000000338
3653	0.6860000000000338
3654	0.46800000000003383
3655	0.3980000000000338
3656	0.36200000000003385
3657	0.3250000000000339
3658	0.2800000000000339
3659	0.25300000000003386
3660	0.24300000000003386
3661	0.23600000000003385
3662	0.24700000000003386
3663	0.32000000000003387
3664	0.41900000000003385
3665	0.4430000000000338
3666	0.47700000000003384
3667	0.5500000000000338
3668	0.6200000000000339
3669	0.6760000000000339
3670	0.727000000000034
3671	0.750000000000034
3672	0.755000000000034
3673	0.756000000000034
3674	0.757000000000034
3675	0.756000000000034
3676	0.756000000000034
3677	0.686000000000034
3678	0.46800000000003406
3679	0.39800000000003405
3680	0.3620000000000341
3681	0.3250000000000341
3682	0.2800000000000341
3683	0.2530000000000341
3684	0.24300000000003408
3685	0.23600000000003407
3686	0.24700000000003408
3687	0.3200000000000341
3688	0.41900000000003407
3689	0.44300000000003403
3690	0.47700000000003406
3691	0.550000000000034
3692	0.6200000000000341
3693	0.6760000000000341
3694	0.7270000000000342
3695	0.7500000000000342
3696	0.7550000000000342
3697	0.7560000000000342
3698	0.7570000000000342
3699	0.7560000000000342
3700	0.7560000000000342
3701	0.6860000000000342
3702	0.4680000000000343
3703	0.39800000000003427
3704	0.3620000000000343
3705	0.3250000000000343
3706	0.28000000000003433
3707	0.2530000000000343
3708	0.2430000000000343
3709	0.2360000000000343
3710	0.2470000000000343
3711	0.3200000000000343
3712	0.4190000000000343
3713	0.44300000000003426
3714	0.4770000000000343
3715	0.5500000000000342
3716	0.6200000000000343
3717	0.6760000000000344
3718	0.7270000000000344
3719	0.7500000000000344
3720	0.7670000000000344
3721	0.7740000000000344
3722	0.7790000000000344
3723	0.7850000000000344
3724	0.7840000000000344
3725	0.7850000000000344
3726	0.7230000000000344
3727	0.5520000000000345
3728	0.5060000000000344
3729	0.45700000000003443
3730	0.40700000000003445
3731	0.3750000000000344
3732	0.3680000000000344
3733	0.38800000000003443
3734	0.41900000000003446
3735	0.48400000000003446
3736	0.5150000000000344
3737	0.5500000000000345
3738	0.5920000000000345
3739	0.6440000000000345
3740	0.6810000000000346
3741	0.7000000000000346
3742	0.7320000000000346
3743	0.7500000000000346
3744	0.7670000000000347
3745	0.7740000000000347
3746	0.7790000000000347
3747	0.7850000000000347
3748	0.7840000000000347
3749	0.7850000000000347
3750	0.7230000000000346
3751	0.5520000000000347
3752	0.5060000000000346
3753	0.45700000000003466
3754	0.40700000000003467
3755	0.37500000000003464
3756	0.36800000000003463
3757	0.38800000000003465
3758	0.4190000000000347
3759	0.4840000000000347
3760	0.5150000000000347
3761	0.5500000000000347
3762	0.5920000000000347
3763	0.6440000000000348
3764	0.6810000000000348
3765	0.7000000000000348
3766	0.7320000000000348
3767	0.7500000000000349
3768	0.7550000000000349
3769	0.7560000000000349
3770	0.7570000000000349
3771	0.7560000000000349
3772	0.7560000000000349
3773	0.6860000000000349
3774	0.46800000000003494
3775	0.39800000000003494
3776	0.36200000000003496
3777	0.325000000000035
3778	0.280000000000035
3779	0.253000000000035
3780	0.24300000000003497
3781	0.23600000000003496
3782	0.24700000000003497
3783	0.320000000000035
3784	0.41900000000003496
3785	0.4430000000000349
3786	0.47700000000003495
3787	0.5500000000000349
3788	0.620000000000035
3789	0.676000000000035
3790	0.7270000000000351
3791	0.7500000000000351
3792	0.7550000000000351
3793	0.7560000000000351
3794	0.7570000000000351
3795	0.7560000000000351
3796	0.7560000000000351
3797	0.6860000000000351
3798	0.46800000000003517
3799	0.39800000000003516
3800	0.3620000000000352
3801	0.3250000000000352
3802	0.2800000000000352
3803	0.2530000000000352
3804	0.2430000000000352
3805	0.23600000000003518
3806	0.2470000000000352
3807	0.3200000000000352
3808	0.4190000000000352
3809	0.44300000000003514
3810	0.4770000000000352
3811	0.5500000000000351
3812	0.6200000000000352
3813	0.6760000000000352
3814	0.7270000000000353
3815	0.7500000000000353
3816	0.7550000000000353
3817	0.7560000000000353
3818	0.7570000000000353
3819	0.7560000000000353
3820	0.7560000000000353
3821	0.6860000000000354
3822	0.4680000000000354
3823	0.3980000000000354
3824	0.3620000000000354
3825	0.3250000000000354
3826	0.28000000000003544
3827	0.2530000000000354
3828	0.2430000000000354
3829	0.2360000000000354
3830	0.2470000000000354
3831	0.3200000000000354
3832	0.4190000000000354
3833	0.44300000000003537
3834	0.4770000000000354
3835	0.5500000000000353
3836	0.6200000000000354
3837	0.6760000000000355
3838	0.7270000000000355
3839	0.7500000000000355
3840	0.7550000000000355
3841	0.7560000000000355
3842	0.7570000000000355
3843	0.7560000000000355
3844	0.7560000000000355
3845	0.6860000000000356
3846	0.4680000000000356
3847	0.3980000000000356
3848	0.3620000000000356
3849	0.32500000000003565
3850	0.28000000000003566
3851	0.25300000000003564
3852	0.24300000000003563
3853	0.23600000000003563
3854	0.24700000000003564
3855	0.32000000000003564
3856	0.4190000000000356
3857	0.4430000000000356
3858	0.4770000000000356
3859	0.5500000000000356
3860	0.6200000000000356
3861	0.6760000000000357
3862	0.7270000000000357
3863	0.7500000000000357
3864	0.7550000000000358
3865	0.7560000000000358
3866	0.7570000000000358
3867	0.7560000000000358
3868	0.7560000000000358
3869	0.6860000000000358
3870	0.46800000000003583
3871	0.3980000000000358
3872	0.36200000000003585
3873	0.32500000000003587
3874	0.2800000000000359
3875	0.25300000000003586
3876	0.24300000000003585
3877	0.23600000000003585
3878	0.24700000000003586
3879	0.32000000000003587
3880	0.41900000000003584
3881	0.4430000000000358
3882	0.47700000000003584
3883	0.5500000000000358
3884	0.6200000000000359
3885	0.6760000000000359
3886	0.727000000000036
3887	0.750000000000036
3888	0.767000000000036
3889	0.774000000000036
3890	0.779000000000036
3891	0.785000000000036
3892	0.784000000000036
3893	0.785000000000036
3894	0.723000000000036
3895	0.552000000000036
3896	0.506000000000036
3897	0.457000000000036
3898	0.407000000000036
3899	0.37500000000003597
3900	0.36800000000003597
3901	0.388000000000036
3902	0.419000000000036
3903	0.484000000000036
3904	0.515000000000036
3905	0.550000000000036
3906	0.592000000000036
3907	0.6440000000000361
3908	0.6810000000000361
3909	0.7000000000000361
3910	0.7320000000000362
3911	0.7500000000000362
3912	0.7670000000000362
3913	0.7740000000000362
3914	0.7790000000000362
3915	0.7850000000000362
3916	0.7840000000000362
3917	0.7850000000000362
3918	0.7230000000000362
3919	0.5520000000000362
3920	0.5060000000000362
3921	0.4570000000000362
3922	0.4070000000000362
3923	0.3750000000000362
3924	0.3680000000000362
3925	0.3880000000000362
3926	0.41900000000003623
3927	0.48400000000003623
3928	0.5150000000000362
3929	0.5500000000000362
3930	0.5920000000000363
3931	0.6440000000000363
3932	0.6810000000000364
3933	0.7000000000000364
3934	0.7320000000000364
3935	0.7500000000000364
3936	0.7550000000000364
3937	0.7560000000000364
3938	0.7570000000000364
3939	0.7560000000000364
3940	0.7560000000000364
3941	0.6860000000000365
3942	0.4680000000000365
3943	0.3980000000000365
3944	0.3620000000000365
3945	0.32500000000003654
3946	0.28000000000003655
3947	0.25300000000003653
3948	0.24300000000003652
3949	0.23600000000003651
3950	0.24700000000003652
3951	0.32000000000003653
3952	0.4190000000000365
3953	0.4430000000000365
3954	0.4770000000000365
3955	0.5500000000000365
3956	0.6200000000000365
3957	0.6760000000000366
3958	0.7270000000000366
3959	0.7500000000000366
3960	0.7550000000000366
3961	0.7560000000000366
3962	0.7570000000000366
3963	0.7560000000000366
3964	0.7560000000000366
3965	0.6860000000000367
3966	0.4680000000000367
3967	0.3980000000000367
3968	0.36200000000003674
3969	0.32500000000003676
3970	0.2800000000000368
3971	0.25300000000003675
3972	0.24300000000003674
3973	0.23600000000003674
3974	0.24700000000003675
3975	0.32000000000003676
3976	0.41900000000003673
3977	0.4430000000000367
3978	0.47700000000003673
3979	0.5500000000000367
3980	0.6200000000000367
3981	0.6760000000000368
3982	0.7270000000000368
3983	0.7500000000000369
3984	0.7550000000000369
3985	0.7560000000000369
3986	0.7570000000000369
3987	0.7560000000000369
3988	0.7560000000000369
3989	0.6860000000000369
3990	0.46800000000003694
3991	0.39800000000003694
3992	0.36200000000003696
3993	0.325000000000037
3994	0.280000000000037
3995	0.253000000000037
3996	0.24300000000003696
3997	0.23600000000003696
3998	0.24700000000003697
3999	0.320000000000037
4000	0.41900000000003695
4001	0.4430000000000369
4002	0.47700000000003695
4003	0.5500000000000369
4004	0.620000000000037
4005	0.676000000000037
4006	0.7270000000000371
4007	0.7500000000000371
4008	0.7550000000000371
4009	0.7560000000000371
4010	0.7570000000000371
4011	0.7560000000000371
4012	0.7560000000000371
4013	0.6860000000000371
4014	0.46800000000003716
4015	0.39800000000003716
4016	0.3620000000000372
4017	0.3250000000000372
4018	0.2800000000000372
4019	0.2530000000000372
4020	0.2430000000000372
4021	0.23600000000003718
4022	0.2470000000000372
4023	0.3200000000000372
4024	0.4190000000000372
4025	0.44300000000003714
4026	0.47700000000003717
4027	0.5500000000000371
4028	0.6200000000000372
4029	0.6760000000000372
4030	0.7270000000000373
4031	0.7500000000000373
4032	0.7550000000000373
4033	0.7560000000000373
4034	0.7570000000000373
4035	0.7560000000000373
4036	0.7560000000000373
4037	0.6860000000000374
4038	0.4680000000000374
4039	0.3980000000000374
4040	0.3620000000000374
4041	0.3250000000000374
4042	0.28000000000003744
4043	0.2530000000000374
4044	0.2430000000000374
4045	0.2360000000000374
4046	0.2470000000000374
4047	0.3200000000000374
4048	0.4190000000000374
4049	0.44300000000003736
4050	0.4770000000000374
4051	0.5500000000000373
4052	0.6200000000000374
4053	0.6760000000000375
4054	0.7270000000000375
4055	0.7500000000000375
4056	0.7670000000000375
4057	0.7740000000000375
4058	0.7790000000000376
4059	0.7850000000000376
4060	0.7840000000000376
4061	0.7850000000000376
4062	0.7230000000000375
4063	0.5520000000000376
4064	0.5060000000000375
4065	0.45700000000003754
4066	0.40700000000003755
4067	0.3750000000000375
4068	0.3680000000000375
4069	0.38800000000003754
4070	0.41900000000003756
4071	0.48400000000003757
4072	0.5150000000000375
4073	0.5500000000000376
4074	0.5920000000000376
4075	0.6440000000000377
4076	0.6810000000000377
4077	0.7000000000000377
4078	0.7320000000000377
4079	0.7500000000000377
4080	0.7670000000000378
4081	0.7740000000000378
4082	0.7790000000000378
4083	0.7850000000000378
4084	0.7840000000000378
4085	0.7850000000000378
4086	0.7230000000000377
4087	0.5520000000000378
4088	0.5060000000000378
4089	0.45700000000003776
4090	0.4070000000000378
4091	0.37500000000003775
4092	0.36800000000003774
4093	0.38800000000003776
4094	0.4190000000000378
4095	0.4840000000000378
4096	0.5150000000000378
4097	0.5500000000000378
4098	0.5920000000000378
4099	0.6440000000000379
4100	0.6810000000000379
4101	0.7000000000000379
4102	0.732000000000038
4103	0.750000000000038
4104	0.755000000000038
4105	0.756000000000038
4106	0.757000000000038
4107	0.756000000000038
4108	0.756000000000038
4109	0.686000000000038
4110	0.46800000000003805
4111	0.39800000000003805
4112	0.36200000000003807
4113	0.3250000000000381
4114	0.2800000000000381
4115	0.2530000000000381
4116	0.24300000000003807
4117	0.23600000000003807
4118	0.24700000000003808
4119	0.3200000000000381
4120	0.41900000000003806
4121	0.44300000000003803
4122	0.47700000000003806
4123	0.550000000000038
4124	0.6200000000000381
4125	0.6760000000000381
4126	0.7270000000000382
4127	0.7500000000000382
4128	0.7550000000000382
4129	0.7560000000000382
4130	0.7570000000000382
4131	0.7560000000000382
4132	0.7560000000000382
4133	0.6860000000000382
4134	0.4680000000000383
4135	0.39800000000003827
4136	0.3620000000000383
4137	0.3250000000000383
4138	0.28000000000003833
4139	0.2530000000000383
4140	0.2430000000000383
4141	0.2360000000000383
4142	0.2470000000000383
4143	0.3200000000000383
4144	0.4190000000000383
4145	0.44300000000003825
4146	0.4770000000000383
4147	0.5500000000000382
4148	0.6200000000000383
4149	0.6760000000000383
4150	0.7270000000000384
4151	0.7500000000000384
4152	0.7550000000000384
4153	0.7560000000000384
4154	0.7570000000000384
4155	0.7560000000000384
4156	0.7560000000000384
4157	0.6860000000000385
4158	0.4680000000000385
4159	0.3980000000000385
4160	0.3620000000000385
4161	0.32500000000003854
4162	0.28000000000003855
4163	0.2530000000000385
4164	0.24300000000003852
4165	0.2360000000000385
4166	0.24700000000003852
4167	0.32000000000003853
4168	0.4190000000000385
4169	0.4430000000000385
4170	0.4770000000000385
4171	0.5500000000000385
4172	0.6200000000000385
4173	0.6760000000000386
4174	0.7270000000000386
4175	0.7500000000000386
4176	0.7550000000000386
4177	0.7560000000000386
4178	0.7570000000000386
4179	0.7560000000000386
4180	0.7560000000000386
4181	0.6860000000000387
4182	0.4680000000000387
4183	0.3980000000000387
4184	0.36200000000003874
4185	0.32500000000003876
4186	0.2800000000000388
4187	0.25300000000003875
4188	0.24300000000003874
4189	0.23600000000003873
4190	0.24700000000003874
4191	0.32000000000003875
4192	0.41900000000003873
4193	0.4430000000000387
4194	0.4770000000000387
4195	0.5500000000000387
4196	0.6200000000000387
4197	0.6760000000000388
4198	0.7270000000000388
4199	0.7500000000000389
4200	0.7550000000000389
4201	0.7560000000000389
4202	0.7570000000000389
4203	0.7560000000000389
4204	0.7560000000000389
4205	0.6860000000000389
4206	0.46800000000003894
4207	0.39800000000003893
4208	0.36200000000003896
4209	0.325000000000039
4210	0.280000000000039
4211	0.25300000000003897
4212	0.24300000000003896
4213	0.23600000000003896
4214	0.24700000000003897
4215	0.320000000000039
4216	0.41900000000003895
4217	0.4430000000000389
4218	0.47700000000003895
4219	0.5500000000000389
4220	0.620000000000039
4221	0.676000000000039
4222	0.7270000000000391
4223	0.7500000000000391
4224	0.7670000000000391
4225	0.7740000000000391
4226	0.7790000000000391
4227	0.7850000000000391
4228	0.7840000000000391
4229	0.7850000000000391
4230	0.7230000000000391
4231	0.5520000000000391
4232	0.5060000000000391
4233	0.4570000000000391
4234	0.4070000000000391
4235	0.3750000000000391
4236	0.3680000000000391
4237	0.3880000000000391
4238	0.4190000000000391
4239	0.4840000000000391
4240	0.5150000000000391
4241	0.5500000000000391
4242	0.5920000000000392
4243	0.6440000000000392
4244	0.6810000000000392
4245	0.7000000000000393
4246	0.7320000000000393
4247	0.7500000000000393
4248	0.7670000000000393
4249	0.7740000000000393
4250	0.7790000000000393
4251	0.7850000000000393
4252	0.7840000000000393
4253	0.7850000000000393
4254	0.7230000000000393
4255	0.5520000000000393
4256	0.5060000000000393
4257	0.4570000000000393
4258	0.40700000000003933
4259	0.3750000000000393
4260	0.3680000000000393
4261	0.3880000000000393
4262	0.41900000000003934
4263	0.48400000000003934
4264	0.5150000000000393
4265	0.5500000000000393
4266	0.5920000000000394
4267	0.6440000000000394
4268	0.6810000000000395
4269	0.7000000000000395
4270	0.7320000000000395
4271	0.7500000000000395
4272	0.7550000000000395
4273	0.7560000000000395
4274	0.7570000000000395
4275	0.7560000000000395
4276	0.7560000000000395
4277	0.6860000000000396
4278	0.4680000000000396
4279	0.3980000000000396
4280	0.3620000000000396
4281	0.32500000000003965
4282	0.28000000000003966
4283	0.25300000000003964
4284	0.24300000000003963
4285	0.23600000000003962
4286	0.24700000000003963
4287	0.32000000000003964
4288	0.4190000000000396
4289	0.4430000000000396
4290	0.4770000000000396
4291	0.5500000000000396
4292	0.6200000000000396
4293	0.6760000000000397
4294	0.7270000000000397
4295	0.7500000000000397
4296	0.7550000000000398
4297	0.7560000000000398
4298	0.7570000000000398
4299	0.7560000000000398
4300	0.7560000000000398
4301	0.6860000000000398
4302	0.46800000000003983
4303	0.3980000000000398
4304	0.36200000000003985
4305	0.32500000000003987
4306	0.2800000000000399
4307	0.25300000000003986
4308	0.24300000000003985
4309	0.23600000000003984
4310	0.24700000000003985
4311	0.32000000000003986
4312	0.41900000000003984
4313	0.4430000000000398
4314	0.47700000000003984
4315	0.5500000000000398
4316	0.6200000000000399
4317	0.6760000000000399
4318	0.72700000000004
4319	0.75000000000004
4320	0.75500000000004
4321	0.75600000000004
4322	0.75700000000004
4323	0.75600000000004
4324	0.75600000000004
4325	0.68600000000004
4326	0.46800000000004005
4327	0.39800000000004004
4328	0.36200000000004007
4329	0.3250000000000401
4330	0.2800000000000401
4331	0.2530000000000401
4332	0.24300000000004007
4333	0.23600000000004007
4334	0.24700000000004008
4335	0.3200000000000401
4336	0.41900000000004006
4337	0.44300000000004003
4338	0.47700000000004006
4339	0.55000000000004
4340	0.6200000000000401
4341	0.6760000000000401
4342	0.7270000000000402
4343	0.7500000000000402
4344	0.7550000000000402
4345	0.7560000000000402
4346	0.7570000000000402
4347	0.7560000000000402
4348	0.7560000000000402
4349	0.6860000000000402
4350	0.4680000000000403
4351	0.39800000000004027
4352	0.3620000000000403
4353	0.3250000000000403
4354	0.2800000000000403
4355	0.2530000000000403
4356	0.2430000000000403
4357	0.2360000000000403
4358	0.2470000000000403
4359	0.3200000000000403
4360	0.4190000000000403
4361	0.44300000000004025
4362	0.4770000000000403
4363	0.5500000000000402
4364	0.6200000000000403
4365	0.6760000000000403
4366	0.7270000000000404
4367	0.7500000000000404
4368	0.7550000000000404
4369	0.7560000000000404
4370	0.7570000000000404
4371	0.7560000000000404
4372	0.7560000000000404
4373	0.6860000000000405
4374	0.4680000000000405
4375	0.3980000000000405
4376	0.3620000000000405
4377	0.32500000000004053
4378	0.28000000000004055
4379	0.2530000000000405
4380	0.24300000000004052
4381	0.2360000000000405
4382	0.24700000000004052
4383	0.32000000000004053
4384	0.4190000000000405
4385	0.4430000000000405
4386	0.4770000000000405
4387	0.5500000000000405
4388	0.6200000000000405
4389	0.6760000000000406
4390	0.7270000000000406
4391	0.7500000000000406
4392	0.7670000000000406
4393	0.7740000000000407
4394	0.7790000000000407
4395	0.7850000000000407
4396	0.7840000000000407
4397	0.7850000000000407
4398	0.7230000000000406
4399	0.5520000000000407
4400	0.5060000000000406
4401	0.45700000000004065
4402	0.40700000000004066
4403	0.37500000000004063
4404	0.36800000000004063
4405	0.38800000000004065
4406	0.4190000000000407
4407	0.4840000000000407
4408	0.5150000000000406
4409	0.5500000000000407
4410	0.5920000000000407
4411	0.6440000000000408
4412	0.6810000000000408
4413	0.7000000000000408
4414	0.7320000000000408
4415	0.7500000000000409
4416	0.7670000000000409
4417	0.7740000000000409
4418	0.7790000000000409
4419	0.7850000000000409
4420	0.7840000000000409
4421	0.7850000000000409
4422	0.7230000000000408
4423	0.5520000000000409
4424	0.5060000000000409
4425	0.4570000000000409
4426	0.4070000000000409
4427	0.37500000000004086
4428	0.36800000000004085
4429	0.38800000000004087
4430	0.4190000000000409
4431	0.4840000000000409
4432	0.5150000000000409
4433	0.5500000000000409
4434	0.5920000000000409
4435	0.644000000000041
4436	0.681000000000041
4437	0.700000000000041
4438	0.7320000000000411
4439	0.7500000000000411
4440	0.7550000000000411
4441	0.7560000000000411
4442	0.7570000000000411
4443	0.7560000000000411
4444	0.7560000000000411
4445	0.6860000000000411
4446	0.46800000000004116
4447	0.39800000000004115
4448	0.3620000000000412
4449	0.3250000000000412
4450	0.2800000000000412
4451	0.2530000000000412
4452	0.24300000000004118
4453	0.23600000000004118
4454	0.2470000000000412
4455	0.3200000000000412
4456	0.4190000000000412
4457	0.44300000000004114
4458	0.47700000000004117
4459	0.5500000000000411
4460	0.6200000000000412
4461	0.6760000000000412
4462	0.7270000000000413
4463	0.7500000000000413
4464	0.7550000000000413
4465	0.7560000000000413
4466	0.7570000000000413
4467	0.7560000000000413
4468	0.7560000000000413
4469	0.6860000000000414
4470	0.4680000000000414
4471	0.3980000000000414
4472	0.3620000000000414
4473	0.3250000000000414
4474	0.28000000000004144
4475	0.2530000000000414
4476	0.2430000000000414
4477	0.2360000000000414
4478	0.2470000000000414
4479	0.3200000000000414
4480	0.4190000000000414
4481	0.44300000000004136
4482	0.4770000000000414
4483	0.5500000000000413
4484	0.6200000000000414
4485	0.6760000000000415
4486	0.7270000000000415
4487	0.7500000000000415
4488	0.7550000000000415
4489	0.7560000000000415
4490	0.7570000000000415
4491	0.7560000000000415
4492	0.7560000000000415
4493	0.6860000000000416
4494	0.4680000000000416
4495	0.3980000000000416
4496	0.3620000000000416
4497	0.32500000000004164
4498	0.28000000000004166
4499	0.25300000000004164
4500	0.24300000000004163
4501	0.23600000000004162
4502	0.24700000000004163
4503	0.32000000000004164
4504	0.4190000000000416
4505	0.4430000000000416
4506	0.4770000000000416
4507	0.5500000000000416
4508	0.6200000000000416
4509	0.6760000000000417
4510	0.7270000000000417
4511	0.7500000000000417
4512	0.7550000000000417
4513	0.7560000000000417
4514	0.7570000000000418
4515	0.7560000000000417
4516	0.7560000000000417
4517	0.6860000000000418
4518	0.4680000000000418
4519	0.3980000000000418
4520	0.36200000000004184
4521	0.32500000000004187
4522	0.2800000000000419
4523	0.25300000000004186
4524	0.24300000000004185
4525	0.23600000000004184
4526	0.24700000000004185
4527	0.32000000000004186
4528	0.41900000000004184
4529	0.4430000000000418
4530	0.47700000000004183
4531	0.5500000000000418
4532	0.6200000000000419
4533	0.6760000000000419
4534	0.727000000000042
4535	0.750000000000042
4536	0.755000000000042
4537	0.756000000000042
4538	0.757000000000042
4539	0.756000000000042
4540	0.756000000000042
4541	0.686000000000042
4542	0.46800000000004205
4543	0.39800000000004204
4544	0.36200000000004207
4545	0.3250000000000421
4546	0.2800000000000421
4547	0.2530000000000421
4548	0.24300000000004207
4549	0.23600000000004207
4550	0.24700000000004207
4551	0.3200000000000421
4552	0.41900000000004206
4553	0.443000000000042
4554	0.47700000000004206
4555	0.550000000000042
4556	0.6200000000000421
4557	0.6760000000000421
4558	0.7270000000000422
4559	0.7500000000000422
4560	0.7670000000000422
4561	0.7740000000000422
4562	0.7790000000000422
4563	0.7850000000000422
4564	0.7840000000000422
4565	0.7850000000000422
4566	0.7230000000000422
4567	0.5520000000000422
4568	0.5060000000000422
4569	0.4570000000000422
4570	0.4070000000000422
4571	0.3750000000000422
4572	0.3680000000000422
4573	0.3880000000000422
4574	0.4190000000000422
4575	0.48400000000004223
4576	0.5150000000000422
4577	0.5500000000000422
4578	0.5920000000000423
4579	0.6440000000000423
4580	0.6810000000000423
4581	0.7000000000000424
4582	0.7320000000000424
4583	0.7500000000000424
4584	0.7670000000000424
4585	0.7740000000000424
4586	0.7790000000000424
4587	0.7850000000000424
4588	0.7840000000000424
4589	0.7850000000000424
4590	0.7230000000000424
4591	0.5520000000000425
4592	0.5060000000000424
4593	0.45700000000004243
4594	0.40700000000004244
4595	0.3750000000000424
4596	0.3680000000000424
4597	0.3880000000000424
4598	0.41900000000004245
4599	0.48400000000004245
4600	0.5150000000000424
4601	0.5500000000000425
4602	0.5920000000000425
4603	0.6440000000000425
4604	0.6810000000000426
4605	0.7000000000000426
4606	0.7320000000000426
4607	0.7500000000000426
4608	0.7550000000000426
4609	0.7560000000000426
4610	0.7570000000000426
4611	0.7560000000000426
4612	0.7560000000000426
4613	0.6860000000000427
4614	0.4680000000000427
4615	0.3980000000000427
4616	0.36200000000004273
4617	0.32500000000004275
4618	0.28000000000004277
4619	0.25300000000004275
4620	0.24300000000004274
4621	0.23600000000004273
4622	0.24700000000004274
4623	0.32000000000004275
4624	0.4190000000000427
4625	0.4430000000000427
4626	0.4770000000000427
4627	0.5500000000000427
4628	0.6200000000000427
4629	0.6760000000000428
4630	0.7270000000000428
4631	0.7500000000000429
4632	0.7550000000000429
4633	0.7560000000000429
4634	0.7570000000000429
4635	0.7560000000000429
4636	0.7560000000000429
4637	0.6860000000000429
4638	0.46800000000004294
4639	0.39800000000004293
4640	0.36200000000004295
4641	0.325000000000043
4642	0.280000000000043
4643	0.25300000000004297
4644	0.24300000000004296
4645	0.23600000000004295
4646	0.24700000000004296
4647	0.320000000000043
4648	0.41900000000004295
4649	0.4430000000000429
4650	0.47700000000004295
4651	0.5500000000000429
4652	0.620000000000043
4653	0.676000000000043
4654	0.7270000000000431
4655	0.7500000000000431
4656	0.7550000000000431
4657	0.7560000000000431
4658	0.7570000000000431
4659	0.7560000000000431
4660	0.7560000000000431
4661	0.6860000000000431
4662	0.46800000000004316
4663	0.39800000000004315
4664	0.3620000000000432
4665	0.3250000000000432
4666	0.2800000000000432
4667	0.2530000000000432
4668	0.24300000000004318
4669	0.23600000000004318
4670	0.24700000000004319
4671	0.3200000000000432
4672	0.41900000000004317
4673	0.44300000000004314
4674	0.47700000000004317
4675	0.5500000000000431
4676	0.6200000000000432
4677	0.6760000000000432
4678	0.7270000000000433
4679	0.7500000000000433
4680	0.7550000000000433
4681	0.7560000000000433
4682	0.7570000000000433
4683	0.7560000000000433
4684	0.7560000000000433
4685	0.6860000000000434
4686	0.4680000000000434
4687	0.3980000000000434
4688	0.3620000000000434
4689	0.3250000000000434
4690	0.28000000000004344
4691	0.2530000000000434
4692	0.2430000000000434
4693	0.2360000000000434
4694	0.2470000000000434
4695	0.3200000000000434
4696	0.4190000000000434
4697	0.44300000000004336
4698	0.4770000000000434
4699	0.5500000000000433
4700	0.6200000000000434
4701	0.6760000000000435
4702	0.7270000000000435
4703	0.7500000000000435
4704	0.7550000000000435
4705	0.7560000000000435
4706	0.7570000000000435
4707	0.7560000000000435
4708	0.7560000000000435
4709	0.6860000000000436
4710	0.4680000000000436
4711	0.3980000000000436
4712	0.3620000000000436
4713	0.32500000000004364
4714	0.28000000000004366
4715	0.25300000000004363
4716	0.24300000000004363
4717	0.23600000000004362
4718	0.24700000000004363
4719	0.32000000000004364
4720	0.4190000000000436
4721	0.4430000000000436
4722	0.4770000000000436
4723	0.5500000000000436
4724	0.6200000000000436
4725	0.6760000000000437
4726	0.7270000000000437
4727	0.7500000000000437
4728	0.7670000000000438
4729	0.7740000000000438
4730	0.7790000000000438
4731	0.7850000000000438
4732	0.7840000000000438
4733	0.7850000000000438
4734	0.7230000000000437
4735	0.5520000000000438
4736	0.5060000000000437
4737	0.45700000000004376
4738	0.40700000000004377
4739	0.37500000000004374
4740	0.36800000000004374
4741	0.38800000000004375
4742	0.4190000000000438
4743	0.4840000000000438
4744	0.5150000000000438
4745	0.5500000000000438
4746	0.5920000000000438
4747	0.6440000000000439
4748	0.6810000000000439
4749	0.7000000000000439
4750	0.732000000000044
4751	0.750000000000044
4752	0.767000000000044
4753	0.774000000000044
4754	0.779000000000044
4755	0.785000000000044
4756	0.784000000000044
4757	0.785000000000044
4758	0.7230000000000439
4759	0.552000000000044
4760	0.506000000000044
4761	0.457000000000044
4762	0.407000000000044
4763	0.37500000000004396
4764	0.36800000000004396
4765	0.388000000000044
4766	0.419000000000044
4767	0.484000000000044
4768	0.515000000000044
4769	0.550000000000044
4770	0.592000000000044
4771	0.6440000000000441
4772	0.6810000000000441
4773	0.7000000000000441
4774	0.7320000000000442
4775	0.7500000000000442
4776	0.7550000000000442
4777	0.7560000000000442
4778	0.7570000000000442
4779	0.7560000000000442
4780	0.7560000000000442
4781	0.6860000000000442
4782	0.46800000000004427
4783	0.39800000000004426
4784	0.3620000000000443
4785	0.3250000000000443
4786	0.2800000000000443
4787	0.2530000000000443
4788	0.2430000000000443
4789	0.23600000000004429
4790	0.2470000000000443
4791	0.3200000000000443
4792	0.4190000000000443
4793	0.44300000000004425
4794	0.4770000000000443
4795	0.5500000000000442
4796	0.6200000000000443
4797	0.6760000000000443
4798	0.7270000000000444
4799	0.7500000000000444
4800	0.7550000000000444
4801	0.7560000000000444
4802	0.7570000000000444
4803	0.7560000000000444
4804	0.7560000000000444
4805	0.6860000000000445
4806	0.4680000000000445
4807	0.3980000000000445
4808	0.3620000000000445
4809	0.32500000000004453
4810	0.28000000000004455
4811	0.2530000000000445
4812	0.2430000000000445
4813	0.2360000000000445
4814	0.24700000000004452
4815	0.3200000000000445
4816	0.4190000000000445
4817	0.44300000000004447
4818	0.4770000000000445
4819	0.5500000000000445
4820	0.6200000000000445
4821	0.6760000000000446
4822	0.7270000000000446
4823	0.7500000000000446
4824	0.7550000000000446
4825	0.7560000000000446
4826	0.7570000000000446
4827	0.7560000000000446
4828	0.7560000000000446
4829	0.6860000000000447
4830	0.4680000000000447
4831	0.3980000000000447
4832	0.36200000000004473
4833	0.32500000000004475
4834	0.28000000000004477
4835	0.25300000000004474
4836	0.24300000000004474
4837	0.23600000000004473
4838	0.24700000000004474
4839	0.32000000000004475
4840	0.4190000000000447
4841	0.4430000000000447
4842	0.4770000000000447
4843	0.5500000000000447
4844	0.6200000000000447
4845	0.6760000000000448
4846	0.7270000000000448
4847	0.7500000000000449
4848	0.7550000000000449
4849	0.7560000000000449
4850	0.7570000000000449
4851	0.7560000000000449
4852	0.7560000000000449
4853	0.6860000000000449
4854	0.46800000000004494
4855	0.39800000000004493
4856	0.36200000000004495
4857	0.325000000000045
4858	0.280000000000045
4859	0.25300000000004497
4860	0.24300000000004496
4861	0.23600000000004495
4862	0.24700000000004496
4863	0.32000000000004497
4864	0.41900000000004495
4865	0.4430000000000449
4866	0.47700000000004494
4867	0.5500000000000449
4868	0.620000000000045
4869	0.676000000000045
4870	0.727000000000045
4871	0.7500000000000451
4872	0.7550000000000451
4873	0.7560000000000451
4874	0.7570000000000451
4875	0.7560000000000451
4876	0.7560000000000451
4877	0.6860000000000451
4878	0.46800000000004516
4879	0.39800000000004515
4880	0.3620000000000452
4881	0.3250000000000452
4882	0.2800000000000452
4883	0.2530000000000452
4884	0.24300000000004518
4885	0.23600000000004517
4886	0.24700000000004518
4887	0.3200000000000452
4888	0.41900000000004517
4889	0.44300000000004514
4890	0.47700000000004517
4891	0.5500000000000451
4892	0.6200000000000452
4893	0.6760000000000452
4894	0.7270000000000453
4895	0.7500000000000453
4896	0.7670000000000453
4897	0.7740000000000453
4898	0.7790000000000453
4899	0.7850000000000453
4900	0.7840000000000453
4901	0.7850000000000453
4902	0.7230000000000453
4903	0.5520000000000453
4904	0.5060000000000453
4905	0.4570000000000453
4906	0.4070000000000453
4907	0.3750000000000453
4908	0.3680000000000453
4909	0.3880000000000453
4910	0.41900000000004534
4911	0.48400000000004534
4912	0.5150000000000453
4913	0.5500000000000453
4914	0.5920000000000454
4915	0.6440000000000454
4916	0.6810000000000455
4917	0.7000000000000455
4918	0.7320000000000455
4919	0.7500000000000455
4920	0.7670000000000455
4921	0.7740000000000455
4922	0.7790000000000455
4923	0.7850000000000456
4924	0.7840000000000455
4925	0.7850000000000456
4926	0.7230000000000455
4927	0.5520000000000456
4928	0.5060000000000455
4929	0.45700000000004554
4930	0.40700000000004555
4931	0.3750000000000455
4932	0.3680000000000455
4933	0.38800000000004553
4934	0.41900000000004556
4935	0.48400000000004556
4936	0.5150000000000455
4937	0.5500000000000456
4938	0.5920000000000456
4939	0.6440000000000456
4940	0.6810000000000457
4941	0.7000000000000457
4942	0.7320000000000457
4943	0.7500000000000457
4944	0.7550000000000457
4945	0.7560000000000457
4946	0.7570000000000457
4947	0.7560000000000457
4948	0.7560000000000457
4949	0.6860000000000458
4950	0.4680000000000458
4951	0.3980000000000458
4952	0.36200000000004584
4953	0.32500000000004586
4954	0.2800000000000459
4955	0.25300000000004585
4956	0.24300000000004585
4957	0.23600000000004584
4958	0.24700000000004585
4959	0.32000000000004586
4960	0.41900000000004584
4961	0.4430000000000458
4962	0.47700000000004583
4963	0.5500000000000458
4964	0.6200000000000458
4965	0.6760000000000459
4966	0.7270000000000459
4967	0.750000000000046
4968	0.755000000000046
4969	0.756000000000046
4970	0.757000000000046
4971	0.756000000000046
4972	0.756000000000046
4973	0.686000000000046
4974	0.46800000000004605
4975	0.39800000000004604
4976	0.36200000000004606
4977	0.3250000000000461
4978	0.2800000000000461
4979	0.2530000000000461
4980	0.24300000000004607
4981	0.23600000000004606
4982	0.24700000000004607
4983	0.3200000000000461
4984	0.41900000000004606
4985	0.443000000000046
4986	0.47700000000004605
4987	0.550000000000046
4988	0.6200000000000461
4989	0.6760000000000461
4990	0.7270000000000462
4991	0.7500000000000462
4992	0.7550000000000462
4993	0.7560000000000462
4994	0.7570000000000462
4995	0.7560000000000462
4996	0.7560000000000462
4997	0.6860000000000462
4998	0.46800000000004627
4999	0.39800000000004626
5000	0.3620000000000463
5001	0.3250000000000463
5002	0.2800000000000463
5003	0.2530000000000463
5004	0.2430000000000463
5005	0.23600000000004628
5006	0.2470000000000463
5007	0.3200000000000463
5008	0.4190000000000463
5009	0.44300000000004625
5010	0.4770000000000463
5011	0.5500000000000462
5012	0.6200000000000463
5013	0.6760000000000463
5014	0.7270000000000464
5015	0.7500000000000464
5016	0.7550000000000464
5017	0.7560000000000464
5018	0.7570000000000464
5019	0.7560000000000464
5020	0.7560000000000464
5021	0.6860000000000465
5022	0.4680000000000465
5023	0.3980000000000465
5024	0.3620000000000465
5025	0.32500000000004653
5026	0.28000000000004654
5027	0.2530000000000465
5028	0.2430000000000465
5029	0.2360000000000465
5030	0.24700000000004652
5031	0.3200000000000465
5032	0.4190000000000465
5033	0.44300000000004647
5034	0.4770000000000465
5035	0.5500000000000465
5036	0.6200000000000465
5037	0.6760000000000466
5038	0.7270000000000466
5039	0.7500000000000466
5040	0.7550000000000466
5041	0.7560000000000466
5042	0.7570000000000466
5043	0.7560000000000466
5044	0.7560000000000466
5045	0.6860000000000467
5046	0.4680000000000467
5047	0.3980000000000467
5048	0.36200000000004673
5049	0.32500000000004675
5050	0.28000000000004677
5051	0.25300000000004674
5052	0.24300000000004673
5053	0.23600000000004673
5054	0.24700000000004674
5055	0.32000000000004675
5056	0.4190000000000467
5057	0.4430000000000467
5058	0.4770000000000467
5059	0.5500000000000467
5060	0.6200000000000467
5061	0.6760000000000468
5062	0.7270000000000468
5063	0.7500000000000469
5064	0.7670000000000469
5065	0.7740000000000469
5066	0.7790000000000469
5067	0.7850000000000469
5068	0.7840000000000469
5069	0.7850000000000469
5070	0.7230000000000468
5071	0.5520000000000469
5072	0.5060000000000469
5073	0.45700000000004687
5074	0.4070000000000469
5075	0.37500000000004685
5076	0.36800000000004685
5077	0.38800000000004686
5078	0.4190000000000469
5079	0.4840000000000469
5080	0.5150000000000469
5081	0.5500000000000469
5082	0.5920000000000469
5083	0.644000000000047
5084	0.681000000000047
5085	0.700000000000047
5086	0.7320000000000471
5087	0.7500000000000471
5088	0.7670000000000471
5089	0.7740000000000471
5090	0.7790000000000471
5091	0.7850000000000471
5092	0.7840000000000471
5093	0.7850000000000471
5094	0.723000000000047
5095	0.5520000000000471
5096	0.5060000000000471
5097	0.4570000000000471
5098	0.4070000000000471
5099	0.3750000000000471
5100	0.36800000000004707
5101	0.3880000000000471
5102	0.4190000000000471
5103	0.4840000000000471
5104	0.5150000000000471
5105	0.5500000000000471
5106	0.5920000000000472
5107	0.6440000000000472
5108	0.6810000000000472
5109	0.7000000000000473
5110	0.7320000000000473
5111	0.7500000000000473
5112	0.7550000000000473
5113	0.7560000000000473
5114	0.7570000000000473
5115	0.7560000000000473
5116	0.7560000000000473
5117	0.6860000000000473
5118	0.4680000000000474
5119	0.39800000000004737
5120	0.3620000000000474
5121	0.3250000000000474
5122	0.28000000000004743
5123	0.2530000000000474
5124	0.2430000000000474
5125	0.2360000000000474
5126	0.2470000000000474
5127	0.3200000000000474
5128	0.4190000000000474
5129	0.44300000000004736
5130	0.4770000000000474
5131	0.5500000000000473
5132	0.6200000000000474
5133	0.6760000000000475
5134	0.7270000000000475
5135	0.7500000000000475
5136	0.7550000000000475
5137	0.7560000000000475
5138	0.7570000000000475
5139	0.7560000000000475
5140	0.7560000000000475
5141	0.6860000000000476
5142	0.4680000000000476
5143	0.3980000000000476
5144	0.3620000000000476
5145	0.32500000000004764
5146	0.28000000000004766
5147	0.25300000000004763
5148	0.24300000000004762
5149	0.23600000000004762
5150	0.24700000000004763
5151	0.32000000000004764
5152	0.4190000000000476
5153	0.4430000000000476
5154	0.4770000000000476
5155	0.5500000000000476
5156	0.6200000000000476
5157	0.6760000000000477
5158	0.7270000000000477
5159	0.7500000000000477
5160	0.7550000000000477
5161	0.7560000000000477
5162	0.7570000000000477
5163	0.7560000000000477
5164	0.7560000000000477
5165	0.6860000000000478
5166	0.4680000000000478
5167	0.3980000000000478
5168	0.36200000000004784
5169	0.32500000000004786
5170	0.2800000000000479
5171	0.25300000000004785
5172	0.24300000000004784
5173	0.23600000000004784
5174	0.24700000000004785
5175	0.32000000000004786
5176	0.41900000000004783
5177	0.4430000000000478
5178	0.47700000000004783
5179	0.5500000000000478
5180	0.6200000000000478
5181	0.6760000000000479
5182	0.7270000000000479
5183	0.750000000000048
5184	0.755000000000048
5185	0.756000000000048
5186	0.757000000000048
5187	0.756000000000048
5188	0.756000000000048
5189	0.686000000000048
5190	0.46800000000004804
5191	0.39800000000004804
5192	0.36200000000004806
5193	0.3250000000000481
5194	0.2800000000000481
5195	0.2530000000000481
5196	0.24300000000004807
5197	0.23600000000004806
5198	0.24700000000004807
5199	0.3200000000000481
5200	0.41900000000004806
5201	0.443000000000048
5202	0.47700000000004805
5203	0.550000000000048
5204	0.6200000000000481
5205	0.6760000000000481
5206	0.7270000000000482
5207	0.7500000000000482
5208	0.7550000000000482
5209	0.7560000000000482
5210	0.7570000000000482
5211	0.7560000000000482
5212	0.7560000000000482
5213	0.6860000000000482
5214	0.46800000000004827
5215	0.39800000000004826
5216	0.3620000000000483
5217	0.3250000000000483
5218	0.2800000000000483
5219	0.2530000000000483
5220	0.2430000000000483
5221	0.23600000000004828
5222	0.2470000000000483
5223	0.3200000000000483
5224	0.4190000000000483
5225	0.44300000000004824
5226	0.4770000000000483
5227	0.5500000000000482
5228	0.6200000000000483
5229	0.6760000000000483
5230	0.7270000000000484
5231	0.7500000000000484
5232	0.7670000000000484
5233	0.7740000000000484
5234	0.7790000000000484
5235	0.7850000000000484
5236	0.7840000000000484
5237	0.7850000000000484
5238	0.7230000000000484
5239	0.5520000000000485
5240	0.5060000000000484
5241	0.4570000000000484
5242	0.40700000000004843
5243	0.3750000000000484
5244	0.3680000000000484
5245	0.3880000000000484
5246	0.41900000000004844
5247	0.48400000000004845
5248	0.5150000000000484
5249	0.5500000000000485
5250	0.5920000000000485
5251	0.6440000000000485
5252	0.6810000000000486
5253	0.7000000000000486
5254	0.7320000000000486
5255	0.7500000000000486
5256	0.7670000000000486
5257	0.7740000000000486
5258	0.7790000000000487
5259	0.7850000000000487
5260	0.7840000000000487
5261	0.7850000000000487
5262	0.7230000000000486
5263	0.5520000000000487
5264	0.5060000000000486
5265	0.45700000000004865
5266	0.40700000000004866
5267	0.37500000000004863
5268	0.3680000000000486
5269	0.38800000000004864
5270	0.41900000000004867
5271	0.48400000000004867
5272	0.5150000000000486
5273	0.5500000000000487
5274	0.5920000000000487
5275	0.6440000000000488
5276	0.6810000000000488
5277	0.7000000000000488
5278	0.7320000000000488
5279	0.7500000000000488
5280	0.7550000000000489
5281	0.7560000000000489
5282	0.7570000000000489
5283	0.7560000000000489
5284	0.7560000000000489
5285	0.6860000000000489
5286	0.46800000000004893
5287	0.3980000000000489
5288	0.36200000000004895
5289	0.32500000000004897
5290	0.280000000000049
5291	0.25300000000004896
5292	0.24300000000004895
5293	0.23600000000004895
5294	0.24700000000004896
5295	0.32000000000004897
5296	0.41900000000004894
5297	0.4430000000000489
5298	0.47700000000004894
5299	0.5500000000000489
5300	0.620000000000049
5301	0.676000000000049
5302	0.727000000000049
5303	0.7500000000000491
5304	0.7550000000000491
5305	0.7560000000000491
5306	0.7570000000000491
5307	0.7560000000000491
5308	0.7560000000000491
5309	0.6860000000000491
5310	0.46800000000004915
5311	0.39800000000004915
5312	0.36200000000004917
5313	0.3250000000000492
5314	0.2800000000000492
5315	0.2530000000000492
5316	0.24300000000004918
5317	0.23600000000004917
5318	0.24700000000004918
5319	0.3200000000000492
5320	0.41900000000004917
5321	0.44300000000004913
5322	0.47700000000004916
5323	0.5500000000000491
5324	0.6200000000000492
5325	0.6760000000000492
5326	0.7270000000000493
5327	0.7500000000000493
5328	0.7550000000000493
5329	0.7560000000000493
5330	0.7570000000000493
5331	0.7560000000000493
5332	0.7560000000000493
5333	0.6860000000000493
5334	0.4680000000000494
5335	0.39800000000004937
5336	0.3620000000000494
5337	0.3250000000000494
5338	0.28000000000004943
5339	0.2530000000000494
5340	0.2430000000000494
5341	0.2360000000000494
5342	0.2470000000000494
5343	0.3200000000000494
5344	0.4190000000000494
5345	0.44300000000004935
5346	0.4770000000000494
5347	0.5500000000000493
5348	0.6200000000000494
5349	0.6760000000000495
5350	0.7270000000000495
5351	0.7500000000000495
5352	0.7550000000000495
5353	0.7560000000000495
5354	0.7570000000000495
5355	0.7560000000000495
5356	0.7560000000000495
5357	0.6860000000000496
5358	0.4680000000000496
5359	0.3980000000000496
5360	0.3620000000000496
5361	0.32500000000004964
5362	0.28000000000004965
5363	0.25300000000004963
5364	0.24300000000004962
5365	0.23600000000004961
5366	0.24700000000004962
5367	0.32000000000004963
5368	0.4190000000000496
5369	0.4430000000000496
5370	0.4770000000000496
5371	0.5500000000000496
5372	0.6200000000000496
5373	0.6760000000000497
5374	0.7270000000000497
5375	0.7500000000000497
5376	0.7550000000000497
5377	0.7560000000000497
5378	0.7570000000000497
5379	0.7560000000000497
5380	0.7560000000000497
5381	0.6860000000000498
5382	0.4680000000000498
5383	0.3980000000000498
5384	0.36200000000004984
5385	0.32500000000004986
5386	0.2800000000000499
5387	0.25300000000004985
5388	0.24300000000004984
5389	0.23600000000004984
5390	0.24700000000004985
5391	0.32000000000004986
5392	0.41900000000004983
5393	0.4430000000000498
5394	0.47700000000004983
5395	0.5500000000000498
5396	0.6200000000000498
5397	0.6760000000000499
5398	0.7270000000000499
5399	0.75000000000005
5400	0.76700000000005
5401	0.77400000000005
5402	0.77900000000005
5403	0.78500000000005
5404	0.78400000000005
5405	0.78500000000005
5406	0.7230000000000499
5407	0.55200000000005
5408	0.50600000000005
5409	0.45700000000005
5410	0.40700000000005
5411	0.37500000000004996
5412	0.36800000000004995
5413	0.38800000000004997
5414	0.41900000000005
5415	0.48400000000005
5416	0.51500000000005
5417	0.55000000000005
5418	0.59200000000005
5419	0.6440000000000501
5420	0.6810000000000501
5421	0.7000000000000501
5422	0.7320000000000502
5423	0.7500000000000502
5424	0.7670000000000502
5425	0.7740000000000502
5426	0.7790000000000502
5427	0.7850000000000502
5428	0.7840000000000502
5429	0.7850000000000502
5430	0.7230000000000502
5431	0.5520000000000502
5432	0.5060000000000502
5433	0.4570000000000502
5434	0.4070000000000502
5435	0.3750000000000502
5436	0.3680000000000502
5437	0.3880000000000502
5438	0.4190000000000502
5439	0.4840000000000502
5440	0.5150000000000502
5441	0.5500000000000502
5442	0.5920000000000503
5443	0.6440000000000503
5444	0.6810000000000503
5445	0.7000000000000504
5446	0.7320000000000504
5447	0.7500000000000504
5448	0.7550000000000504
5449	0.7560000000000504
5450	0.7570000000000504
5451	0.7560000000000504
5452	0.7560000000000504
5453	0.6860000000000505
5454	0.4680000000000505
5455	0.3980000000000505
5456	0.3620000000000505
5457	0.3250000000000505
5458	0.28000000000005054
5459	0.2530000000000505
5460	0.2430000000000505
5461	0.2360000000000505
5462	0.2470000000000505
5463	0.3200000000000505
5464	0.4190000000000505
5465	0.44300000000005046
5466	0.4770000000000505
5467	0.5500000000000504
5468	0.6200000000000505
5469	0.6760000000000506
5470	0.7270000000000506
5471	0.7500000000000506
5472	0.7550000000000506
5473	0.7560000000000506
5474	0.7570000000000506
5475	0.7560000000000506
5476	0.7560000000000506
5477	0.6860000000000507
5478	0.4680000000000507
5479	0.3980000000000507
5480	0.3620000000000507
5481	0.32500000000005075
5482	0.28000000000005076
5483	0.25300000000005074
5484	0.24300000000005073
5485	0.23600000000005072
5486	0.24700000000005073
5487	0.32000000000005074
5488	0.4190000000000507
5489	0.4430000000000507
5490	0.4770000000000507
5491	0.5500000000000507
5492	0.6200000000000507
5493	0.6760000000000508
5494	0.7270000000000508
5495	0.7500000000000508
5496	0.7550000000000509
5497	0.7560000000000509
5498	0.7570000000000509
5499	0.7560000000000509
5500	0.7560000000000509
5501	0.6860000000000509
5502	0.46800000000005093
5503	0.3980000000000509
5504	0.36200000000005095
5505	0.32500000000005097
5506	0.280000000000051
5507	0.25300000000005096
5508	0.24300000000005095
5509	0.23600000000005095
5510	0.24700000000005096
5511	0.32000000000005097
5512	0.41900000000005094
5513	0.4430000000000509
5514	0.47700000000005094
5515	0.5500000000000509
5516	0.620000000000051
5517	0.676000000000051
5518	0.727000000000051
5519	0.7500000000000511
5520	0.7550000000000511
5521	0.7560000000000511
5522	0.7570000000000511
5523	0.7560000000000511
5524	0.7560000000000511
5525	0.6860000000000511
5526	0.46800000000005115
5527	0.39800000000005115
5528	0.36200000000005117
5529	0.3250000000000512
5530	0.2800000000000512
5531	0.2530000000000512
5532	0.24300000000005118
5533	0.23600000000005117
5534	0.24700000000005118
5535	0.3200000000000512
5536	0.41900000000005116
5537	0.44300000000005113
5538	0.47700000000005116
5539	0.5500000000000511
5540	0.6200000000000512
5541	0.6760000000000512
5542	0.7270000000000513
5543	0.7500000000000513
5544	0.7550000000000513
5545	0.7560000000000513
5546	0.7570000000000513
5547	0.7560000000000513
5548	0.7560000000000513
5549	0.6860000000000513
5550	0.4680000000000514
5551	0.39800000000005137
5552	0.3620000000000514
5553	0.3250000000000514
5554	0.28000000000005143
5555	0.2530000000000514
5556	0.2430000000000514
5557	0.2360000000000514
5558	0.2470000000000514
5559	0.3200000000000514
5560	0.4190000000000514
5561	0.44300000000005135
5562	0.4770000000000514
5563	0.5500000000000513
5564	0.6200000000000514
5565	0.6760000000000514
5566	0.7270000000000515
5567	0.7500000000000515
5568	0.7670000000000515
5569	0.7740000000000515
5570	0.7790000000000515
5571	0.7850000000000515
5572	0.7840000000000515
5573	0.7850000000000515
5574	0.7230000000000515
5575	0.5520000000000516
5576	0.5060000000000515
5577	0.45700000000005153
5578	0.40700000000005154
5579	0.3750000000000515
5580	0.3680000000000515
5581	0.3880000000000515
5582	0.41900000000005155
5583	0.48400000000005156
5584	0.5150000000000515
5585	0.5500000000000516
5586	0.5920000000000516
5587	0.6440000000000516
5588	0.6810000000000517
5589	0.7000000000000517
5590	0.7320000000000517
5591	0.7500000000000517
5592	0.7670000000000518
5593	0.7740000000000518
5594	0.7790000000000518
5595	0.7850000000000518
5596	0.7840000000000518
5597	0.7850000000000518
5598	0.7230000000000517
5599	0.5520000000000518
5600	0.5060000000000517
5601	0.45700000000005175
5602	0.40700000000005176
5603	0.37500000000005174
5604	0.36800000000005173
5605	0.38800000000005175
5606	0.4190000000000518
5607	0.4840000000000518
5608	0.5150000000000517
5609	0.5500000000000518
5610	0.5920000000000518
5611	0.6440000000000519
5612	0.6810000000000519
5613	0.7000000000000519
5614	0.7320000000000519
5615	0.750000000000052
5616	0.755000000000052
5617	0.756000000000052
5618	0.757000000000052
5619	0.756000000000052
5620	0.756000000000052
5621	0.686000000000052
5622	0.46800000000005204
5623	0.39800000000005203
5624	0.36200000000005206
5625	0.3250000000000521
5626	0.2800000000000521
5627	0.25300000000005207
5628	0.24300000000005206
5629	0.23600000000005206
5630	0.24700000000005207
5631	0.3200000000000521
5632	0.41900000000005205
5633	0.443000000000052
5634	0.47700000000005205
5635	0.550000000000052
5636	0.6200000000000521
5637	0.6760000000000521
5638	0.7270000000000522
5639	0.7500000000000522
5640	0.7550000000000522
5641	0.7560000000000522
5642	0.7570000000000522
5643	0.7560000000000522
5644	0.7560000000000522
5645	0.6860000000000522
5646	0.46800000000005226
5647	0.39800000000005226
5648	0.3620000000000523
5649	0.3250000000000523
5650	0.2800000000000523
5651	0.2530000000000523
5652	0.24300000000005229
5653	0.23600000000005228
5654	0.2470000000000523
5655	0.3200000000000523
5656	0.4190000000000523
5657	0.44300000000005224
5658	0.47700000000005227
5659	0.5500000000000522
5660	0.6200000000000523
5661	0.6760000000000523
5662	0.7270000000000524
5663	0.7500000000000524
5664	0.7550000000000524
5665	0.7560000000000524
5666	0.7570000000000524
5667	0.7560000000000524
5668	0.7560000000000524
5669	0.6860000000000525
5670	0.4680000000000525
5671	0.3980000000000525
5672	0.3620000000000525
5673	0.3250000000000525
5674	0.28000000000005254
5675	0.2530000000000525
5676	0.2430000000000525
5677	0.2360000000000525
5678	0.2470000000000525
5679	0.3200000000000525
5680	0.4190000000000525
5681	0.44300000000005246
5682	0.4770000000000525
5683	0.5500000000000524
5684	0.6200000000000525
5685	0.6760000000000526
5686	0.7270000000000526
5687	0.7500000000000526
5688	0.7550000000000526
5689	0.7560000000000526
5690	0.7570000000000526
5691	0.7560000000000526
5692	0.7560000000000526
5693	0.6860000000000527
5694	0.4680000000000527
5695	0.3980000000000527
5696	0.3620000000000527
5697	0.32500000000005275
5698	0.28000000000005276
5699	0.25300000000005274
5700	0.24300000000005273
5701	0.23600000000005272
5702	0.24700000000005273
5703	0.32000000000005274
5704	0.4190000000000527
5705	0.4430000000000527
5706	0.4770000000000527
5707	0.5500000000000527
5708	0.6200000000000527
5709	0.6760000000000528
5710	0.7270000000000528
5711	0.7500000000000528
5712	0.7550000000000529
5713	0.7560000000000529
5714	0.7570000000000529
5715	0.7560000000000529
5716	0.7560000000000529
5717	0.6860000000000529
5718	0.46800000000005293
5719	0.3980000000000529
5720	0.36200000000005295
5721	0.32500000000005297
5722	0.280000000000053
5723	0.25300000000005296
5724	0.24300000000005295
5725	0.23600000000005295
5726	0.24700000000005295
5727	0.32000000000005296
5728	0.41900000000005294
5729	0.4430000000000529
5730	0.47700000000005294
5731	0.5500000000000529
5732	0.620000000000053
5733	0.676000000000053
5734	0.727000000000053
5735	0.7500000000000531
5736	0.7670000000000531
5737	0.7740000000000531
5738	0.7790000000000531
5739	0.7850000000000531
5740	0.7840000000000531
5741	0.7850000000000531
5742	0.723000000000053
5743	0.5520000000000531
5744	0.5060000000000531
5745	0.4570000000000531
5746	0.4070000000000531
5747	0.37500000000005307
5748	0.36800000000005306
5749	0.3880000000000531
5750	0.4190000000000531
5751	0.4840000000000531
5752	0.5150000000000531
5753	0.5500000000000531
5754	0.5920000000000532
5755	0.6440000000000532
5756	0.6810000000000532
5757	0.7000000000000532
5758	0.7320000000000533
5759	0.7500000000000533
5760	0.7670000000000533
5761	0.7740000000000533
5762	0.7790000000000533
5763	0.7850000000000533
5764	0.7840000000000533
5765	0.7850000000000533
5766	0.7230000000000533
5767	0.5520000000000533
5768	0.5060000000000533
5769	0.4570000000000533
5770	0.4070000000000533
5771	0.3750000000000533
5772	0.3680000000000533
5773	0.3880000000000533
5774	0.41900000000005333
5775	0.48400000000005333
5776	0.5150000000000533
5777	0.5500000000000533
5778	0.5920000000000534
5779	0.6440000000000534
5780	0.6810000000000535
5781	0.7000000000000535
5782	0.7320000000000535
5783	0.7500000000000535
5784	0.7550000000000535
5785	0.7560000000000535
5786	0.7570000000000535
5787	0.7560000000000535
5788	0.7560000000000535
5789	0.6860000000000536
5790	0.4680000000000536
5791	0.3980000000000536
5792	0.3620000000000536
5793	0.32500000000005363
5794	0.28000000000005365
5795	0.2530000000000536
5796	0.24300000000005362
5797	0.2360000000000536
5798	0.24700000000005362
5799	0.32000000000005363
5800	0.4190000000000536
5801	0.4430000000000536
5802	0.4770000000000536
5803	0.5500000000000536
5804	0.6200000000000536
5805	0.6760000000000537
5806	0.7270000000000537
5807	0.7500000000000537
5808	0.7550000000000537
5809	0.7560000000000537
5810	0.7570000000000537
5811	0.7560000000000537
5812	0.7560000000000537
5813	0.6860000000000538
5814	0.4680000000000538
5815	0.3980000000000538
5816	0.36200000000005383
5817	0.32500000000005386
5818	0.2800000000000539
5819	0.25300000000005385
5820	0.24300000000005384
5821	0.23600000000005383
5822	0.24700000000005384
5823	0.32000000000005385
5824	0.41900000000005383
5825	0.4430000000000538
5826	0.4770000000000538
5827	0.5500000000000538
5828	0.6200000000000538
5829	0.6760000000000539
5830	0.7270000000000539
5831	0.750000000000054
5832	0.755000000000054
5833	0.756000000000054
5834	0.757000000000054
5835	0.756000000000054
5836	0.756000000000054
5837	0.686000000000054
5838	0.46800000000005404
5839	0.39800000000005403
5840	0.36200000000005406
5841	0.3250000000000541
5842	0.2800000000000541
5843	0.25300000000005407
5844	0.24300000000005406
5845	0.23600000000005406
5846	0.24700000000005407
5847	0.3200000000000541
5848	0.41900000000005405
5849	0.443000000000054
5850	0.47700000000005405
5851	0.550000000000054
5852	0.6200000000000541
5853	0.6760000000000541
5854	0.7270000000000542
5855	0.7500000000000542
5856	0.7550000000000542
5857	0.7560000000000542
5858	0.7570000000000542
5859	0.7560000000000542
5860	0.7560000000000542
5861	0.6860000000000542
5862	0.46800000000005426
5863	0.39800000000005425
5864	0.3620000000000543
5865	0.3250000000000543
5866	0.2800000000000543
5867	0.2530000000000543
5868	0.24300000000005428
5869	0.23600000000005428
5870	0.2470000000000543
5871	0.3200000000000543
5872	0.4190000000000543
5873	0.44300000000005424
5874	0.47700000000005427
5875	0.5500000000000542
5876	0.6200000000000543
5877	0.6760000000000543
5878	0.7270000000000544
5879	0.7500000000000544
5880	0.7550000000000544
5881	0.7560000000000544
5882	0.7570000000000544
5883	0.7560000000000544
5884	0.7560000000000544
5885	0.6860000000000545
5886	0.4680000000000545
5887	0.3980000000000545
5888	0.3620000000000545
5889	0.3250000000000545
5890	0.28000000000005454
5891	0.2530000000000545
5892	0.2430000000000545
5893	0.2360000000000545
5894	0.2470000000000545
5895	0.3200000000000545
5896	0.4190000000000545
5897	0.44300000000005446
5898	0.4770000000000545
5899	0.5500000000000544
5900	0.6200000000000545
5901	0.6760000000000546
5902	0.7270000000000546
5903	0.7500000000000546
5904	0.7670000000000546
5905	0.7740000000000546
5906	0.7790000000000546
5907	0.7850000000000547
5908	0.7840000000000547
5909	0.7850000000000547
5910	0.7230000000000546
5911	0.5520000000000547
5912	0.5060000000000546
5913	0.45700000000005464
5914	0.40700000000005465
5915	0.3750000000000546
5916	0.3680000000000546
5917	0.38800000000005463
5918	0.41900000000005466
5919	0.48400000000005466
5920	0.5150000000000546
5921	0.5500000000000547
5922	0.5920000000000547
5923	0.6440000000000548
5924	0.6810000000000548
5925	0.7000000000000548
5926	0.7320000000000548
5927	0.7500000000000548
5928	0.7670000000000549
5929	0.7740000000000549
5930	0.7790000000000549
5931	0.7850000000000549
5932	0.7840000000000549
5933	0.7850000000000549
5934	0.7230000000000548
5935	0.5520000000000549
5936	0.5060000000000549
5937	0.45700000000005486
5938	0.4070000000000549
5939	0.37500000000005485
5940	0.36800000000005484
5941	0.38800000000005486
5942	0.4190000000000549
5943	0.4840000000000549
5944	0.5150000000000549
5945	0.5500000000000549
5946	0.5920000000000549
5947	0.644000000000055
5948	0.681000000000055
5949	0.700000000000055
5950	0.732000000000055
5951	0.7500000000000551
5952	0.7550000000000551
5953	0.7560000000000551
5954	0.7570000000000551
5955	0.7560000000000551
5956	0.7560000000000551
5957	0.6860000000000551
5958	0.46800000000005515
5959	0.39800000000005514
5960	0.36200000000005517
5961	0.3250000000000552
5962	0.2800000000000552
5963	0.2530000000000552
5964	0.24300000000005517
5965	0.23600000000005517
5966	0.24700000000005518
5967	0.3200000000000552
5968	0.41900000000005516
5969	0.4430000000000551
5970	0.47700000000005516
5971	0.5500000000000551
5972	0.6200000000000552
5973	0.6760000000000552
5974	0.7270000000000553
5975	0.7500000000000553
5976	0.7550000000000553
5977	0.7560000000000553
5978	0.7570000000000553
5979	0.7560000000000553
5980	0.7560000000000553
5981	0.6860000000000553
5982	0.46800000000005537
5983	0.39800000000005537
5984	0.3620000000000554
5985	0.3250000000000554
5986	0.2800000000000554
5987	0.2530000000000554
5988	0.2430000000000554
5989	0.2360000000000554
5990	0.2470000000000554
5991	0.3200000000000554
5992	0.4190000000000554
5993	0.44300000000005535
5994	0.4770000000000554
5995	0.5500000000000553
5996	0.6200000000000554
5997	0.6760000000000554
5998	0.7270000000000555
5999	0.7500000000000555
6000	0.7550000000000555
6001	0.7560000000000555
6002	0.7570000000000555
6003	0.7560000000000555
6004	0.7560000000000555
6005	0.6860000000000556
6006	0.4680000000000556
6007	0.3980000000000556
6008	0.3620000000000556
6009	0.32500000000005563
6010	0.28000000000005565
6011	0.2530000000000556
6012	0.24300000000005562
6013	0.2360000000000556
6014	0.24700000000005562
6015	0.32000000000005563
6016	0.4190000000000556
6017	0.44300000000005557
6018	0.4770000000000556
6019	0.5500000000000556
6020	0.6200000000000556
6021	0.6760000000000557
6022	0.7270000000000557
6023	0.7500000000000557
6024	0.7550000000000557
6025	0.7560000000000557
6026	0.7570000000000557
6027	0.7560000000000557
6028	0.7560000000000557
6029	0.6860000000000558
6030	0.4680000000000558
6031	0.3980000000000558
6032	0.36200000000005583
6033	0.32500000000005586
6034	0.28000000000005587
6035	0.25300000000005585
6036	0.24300000000005584
6037	0.23600000000005583
6038	0.24700000000005584
6039	0.32000000000005585
6040	0.41900000000005583
6041	0.4430000000000558
6042	0.4770000000000558
6043	0.5500000000000558
6044	0.6200000000000558
6045	0.6760000000000559
6046	0.7270000000000559
6047	0.750000000000056
6048	0.755000000000056
6049	0.756000000000056
6050	0.757000000000056
6051	0.756000000000056
6052	0.756000000000056
6053	0.686000000000056
6054	0.46800000000005604
6055	0.39800000000005603
6056	0.36200000000005605
6057	0.3250000000000561
6058	0.2800000000000561
6059	0.25300000000005607
6060	0.24300000000005606
6061	0.23600000000005605
6062	0.24700000000005606
6063	0.3200000000000561
6064	0.41900000000005605
6065	0.443000000000056
6066	0.47700000000005605
6067	0.550000000000056
6068	0.6200000000000561
6069	0.6760000000000561
6070	0.7270000000000562
6071	0.7500000000000562
6072	0.7670000000000562
6073	0.7740000000000562
6074	0.7790000000000562
6075	0.7850000000000562
6076	0.7840000000000562
6077	0.7850000000000562
6078	0.7230000000000562
6079	0.5520000000000562
6080	0.5060000000000562
6081	0.4570000000000562
6082	0.4070000000000562
6083	0.3750000000000562
6084	0.36800000000005617
6085	0.3880000000000562
6086	0.4190000000000562
6087	0.4840000000000562
6088	0.5150000000000562
6089	0.5500000000000562
6090	0.5920000000000563
6091	0.6440000000000563
6092	0.6810000000000563
6093	0.7000000000000564
6094	0.7320000000000564
6095	0.7500000000000564
6096	0.7670000000000564
6097	0.7740000000000564
6098	0.7790000000000564
6099	0.7850000000000564
6100	0.7840000000000564
6101	0.7850000000000564
6102	0.7230000000000564
6103	0.5520000000000564
6104	0.5060000000000564
6105	0.4570000000000564
6106	0.4070000000000564
6107	0.3750000000000564
6108	0.3680000000000564
6109	0.3880000000000564
6110	0.41900000000005644
6111	0.48400000000005644
6112	0.5150000000000564
6113	0.5500000000000564
6114	0.5920000000000565
6115	0.6440000000000565
6116	0.6810000000000566
6117	0.7000000000000566
6118	0.7320000000000566
6119	0.7500000000000566
6120	0.7550000000000566
6121	0.7560000000000566
6122	0.7570000000000566
6123	0.7560000000000566
6124	0.7560000000000566
6125	0.6860000000000567
6126	0.4680000000000567
6127	0.3980000000000567
6128	0.3620000000000567
6129	0.32500000000005674
6130	0.28000000000005676
6131	0.25300000000005674
6132	0.24300000000005673
6133	0.23600000000005672
6134	0.24700000000005673
6135	0.32000000000005674
6136	0.4190000000000567
6137	0.4430000000000567
6138	0.4770000000000567
6139	0.5500000000000567
6140	0.6200000000000567
6141	0.6760000000000568
6142	0.7270000000000568
6143	0.7500000000000568
6144	0.7550000000000568
6145	0.7560000000000568
6146	0.7570000000000568
6147	0.7560000000000568
6148	0.7560000000000568
6149	0.6860000000000569
6150	0.4680000000000569
6151	0.3980000000000569
6152	0.36200000000005694
6153	0.32500000000005697
6154	0.280000000000057
6155	0.25300000000005696
6156	0.24300000000005695
6157	0.23600000000005694
6158	0.24700000000005695
6159	0.32000000000005696
6160	0.41900000000005694
6161	0.4430000000000569
6162	0.47700000000005693
6163	0.5500000000000569
6164	0.620000000000057
6165	0.676000000000057
6166	0.727000000000057
6167	0.7500000000000571
6168	0.7550000000000571
6169	0.7560000000000571
6170	0.7570000000000571
6171	0.7560000000000571
6172	0.7560000000000571
6173	0.6860000000000571
6174	0.46800000000005715
6175	0.39800000000005714
6176	0.36200000000005716
6177	0.3250000000000572
6178	0.2800000000000572
6179	0.2530000000000572
6180	0.24300000000005717
6181	0.23600000000005716
6182	0.24700000000005717
6183	0.3200000000000572
6184	0.41900000000005716
6185	0.4430000000000571
6186	0.47700000000005716
6187	0.5500000000000571
6188	0.6200000000000572
6189	0.6760000000000572
6190	0.7270000000000573
6191	0.7500000000000573
6192	0.7550000000000573
6193	0.7560000000000573
6194	0.7570000000000573
6195	0.7560000000000573
6196	0.7560000000000573
6197	0.6860000000000573
6198	0.46800000000005737
6199	0.39800000000005736
6200	0.3620000000000574
6201	0.3250000000000574
6202	0.2800000000000574
6203	0.2530000000000574
6204	0.2430000000000574
6205	0.23600000000005739
6206	0.2470000000000574
6207	0.3200000000000574
6208	0.4190000000000574
6209	0.44300000000005735
6210	0.4770000000000574
6211	0.5500000000000573
6212	0.6200000000000574
6213	0.6760000000000574
6214	0.7270000000000575
6215	0.7500000000000575
6216	0.7550000000000575
6217	0.7560000000000575
6218	0.7570000000000575
6219	0.7560000000000575
6220	0.7560000000000575
6221	0.6860000000000576
6222	0.4680000000000576
6223	0.3980000000000576
6224	0.3620000000000576
6225	0.32500000000005763
6226	0.28000000000005765
6227	0.2530000000000576
6228	0.24300000000005761
6229	0.2360000000000576
6230	0.24700000000005762
6231	0.3200000000000576
6232	0.4190000000000576
6233	0.44300000000005757
6234	0.4770000000000576
6235	0.5500000000000576
6236	0.6200000000000576
6237	0.6760000000000577
6238	0.7270000000000577
6239	0.7500000000000577
6240	0.7670000000000577
6241	0.7740000000000578
6242	0.7790000000000578
6243	0.7850000000000578
6244	0.7840000000000578
6245	0.7850000000000578
6246	0.7230000000000577
6247	0.5520000000000578
6248	0.5060000000000577
6249	0.45700000000005775
6250	0.40700000000005776
6251	0.37500000000005773
6252	0.3680000000000577
6253	0.38800000000005774
6254	0.41900000000005777
6255	0.4840000000000578
6256	0.5150000000000577
6257	0.5500000000000578
6258	0.5920000000000578
6259	0.6440000000000579
6260	0.6810000000000579
6261	0.7000000000000579
6262	0.7320000000000579
6263	0.750000000000058
6264	0.767000000000058
6265	0.774000000000058
6266	0.779000000000058
6267	0.785000000000058
6268	0.784000000000058
6269	0.785000000000058
6270	0.7230000000000579
6271	0.552000000000058
6272	0.506000000000058
6273	0.45700000000005797
6274	0.407000000000058
6275	0.37500000000005795
6276	0.36800000000005795
6277	0.38800000000005797
6278	0.419000000000058
6279	0.484000000000058
6280	0.515000000000058
6281	0.550000000000058
6282	0.592000000000058
6283	0.6440000000000581
6284	0.6810000000000581
6285	0.7000000000000581
6286	0.7320000000000582
6287	0.7500000000000582
6288	0.7550000000000582
6289	0.7560000000000582
6290	0.7570000000000582
6291	0.7560000000000582
6292	0.7560000000000582
6293	0.6860000000000582
6294	0.46800000000005826
6295	0.39800000000005825
6296	0.3620000000000583
6297	0.3250000000000583
6298	0.2800000000000583
6299	0.2530000000000583
6300	0.24300000000005828
6301	0.23600000000005827
6302	0.24700000000005828
6303	0.3200000000000583
6304	0.41900000000005827
6305	0.44300000000005824
6306	0.47700000000005827
6307	0.5500000000000582
6308	0.6200000000000583
6309	0.6760000000000583
6310	0.7270000000000584
6311	0.7500000000000584
6312	0.7550000000000584
6313	0.7560000000000584
6314	0.7570000000000584
6315	0.7560000000000584
6316	0.7560000000000584
6317	0.6860000000000585
6318	0.4680000000000585
6319	0.3980000000000585
6320	0.3620000000000585
6321	0.3250000000000585
6322	0.28000000000005854
6323	0.2530000000000585
6324	0.2430000000000585
6325	0.2360000000000585
6326	0.2470000000000585
6327	0.3200000000000585
6328	0.4190000000000585
6329	0.44300000000005846
6330	0.4770000000000585
6331	0.5500000000000584
6332	0.6200000000000585
6333	0.6760000000000586
6334	0.7270000000000586
6335	0.7500000000000586
6336	0.7550000000000586
6337	0.7560000000000586
6338	0.7570000000000586
6339	0.7560000000000586
6340	0.7560000000000586
6341	0.6860000000000587
6342	0.4680000000000587
6343	0.3980000000000587
6344	0.3620000000000587
6345	0.32500000000005874
6346	0.28000000000005876
6347	0.25300000000005873
6348	0.24300000000005872
6349	0.23600000000005872
6350	0.24700000000005873
6351	0.32000000000005874
6352	0.4190000000000587
6353	0.4430000000000587
6354	0.4770000000000587
6355	0.5500000000000587
6356	0.6200000000000587
6357	0.6760000000000588
6358	0.7270000000000588
6359	0.7500000000000588
6360	0.7550000000000588
6361	0.7560000000000588
6362	0.7570000000000588
6363	0.7560000000000588
6364	0.7560000000000588
6365	0.6860000000000589
6366	0.4680000000000589
6367	0.3980000000000589
6368	0.36200000000005894
6369	0.32500000000005896
6370	0.280000000000059
6371	0.25300000000005896
6372	0.24300000000005895
6373	0.23600000000005894
6374	0.24700000000005895
6375	0.32000000000005896
6376	0.41900000000005894
6377	0.4430000000000589
6378	0.47700000000005893
6379	0.5500000000000589
6380	0.620000000000059
6381	0.676000000000059
6382	0.727000000000059
6383	0.7500000000000591
6384	0.7550000000000591
6385	0.7560000000000591
6386	0.7570000000000591
6387	0.7560000000000591
6388	0.7560000000000591
6389	0.6860000000000591
6390	0.46800000000005915
6391	0.39800000000005914
6392	0.36200000000005916
6393	0.3250000000000592
6394	0.2800000000000592
6395	0.2530000000000592
6396	0.24300000000005917
6397	0.23600000000005916
6398	0.24700000000005917
6399	0.3200000000000592
6400	0.41900000000005916
6401	0.4430000000000591
6402	0.47700000000005915
6403	0.5500000000000591
6404	0.6200000000000592
6405	0.6760000000000592
6406	0.7270000000000593
6407	0.7500000000000593
6408	0.7670000000000593
6409	0.7740000000000593
6410	0.7790000000000593
6411	0.7850000000000593
6412	0.7840000000000593
6413	0.7850000000000593
6414	0.7230000000000593
6415	0.5520000000000593
6416	0.5060000000000593
6417	0.4570000000000593
6418	0.4070000000000593
6419	0.3750000000000593
6420	0.3680000000000593
6421	0.3880000000000593
6422	0.4190000000000593
6423	0.4840000000000593
6424	0.5150000000000593
6425	0.5500000000000593
6426	0.5920000000000594
6427	0.6440000000000594
6428	0.6810000000000594
6429	0.7000000000000595
6430	0.7320000000000595
6431	0.7500000000000595
6432	0.7670000000000595
6433	0.7740000000000595
6434	0.7790000000000595
6435	0.7850000000000595
6436	0.7840000000000595
6437	0.7850000000000595
6438	0.7230000000000595
6439	0.5520000000000596
6440	0.5060000000000595
6441	0.4570000000000595
6442	0.40700000000005954
6443	0.3750000000000595
6444	0.3680000000000595
6445	0.3880000000000595
6446	0.41900000000005955
6447	0.48400000000005955
6448	0.5150000000000595
6449	0.5500000000000596
6450	0.5920000000000596
6451	0.6440000000000596
6452	0.6810000000000597
6453	0.7000000000000597
6454	0.7320000000000597
6455	0.7500000000000597
6456	0.7550000000000597
6457	0.7560000000000597
6458	0.7570000000000597
6459	0.7560000000000597
6460	0.7560000000000597
6461	0.6860000000000598
6462	0.4680000000000598
6463	0.3980000000000598
6464	0.36200000000005983
6465	0.32500000000005985
6466	0.28000000000005987
6467	0.25300000000005984
6468	0.24300000000005983
6469	0.23600000000005983
6470	0.24700000000005984
6471	0.32000000000005985
6472	0.4190000000000598
6473	0.4430000000000598
6474	0.4770000000000598
6475	0.5500000000000598
6476	0.6200000000000598
6477	0.6760000000000599
6478	0.7270000000000599
6479	0.75000000000006
6480	0.75500000000006
6481	0.75600000000006
6482	0.75700000000006
6483	0.75600000000006
6484	0.75600000000006
6485	0.68600000000006
6486	0.46800000000006003
6487	0.39800000000006003
6488	0.36200000000006005
6489	0.3250000000000601
6490	0.2800000000000601
6491	0.25300000000006007
6492	0.24300000000006006
6493	0.23600000000006005
6494	0.24700000000006006
6495	0.32000000000006007
6496	0.41900000000006005
6497	0.44300000000006
6498	0.47700000000006004
6499	0.55000000000006
6500	0.6200000000000601
6501	0.6760000000000601
6502	0.7270000000000602
6503	0.7500000000000602
6504	0.7550000000000602
6505	0.7560000000000602
6506	0.7570000000000602
6507	0.7560000000000602
6508	0.7560000000000602
6509	0.6860000000000602
6510	0.46800000000006026
6511	0.39800000000006025
6512	0.3620000000000603
6513	0.3250000000000603
6514	0.2800000000000603
6515	0.2530000000000603
6516	0.24300000000006028
6517	0.23600000000006027
6518	0.24700000000006028
6519	0.3200000000000603
6520	0.41900000000006027
6521	0.44300000000006023
6522	0.47700000000006026
6523	0.5500000000000602
6524	0.6200000000000603
6525	0.6760000000000603
6526	0.7270000000000604
6527	0.7500000000000604
6528	0.7550000000000604
6529	0.7560000000000604
6530	0.7570000000000604
6531	0.7560000000000604
6532	0.7560000000000604
6533	0.6860000000000605
6534	0.4680000000000605
6535	0.39800000000006047
6536	0.3620000000000605
6537	0.3250000000000605
6538	0.28000000000006053
6539	0.2530000000000605
6540	0.2430000000000605
6541	0.2360000000000605
6542	0.2470000000000605
6543	0.3200000000000605
6544	0.4190000000000605
6545	0.44300000000006046
6546	0.4770000000000605
6547	0.5500000000000604
6548	0.6200000000000605
6549	0.6760000000000606
6550	0.7270000000000606
6551	0.7500000000000606
6552	0.7550000000000606
6553	0.7560000000000606
6554	0.7570000000000606
6555	0.7560000000000606
6556	0.7560000000000606
6557	0.6860000000000607
6558	0.4680000000000607
6559	0.3980000000000607
6560	0.3620000000000607
6561	0.32500000000006074
6562	0.28000000000006076
6563	0.25300000000006073
6564	0.24300000000006072
6565	0.23600000000006072
6566	0.24700000000006073
6567	0.32000000000006074
6568	0.4190000000000607
6569	0.4430000000000607
6570	0.4770000000000607
6571	0.5500000000000607
6572	0.6200000000000607
6573	0.6760000000000608
6574	0.7270000000000608
6575	0.7500000000000608
6576	0.7670000000000609
6577	0.7740000000000609
6578	0.7790000000000609
6579	0.7850000000000609
6580	0.7840000000000609
6581	0.7850000000000609
6582	0.7230000000000608
6583	0.5520000000000609
6584	0.5060000000000608
6585	0.45700000000006086
6586	0.40700000000006087
6587	0.37500000000006084
6588	0.36800000000006083
6589	0.38800000000006085
6590	0.4190000000000609
6591	0.4840000000000609
6592	0.5150000000000609
6593	0.5500000000000609
6594	0.5920000000000609
6595	0.644000000000061
6596	0.681000000000061
6597	0.700000000000061
6598	0.732000000000061
6599	0.7500000000000611
6600	0.7670000000000611
6601	0.7740000000000611
6602	0.7790000000000611
6603	0.7850000000000611
6604	0.7840000000000611
6605	0.7850000000000611
6606	0.723000000000061
6607	0.5520000000000611
6608	0.5060000000000611
6609	0.4570000000000611
6610	0.4070000000000611
6611	0.37500000000006106
6612	0.36800000000006106
6613	0.3880000000000611
6614	0.4190000000000611
6615	0.4840000000000611
6616	0.5150000000000611
6617	0.5500000000000611
6618	0.5920000000000611
6619	0.6440000000000612
6620	0.6810000000000612
6621	0.7000000000000612
6622	0.7320000000000613
6623	0.7500000000000613
6624	0.7550000000000613
6625	0.7560000000000613
6626	0.7570000000000613
6627	0.7560000000000613
6628	0.7560000000000613
6629	0.6860000000000613
6630	0.46800000000006137
6631	0.39800000000006136
6632	0.3620000000000614
6633	0.3250000000000614
6634	0.2800000000000614
6635	0.2530000000000614
6636	0.2430000000000614
6637	0.23600000000006138
6638	0.2470000000000614
6639	0.3200000000000614
6640	0.4190000000000614
6641	0.44300000000006134
6642	0.4770000000000614
6643	0.5500000000000613
6644	0.6200000000000614
6645	0.6760000000000614
6646	0.7270000000000615
6647	0.7500000000000615
6648	0.7550000000000615
6649	0.7560000000000615
6650	0.7570000000000615
6651	0.7560000000000615
6652	0.7560000000000615
6653	0.6860000000000616
6654	0.4680000000000616
6655	0.3980000000000616
6656	0.3620000000000616
6657	0.32500000000006163
6658	0.28000000000006164
6659	0.2530000000000616
6660	0.2430000000000616
6661	0.2360000000000616
6662	0.24700000000006161
6663	0.3200000000000616
6664	0.4190000000000616
6665	0.44300000000006157
6666	0.4770000000000616
6667	0.5500000000000616
6668	0.6200000000000616
6669	0.6760000000000617
6670	0.7270000000000617
6671	0.7500000000000617
6672	0.7550000000000617
6673	0.7560000000000617
6674	0.7570000000000617
6675	0.7560000000000617
6676	0.7560000000000617
6677	0.6860000000000618
6678	0.4680000000000618
6679	0.3980000000000618
6680	0.36200000000006183
6681	0.32500000000006185
6682	0.28000000000006187
6683	0.25300000000006184
6684	0.24300000000006183
6685	0.23600000000006183
6686	0.24700000000006184
6687	0.32000000000006185
6688	0.4190000000000618
6689	0.4430000000000618
6690	0.4770000000000618
6691	0.5500000000000618
6692	0.6200000000000618
6693	0.6760000000000619
6694	0.7270000000000619
6695	0.750000000000062
6696	0.755000000000062
6697	0.756000000000062
6698	0.757000000000062
6699	0.756000000000062
6700	0.756000000000062
6701	0.686000000000062
6702	0.46800000000006203
6703	0.398000000000062
6704	0.36200000000006205
6705	0.3250000000000621
6706	0.2800000000000621
6707	0.25300000000006206
6708	0.24300000000006206
6709	0.23600000000006205
6710	0.24700000000006206
6711	0.32000000000006207
6712	0.41900000000006205
6713	0.443000000000062
6714	0.47700000000006204
6715	0.550000000000062
6716	0.6200000000000621
6717	0.6760000000000621
6718	0.7270000000000622
6719	0.7500000000000622
6720	0.7550000000000622
6721	0.7560000000000622
6722	0.7570000000000622
6723	0.7560000000000622
6724	0.7560000000000622
6725	0.6860000000000622
6726	0.46800000000006226
6727	0.39800000000006225
6728	0.36200000000006227
6729	0.3250000000000623
6730	0.2800000000000623
6731	0.2530000000000623
6732	0.24300000000006228
6733	0.23600000000006227
6734	0.24700000000006228
6735	0.3200000000000623
6736	0.41900000000006227
6737	0.44300000000006223
6738	0.47700000000006226
6739	0.5500000000000622
6740	0.6200000000000623
6741	0.6760000000000623
6742	0.7270000000000624
6743	0.7500000000000624
6744	0.7670000000000624
6745	0.7740000000000624
6746	0.7790000000000624
6747	0.7850000000000624
6748	0.7840000000000624
6749	0.7850000000000624
6750	0.7230000000000624
6751	0.5520000000000624
6752	0.5060000000000624
6753	0.4570000000000624
6754	0.4070000000000624
6755	0.3750000000000624
6756	0.3680000000000624
6757	0.3880000000000624
6758	0.41900000000006243
6759	0.48400000000006244
6760	0.5150000000000624
6761	0.5500000000000624
6762	0.5920000000000625
6763	0.6440000000000625
6764	0.6810000000000626
6765	0.7000000000000626
6766	0.7320000000000626
6767	0.7500000000000626
6768	0.7670000000000626
6769	0.7740000000000626
6770	0.7790000000000626
6771	0.7850000000000626
6772	0.7840000000000626
6773	0.7850000000000626
6774	0.7230000000000626
6775	0.5520000000000627
6776	0.5060000000000626
6777	0.45700000000006263
6778	0.40700000000006265
6779	0.3750000000000626
6780	0.3680000000000626
6781	0.38800000000006263
6782	0.41900000000006266
6783	0.48400000000006266
6784	0.5150000000000626
6785	0.5500000000000627
6786	0.5920000000000627
6787	0.6440000000000627
6788	0.6810000000000628
6789	0.7000000000000628
6790	0.7320000000000628
6791	0.7500000000000628
6792	0.7550000000000628
6793	0.7560000000000628
6794	0.7570000000000628
6795	0.7560000000000628
6796	0.7560000000000628
6797	0.6860000000000629
6798	0.4680000000000629
6799	0.3980000000000629
6800	0.36200000000006294
6801	0.32500000000006296
6802	0.280000000000063
6803	0.25300000000006295
6804	0.24300000000006294
6805	0.23600000000006294
6806	0.24700000000006295
6807	0.32000000000006296
6808	0.41900000000006293
6809	0.4430000000000629
6810	0.47700000000006293
6811	0.5500000000000629
6812	0.620000000000063
6813	0.676000000000063
6814	0.727000000000063
6815	0.7500000000000631
6816	0.7550000000000631
6817	0.7560000000000631
6818	0.7570000000000631
6819	0.7560000000000631
6820	0.7560000000000631
6821	0.6860000000000631
6822	0.46800000000006314
6823	0.39800000000006314
6824	0.36200000000006316
6825	0.3250000000000632
6826	0.2800000000000632
6827	0.2530000000000632
6828	0.24300000000006317
6829	0.23600000000006316
6830	0.24700000000006317
6831	0.3200000000000632
6832	0.41900000000006316
6833	0.4430000000000631
6834	0.47700000000006315
6835	0.5500000000000631
6836	0.6200000000000632
6837	0.6760000000000632
6838	0.7270000000000633
6839	0.7500000000000633
6840	0.7550000000000633
6841	0.7560000000000633
6842	0.7570000000000633
6843	0.7560000000000633
6844	0.7560000000000633
6845	0.6860000000000633
6846	0.46800000000006337
6847	0.39800000000006336
6848	0.3620000000000634
6849	0.3250000000000634
6850	0.2800000000000634
6851	0.2530000000000634
6852	0.2430000000000634
6853	0.23600000000006338
6854	0.2470000000000634
6855	0.3200000000000634
6856	0.4190000000000634
6857	0.44300000000006334
6858	0.4770000000000634
6859	0.5500000000000633
6860	0.6200000000000634
6861	0.6760000000000634
6862	0.7270000000000635
6863	0.7500000000000635
6864	0.7550000000000635
6865	0.7560000000000635
6866	0.7570000000000635
6867	0.7560000000000635
6868	0.7560000000000635
6869	0.6860000000000636
6870	0.4680000000000636
6871	0.3980000000000636
6872	0.3620000000000636
6873	0.3250000000000636
6874	0.28000000000006364
6875	0.2530000000000636
6876	0.2430000000000636
6877	0.2360000000000636
6878	0.2470000000000636
6879	0.3200000000000636
6880	0.4190000000000636
6881	0.44300000000006357
6882	0.4770000000000636
6883	0.5500000000000635
6884	0.6200000000000636
6885	0.6760000000000637
6886	0.7270000000000637
6887	0.7500000000000637
6888	0.7550000000000637
6889	0.7560000000000637
6890	0.7570000000000637
6891	0.7560000000000637
6892	0.7560000000000637
6893	0.6860000000000638
6894	0.4680000000000638
6895	0.3980000000000638
6896	0.3620000000000638
6897	0.32500000000006385
6898	0.28000000000006386
6899	0.25300000000006384
6900	0.24300000000006383
6901	0.23600000000006383
6902	0.24700000000006384
6903	0.32000000000006384
6904	0.4190000000000638
6905	0.4430000000000638
6906	0.4770000000000638
6907	0.5500000000000638
6908	0.6200000000000638
6909	0.6760000000000639
6910	0.7270000000000639
6911	0.750000000000064
6912	0.767000000000064
6913	0.774000000000064
6914	0.779000000000064
6915	0.785000000000064
6916	0.784000000000064
6917	0.785000000000064
6918	0.7230000000000639
6919	0.552000000000064
6920	0.506000000000064
6921	0.45700000000006397
6922	0.407000000000064
6923	0.37500000000006395
6924	0.36800000000006394
6925	0.38800000000006396
6926	0.419000000000064
6927	0.484000000000064
6928	0.515000000000064
6929	0.550000000000064
6930	0.592000000000064
6931	0.6440000000000641
6932	0.6810000000000641
6933	0.7000000000000641
6934	0.7320000000000642
6935	0.7500000000000642
6936	0.7670000000000642
6937	0.7740000000000642
6938	0.7790000000000642
6939	0.7850000000000642
6940	0.7840000000000642
6941	0.7850000000000642
6942	0.7230000000000641
6943	0.5520000000000642
6944	0.5060000000000642
6945	0.4570000000000642
6946	0.4070000000000642
6947	0.37500000000006417
6948	0.36800000000006416
6949	0.3880000000000642
6950	0.4190000000000642
6951	0.4840000000000642
6952	0.5150000000000642
6953	0.5500000000000642
6954	0.5920000000000643
6955	0.6440000000000643
6956	0.6810000000000643
6957	0.7000000000000643
6958	0.7320000000000644
6959	0.7500000000000644
6960	0.7550000000000644
6961	0.7560000000000644
6962	0.7570000000000644
6963	0.7560000000000644
6964	0.7560000000000644
6965	0.6860000000000644
6966	0.4680000000000645
6967	0.39800000000006447
6968	0.3620000000000645
6969	0.3250000000000645
6970	0.28000000000006453
6971	0.2530000000000645
6972	0.2430000000000645
6973	0.2360000000000645
6974	0.2470000000000645
6975	0.3200000000000645
6976	0.4190000000000645
6977	0.44300000000006445
6978	0.4770000000000645
6979	0.5500000000000644
6980	0.6200000000000645
6981	0.6760000000000645
6982	0.7270000000000646
6983	0.7500000000000646
6984	0.7550000000000646
6985	0.7560000000000646
6986	0.7570000000000646
6987	0.7560000000000646
6988	0.7560000000000646
6989	0.6860000000000647
6990	0.4680000000000647
6991	0.3980000000000647
6992	0.3620000000000647
6993	0.32500000000006474
6994	0.28000000000006475
6995	0.25300000000006473
6996	0.24300000000006472
6997	0.2360000000000647
6998	0.24700000000006472
6999	0.32000000000006473
7000	0.4190000000000647
7001	0.4430000000000647
7002	0.4770000000000647
7003	0.5500000000000647
7004	0.6200000000000647
7005	0.6760000000000648
7006	0.7270000000000648
7007	0.7500000000000648
7008	0.7550000000000648
7009	0.7560000000000648
7010	0.7570000000000648
7011	0.7560000000000648
7012	0.7560000000000648
7013	0.6860000000000649
7014	0.4680000000000649
7015	0.3980000000000649
7016	0.36200000000006494
7017	0.32500000000006496
7018	0.280000000000065
7019	0.25300000000006495
7020	0.24300000000006494
7021	0.23600000000006494
7022	0.24700000000006495
7023	0.32000000000006495
7024	0.41900000000006493
7025	0.4430000000000649
7026	0.4770000000000649
7027	0.5500000000000649
7028	0.6200000000000649
7029	0.676000000000065
7030	0.727000000000065
7031	0.7500000000000651
7032	0.7550000000000651
7033	0.7560000000000651
7034	0.7570000000000651
7035	0.7560000000000651
7036	0.7560000000000651
7037	0.6860000000000651
7038	0.46800000000006514
7039	0.39800000000006514
7040	0.36200000000006516
7041	0.3250000000000652
7042	0.2800000000000652
7043	0.2530000000000652
7044	0.24300000000006516
7045	0.23600000000006516
7046	0.24700000000006517
7047	0.3200000000000652
7048	0.41900000000006515
7049	0.4430000000000651
7050	0.47700000000006515
7051	0.5500000000000651
7052	0.6200000000000652
7053	0.6760000000000652
7054	0.7270000000000653
7055	0.7500000000000653
7056	0.7550000000000653
7057	0.7560000000000653
7058	0.7570000000000653
7059	0.7560000000000653
7060	0.7560000000000653
7061	0.6860000000000653
7062	0.46800000000006536
7063	0.39800000000006536
7064	0.3620000000000654
7065	0.3250000000000654
7066	0.2800000000000654
7067	0.2530000000000654
7068	0.24300000000006539
7069	0.23600000000006538
7070	0.2470000000000654
7071	0.3200000000000654
7072	0.4190000000000654
7073	0.44300000000006534
7074	0.47700000000006537
7075	0.5500000000000653
7076	0.6200000000000654
7077	0.6760000000000654
7078	0.7270000000000655
7079	0.7500000000000655
7080	0.7670000000000655
7081	0.7740000000000655
7082	0.7790000000000655
7083	0.7850000000000655
7084	0.7840000000000655
7085	0.7850000000000655
7086	0.7230000000000655
7087	0.5520000000000655
7088	0.5060000000000655
7089	0.4570000000000655
7090	0.40700000000006553
7091	0.3750000000000655
7092	0.3680000000000655
7093	0.3880000000000655
7094	0.41900000000006554
7095	0.48400000000006554
7096	0.5150000000000655
7097	0.5500000000000655
7098	0.5920000000000656
7099	0.6440000000000656
7100	0.6810000000000657
7101	0.7000000000000657
7102	0.7320000000000657
7103	0.7500000000000657
7104	0.7670000000000657
7105	0.7740000000000657
7106	0.7790000000000658
7107	0.7850000000000658
7108	0.7840000000000658
7109	0.7850000000000658
7110	0.7230000000000657
7111	0.5520000000000658
7112	0.5060000000000657
7113	0.45700000000006574
7114	0.40700000000006575
7115	0.3750000000000657
7116	0.3680000000000657
7117	0.38800000000006574
7118	0.41900000000006576
7119	0.48400000000006577
7120	0.5150000000000657
7121	0.5500000000000658
7122	0.5920000000000658
7123	0.6440000000000659
7124	0.6810000000000659
7125	0.7000000000000659
7126	0.7320000000000659
7127	0.750000000000066
7128	0.755000000000066
7129	0.756000000000066
7130	0.757000000000066
7131	0.756000000000066
7132	0.756000000000066
7133	0.686000000000066
7134	0.46800000000006603
7135	0.398000000000066
7136	0.36200000000006605
7137	0.32500000000006607
7138	0.2800000000000661
7139	0.25300000000006606
7140	0.24300000000006605
7141	0.23600000000006605
7142	0.24700000000006606
7143	0.32000000000006606
7144	0.41900000000006604
7145	0.443000000000066
7146	0.47700000000006604
7147	0.550000000000066
7148	0.620000000000066
7149	0.6760000000000661
7150	0.7270000000000661
7151	0.7500000000000662
7152	0.7550000000000662
7153	0.7560000000000662
7154	0.7570000000000662
7155	0.7560000000000662
7156	0.7560000000000662
7157	0.6860000000000662
7158	0.46800000000006625
7159	0.39800000000006625
7160	0.36200000000006627
7161	0.3250000000000663
7162	0.2800000000000663
7163	0.2530000000000663
7164	0.24300000000006627
7165	0.23600000000006627
7166	0.24700000000006628
7167	0.3200000000000663
7168	0.41900000000006626
7169	0.44300000000006623
7170	0.47700000000006626
7171	0.5500000000000662
7172	0.6200000000000663
7173	0.6760000000000663
7174	0.7270000000000664
7175	0.7500000000000664
7176	0.7550000000000664
7177	0.7560000000000664
7178	0.7570000000000664
7179	0.7560000000000664
7180	0.7560000000000664
7181	0.6860000000000664
7182	0.4680000000000665
7183	0.39800000000006647
7184	0.3620000000000665
7185	0.3250000000000665
7186	0.28000000000006653
7187	0.2530000000000665
7188	0.2430000000000665
7189	0.2360000000000665
7190	0.2470000000000665
7191	0.3200000000000665
7192	0.4190000000000665
7193	0.44300000000006645
7194	0.4770000000000665
7195	0.5500000000000664
7196	0.6200000000000665
7197	0.6760000000000665
7198	0.7270000000000666
7199	0.7500000000000666
7200	0.7550000000000666
7201	0.7560000000000666
7202	0.7570000000000666
7203	0.7560000000000666
7204	0.7560000000000666
7205	0.6860000000000667
7206	0.4680000000000667
7207	0.3980000000000667
7208	0.3620000000000667
7209	0.32500000000006674
7210	0.28000000000006675
7211	0.2530000000000667
7212	0.24300000000006672
7213	0.2360000000000667
7214	0.24700000000006672
7215	0.32000000000006673
7216	0.4190000000000667
7217	0.4430000000000667
7218	0.4770000000000667
7219	0.5500000000000667
7220	0.6200000000000667
7221	0.6760000000000668
7222	0.7270000000000668
7223	0.7500000000000668
7224	0.7550000000000668
7225	0.7560000000000668
7226	0.7570000000000668
7227	0.7560000000000668
7228	0.7560000000000668
7229	0.6860000000000669
7230	0.4680000000000669
7231	0.3980000000000669
7232	0.36200000000006693
7233	0.32500000000006696
7234	0.280000000000067
7235	0.25300000000006695
7236	0.24300000000006694
7237	0.23600000000006693
7238	0.24700000000006694
7239	0.32000000000006695
7240	0.41900000000006693
7241	0.4430000000000669
7242	0.4770000000000669
7243	0.5500000000000669
7244	0.6200000000000669
7245	0.676000000000067
7246	0.727000000000067
7247	0.7500000000000671
7248	0.7670000000000671
7249	0.7740000000000671
7250	0.7790000000000671
7251	0.7850000000000671
7252	0.7840000000000671
7253	0.7850000000000671
7254	0.723000000000067
7255	0.5520000000000671
7256	0.5060000000000671
7257	0.4570000000000671
7258	0.4070000000000671
7259	0.37500000000006706
7260	0.36800000000006705
7261	0.38800000000006707
7262	0.4190000000000671
7263	0.4840000000000671
7264	0.5150000000000671
7265	0.5500000000000671
7266	0.5920000000000671
7267	0.6440000000000672
7268	0.6810000000000672
7269	0.7000000000000672
7270	0.7320000000000673
7271	0.7500000000000673
7272	0.7670000000000673
7273	0.7740000000000673
7274	0.7790000000000673
7275	0.7850000000000673
7276	0.7840000000000673
7277	0.7850000000000673
7278	0.7230000000000673
7279	0.5520000000000673
7280	0.5060000000000673
7281	0.4570000000000673
7282	0.4070000000000673
7283	0.3750000000000673
7284	0.3680000000000673
7285	0.3880000000000673
7286	0.4190000000000673
7287	0.4840000000000673
7288	0.5150000000000673
7289	0.5500000000000673
7290	0.5920000000000674
7291	0.6440000000000674
7292	0.6810000000000674
7293	0.7000000000000675
7294	0.7320000000000675
7295	0.7500000000000675
7296	0.7550000000000675
7297	0.7560000000000675
7298	0.7570000000000675
7299	0.7560000000000675
7300	0.7560000000000675
7301	0.6860000000000676
7302	0.4680000000000676
7303	0.3980000000000676
7304	0.3620000000000676
7305	0.3250000000000676
7306	0.28000000000006764
7307	0.2530000000000676
7308	0.2430000000000676
7309	0.2360000000000676
7310	0.2470000000000676
7311	0.3200000000000676
7312	0.4190000000000676
7313	0.44300000000006756
7314	0.4770000000000676
7315	0.5500000000000675
7316	0.6200000000000676
7317	0.6760000000000677
7318	0.7270000000000677
7319	0.7500000000000677
7320	0.7550000000000677
7321	0.7560000000000677
7322	0.7570000000000677
7323	0.7560000000000677
7324	0.7560000000000677
7325	0.6860000000000678
7326	0.4680000000000678
7327	0.3980000000000678
7328	0.3620000000000678
7329	0.32500000000006785
7330	0.28000000000006786
7331	0.25300000000006784
7332	0.24300000000006783
7333	0.23600000000006782
7334	0.24700000000006783
7335	0.32000000000006784
7336	0.4190000000000678
7337	0.4430000000000678
7338	0.4770000000000678
7339	0.5500000000000678
7340	0.6200000000000678
7341	0.6760000000000679
7342	0.7270000000000679
7343	0.750000000000068
7344	0.755000000000068
7345	0.756000000000068
7346	0.757000000000068
7347	0.756000000000068
7348	0.756000000000068
7349	0.686000000000068
7350	0.46800000000006803
7351	0.398000000000068
7352	0.36200000000006805
7353	0.32500000000006807
7354	0.2800000000000681
7355	0.25300000000006806
7356	0.24300000000006805
7357	0.23600000000006804
7358	0.24700000000006805
7359	0.32000000000006806
7360	0.41900000000006804
7361	0.443000000000068
7362	0.47700000000006804
7363	0.550000000000068
7364	0.620000000000068
7365	0.6760000000000681
7366	0.7270000000000681
7367	0.7500000000000682
7368	0.7550000000000682
7369	0.7560000000000682
7370	0.7570000000000682
7371	0.7560000000000682
7372	0.7560000000000682
7373	0.6860000000000682
7374	0.46800000000006825
7375	0.39800000000006824
7376	0.36200000000006827
7377	0.3250000000000683
7378	0.2800000000000683
7379	0.2530000000000683
7380	0.24300000000006827
7381	0.23600000000006827
7382	0.24700000000006828
7383	0.3200000000000683
7384	0.41900000000006826
7385	0.44300000000006823
7386	0.47700000000006826
7387	0.5500000000000682
7388	0.6200000000000683
7389	0.6760000000000683
7390	0.7270000000000684
7391	0.7500000000000684
7392	0.7550000000000684
7393	0.7560000000000684
7394	0.7570000000000684
7395	0.7560000000000684
7396	0.7560000000000684
7397	0.6860000000000684
7398	0.4680000000000685
7399	0.39800000000006847
7400	0.3620000000000685
7401	0.3250000000000685
7402	0.2800000000000685
7403	0.2530000000000685
7404	0.2430000000000685
7405	0.2360000000000685
7406	0.2470000000000685
7407	0.3200000000000685
7408	0.4190000000000685
7409	0.44300000000006845
7410	0.4770000000000685
7411	0.5500000000000684
7412	0.6200000000000685
7413	0.6760000000000685
7414	0.7270000000000686
7415	0.7500000000000686
7416	0.7670000000000686
7417	0.7740000000000686
7418	0.7790000000000686
7419	0.7850000000000686
7420	0.7840000000000686
7421	0.7850000000000686
7422	0.7230000000000686
7423	0.5520000000000687
7424	0.5060000000000686
7425	0.45700000000006863
7426	0.40700000000006864
7427	0.3750000000000686
7428	0.3680000000000686
7429	0.3880000000000686
7430	0.41900000000006865
7431	0.48400000000006865
7432	0.5150000000000686
7433	0.5500000000000687
7434	0.5920000000000687
7435	0.6440000000000687
7436	0.6810000000000688
7437	0.7000000000000688
7438	0.7320000000000688
7439	0.7500000000000688
7440	0.7670000000000688
7441	0.7740000000000689
7442	0.7790000000000689
7443	0.7850000000000689
7444	0.7840000000000689
7445	0.7850000000000689
7446	0.7230000000000688
7447	0.5520000000000689
7448	0.5060000000000688
7449	0.45700000000006885
7450	0.40700000000006886
7451	0.37500000000006883
7452	0.3680000000000688
7453	0.38800000000006885
7454	0.4190000000000689
7455	0.4840000000000689
7456	0.5150000000000688
7457	0.5500000000000689
7458	0.5920000000000689
7459	0.644000000000069
7460	0.681000000000069
7461	0.700000000000069
7462	0.732000000000069
7463	0.7500000000000691
7464	0.7550000000000691
7465	0.7560000000000691
7466	0.7570000000000691
7467	0.7560000000000691
7468	0.7560000000000691
7469	0.6860000000000691
7470	0.46800000000006914
7471	0.39800000000006913
7472	0.36200000000006916
7473	0.3250000000000692
7474	0.2800000000000692
7475	0.25300000000006917
7476	0.24300000000006916
7477	0.23600000000006915
7478	0.24700000000006916
7479	0.3200000000000692
7480	0.41900000000006915
7481	0.4430000000000691
7482	0.47700000000006915
7483	0.5500000000000691
7484	0.6200000000000692
7485	0.6760000000000692
7486	0.7270000000000693
7487	0.7500000000000693
7488	0.7550000000000693
7489	0.7560000000000693
7490	0.7570000000000693
7491	0.7560000000000693
7492	0.7560000000000693
7493	0.6860000000000693
7494	0.46800000000006936
7495	0.39800000000006935
7496	0.3620000000000694
7497	0.3250000000000694
7498	0.2800000000000694
7499	0.2530000000000694
7500	0.24300000000006938
7501	0.23600000000006938
7502	0.2470000000000694
7503	0.3200000000000694
7504	0.4190000000000694
7505	0.44300000000006934
7506	0.47700000000006937
7507	0.5500000000000693
7508	0.6200000000000694
7509	0.6760000000000694
7510	0.7270000000000695
7511	0.7500000000000695
7512	0.7550000000000695
7513	0.7560000000000695
7514	0.7570000000000695
7515	0.7560000000000695
7516	0.7560000000000695
7517	0.6860000000000696
7518	0.4680000000000696
7519	0.3980000000000696
7520	0.3620000000000696
7521	0.3250000000000696
7522	0.28000000000006964
7523	0.2530000000000696
7524	0.2430000000000696
7525	0.2360000000000696
7526	0.2470000000000696
7527	0.3200000000000696
7528	0.4190000000000696
7529	0.44300000000006956
7530	0.4770000000000696
7531	0.5500000000000695
7532	0.6200000000000696
7533	0.6760000000000697
7534	0.7270000000000697
7535	0.7500000000000697
7536	0.7550000000000697
7537	0.7560000000000697
7538	0.7570000000000697
7539	0.7560000000000697
7540	0.7560000000000697
7541	0.6860000000000698
7542	0.4680000000000698
7543	0.3980000000000698
7544	0.3620000000000698
7545	0.32500000000006984
7546	0.28000000000006986
7547	0.25300000000006984
7548	0.24300000000006983
7549	0.23600000000006982
7550	0.24700000000006983
7551	0.32000000000006984
7552	0.4190000000000698
7553	0.4430000000000698
7554	0.4770000000000698
7555	0.5500000000000698
7556	0.6200000000000698
7557	0.6760000000000699
7558	0.7270000000000699
7559	0.7500000000000699
7560	0.75500000000007
7561	0.75600000000007
7562	0.75700000000007
7563	0.75600000000007
7564	0.75600000000007
7565	0.68600000000007
7566	0.46800000000007
7567	0.39800000000007
7568	0.36200000000007004
7569	0.32500000000007007
7570	0.2800000000000701
7571	0.25300000000007006
7572	0.24300000000007005
7573	0.23600000000007004
7574	0.24700000000007005
7575	0.32000000000007006
7576	0.41900000000007004
7577	0.44300000000007
7578	0.47700000000007003
7579	0.55000000000007
7580	0.62000000000007
7581	0.6760000000000701
7582	0.7270000000000701
7583	0.7500000000000702
7584	0.7670000000000702
7585	0.7740000000000702
7586	0.7790000000000702
7587	0.7850000000000702
7588	0.7840000000000702
7589	0.7850000000000702
7590	0.7230000000000701
7591	0.5520000000000702
7592	0.5060000000000702
7593	0.4570000000000702
7594	0.4070000000000702
7595	0.37500000000007017
7596	0.36800000000007016
7597	0.3880000000000702
7598	0.4190000000000702
7599	0.4840000000000702
7600	0.5150000000000702
7601	0.5500000000000702
7602	0.5920000000000702
7603	0.6440000000000703
7604	0.6810000000000703
7605	0.7000000000000703
7606	0.7320000000000704
7607	0.7500000000000704
7608	0.7670000000000704
7609	0.7740000000000704
7610	0.7790000000000704
7611	0.7850000000000704
7612	0.7840000000000704
7613	0.7850000000000704
7614	0.7230000000000704
7615	0.5520000000000704
7616	0.5060000000000704
7617	0.4570000000000704
7618	0.4070000000000704
7619	0.3750000000000704
7620	0.3680000000000704
7621	0.3880000000000704
7622	0.4190000000000704
7623	0.48400000000007043
7624	0.5150000000000704
7625	0.5500000000000704
7626	0.5920000000000705
7627	0.6440000000000705
7628	0.6810000000000705
7629	0.7000000000000706
7630	0.7320000000000706
7631	0.7500000000000706
7632	0.7550000000000706
7633	0.7560000000000706
7634	0.7570000000000706
7635	0.7560000000000706
7636	0.7560000000000706
7637	0.6860000000000707
7638	0.4680000000000707
7639	0.3980000000000707
7640	0.3620000000000707
7641	0.32500000000007073
7642	0.28000000000007075
7643	0.2530000000000707
7644	0.24300000000007071
7645	0.2360000000000707
7646	0.24700000000007072
7647	0.32000000000007073
7648	0.4190000000000707
7649	0.44300000000007067
7650	0.4770000000000707
7651	0.5500000000000707
7652	0.6200000000000707
7653	0.6760000000000708
7654	0.7270000000000708
7655	0.7500000000000708
7656	0.7550000000000708
7657	0.7560000000000708
7658	0.7570000000000708
7659	0.7560000000000708
7660	0.7560000000000708
7661	0.6860000000000709
7662	0.4680000000000709
7663	0.3980000000000709
7664	0.36200000000007093
7665	0.32500000000007095
7666	0.28000000000007097
7667	0.25300000000007095
7668	0.24300000000007094
7669	0.23600000000007093
7670	0.24700000000007094
7671	0.32000000000007095
7672	0.4190000000000709
7673	0.4430000000000709
7674	0.4770000000000709
7675	0.5500000000000709
7676	0.6200000000000709
7677	0.676000000000071
7678	0.727000000000071
7679	0.750000000000071
7680	0.7550000000000711
7681	0.7560000000000711
7682	0.7570000000000711
7683	0.7560000000000711
7684	0.7560000000000711
7685	0.6860000000000711
7686	0.46800000000007114
7687	0.39800000000007113
7688	0.36200000000007115
7689	0.3250000000000712
7690	0.2800000000000712
7691	0.25300000000007117
7692	0.24300000000007116
7693	0.23600000000007115
7694	0.24700000000007116
7695	0.32000000000007117
7696	0.41900000000007115
7697	0.4430000000000711
7698	0.47700000000007114
7699	0.5500000000000711
7700	0.6200000000000712
7701	0.6760000000000712
7702	0.7270000000000713
7703	0.7500000000000713
7704	0.7550000000000713
7705	0.7560000000000713
7706	0.7570000000000713
7707	0.7560000000000713
7708	0.7560000000000713
7709	0.6860000000000713
7710	0.46800000000007136
7711	0.39800000000007135
7712	0.3620000000000714
7713	0.3250000000000714
7714	0.2800000000000714
7715	0.2530000000000714
7716	0.24300000000007138
7717	0.23600000000007137
7718	0.24700000000007138
7719	0.3200000000000714
7720	0.41900000000007137
7721	0.44300000000007134
7722	0.47700000000007137
7723	0.5500000000000713
7724	0.6200000000000714
7725	0.6760000000000714
7726	0.7270000000000715
7727	0.7500000000000715
7728	0.7550000000000715
7729	0.7560000000000715
7730	0.7570000000000715
7731	0.7560000000000715
7732	0.7560000000000715
7733	0.6860000000000716
7734	0.4680000000000716
7735	0.3980000000000716
7736	0.3620000000000716
7737	0.3250000000000716
7738	0.28000000000007164
7739	0.2530000000000716
7740	0.2430000000000716
7741	0.2360000000000716
7742	0.2470000000000716
7743	0.3200000000000716
7744	0.4190000000000716
7745	0.44300000000007156
7746	0.4770000000000716
7747	0.5500000000000715
7748	0.6200000000000716
7749	0.6760000000000717
7750	0.7270000000000717
7751	0.7500000000000717
7752	0.7670000000000717
7753	0.7740000000000717
7754	0.7790000000000717
7755	0.7850000000000718
7756	0.7840000000000718
7757	0.7850000000000718
7758	0.7230000000000717
7759	0.5520000000000718
7760	0.5060000000000717
7761	0.45700000000007174
7762	0.40700000000007175
7763	0.3750000000000717
7764	0.3680000000000717
7765	0.38800000000007173
7766	0.41900000000007176
7767	0.48400000000007176
7768	0.5150000000000717
7769	0.5500000000000718
7770	0.5920000000000718
7771	0.6440000000000718
7772	0.6810000000000719
7773	0.7000000000000719
7774	0.7320000000000719
7775	0.7500000000000719
7776	0.767000000000072
7777	0.774000000000072
7778	0.779000000000072
7779	0.785000000000072
7780	0.784000000000072
7781	0.785000000000072
7782	0.7230000000000719
7783	0.552000000000072
7784	0.506000000000072
7785	0.45700000000007196
7786	0.40700000000007197
7787	0.37500000000007194
7788	0.36800000000007194
7789	0.38800000000007195
7790	0.419000000000072
7791	0.484000000000072
7792	0.515000000000072
7793	0.550000000000072
7794	0.592000000000072
7795	0.6440000000000721
7796	0.6810000000000721
7797	0.7000000000000721
7798	0.7320000000000721
7799	0.7500000000000722
7800	0.7550000000000722
7801	0.7560000000000722
7802	0.7570000000000722
7803	0.7560000000000722
7804	0.7560000000000722
7805	0.6860000000000722
7806	0.46800000000007225
7807	0.39800000000007224
7808	0.36200000000007226
7809	0.3250000000000723
7810	0.2800000000000723
7811	0.2530000000000723
7812	0.24300000000007227
7813	0.23600000000007226
7814	0.24700000000007227
7815	0.3200000000000723
7816	0.41900000000007226
7817	0.4430000000000722
7818	0.47700000000007226
7819	0.5500000000000722
7820	0.6200000000000723
7821	0.6760000000000723
7822	0.7270000000000724
7823	0.7500000000000724
7824	0.7550000000000724
7825	0.7560000000000724
7826	0.7570000000000724
7827	0.7560000000000724
7828	0.7560000000000724
7829	0.6860000000000724
7830	0.46800000000007247
7831	0.39800000000007246
7832	0.3620000000000725
7833	0.3250000000000725
7834	0.2800000000000725
7835	0.2530000000000725
7836	0.2430000000000725
7837	0.23600000000007249
7838	0.2470000000000725
7839	0.3200000000000725
7840	0.4190000000000725
7841	0.44300000000007245
7842	0.4770000000000725
7843	0.5500000000000724
7844	0.6200000000000725
7845	0.6760000000000725
7846	0.7270000000000726
7847	0.7500000000000726
7848	0.7550000000000726
7849	0.7560000000000726
7850	0.7570000000000726
7851	0.7560000000000726
7852	0.7560000000000726
7853	0.6860000000000727
7854	0.4680000000000727
7855	0.3980000000000727
7856	0.3620000000000727
7857	0.32500000000007273
7858	0.28000000000007275
7859	0.2530000000000727
7860	0.2430000000000727
7861	0.2360000000000727
7862	0.24700000000007272
7863	0.3200000000000727
7864	0.4190000000000727
7865	0.44300000000007267
7866	0.4770000000000727
7867	0.5500000000000727
7868	0.6200000000000727
7869	0.6760000000000728
7870	0.7270000000000728
7871	0.7500000000000728
7872	0.7550000000000728
7873	0.7560000000000728
7874	0.7570000000000728
7875	0.7560000000000728
7876	0.7560000000000728
7877	0.6860000000000729
7878	0.4680000000000729
7879	0.3980000000000729
7880	0.36200000000007293
7881	0.32500000000007295
7882	0.28000000000007297
7883	0.25300000000007294
7884	0.24300000000007294
7885	0.23600000000007293
7886	0.24700000000007294
7887	0.32000000000007295
7888	0.4190000000000729
7889	0.4430000000000729
7890	0.4770000000000729
7891	0.5500000000000729
7892	0.6200000000000729
7893	0.676000000000073
7894	0.727000000000073
7895	0.750000000000073
7896	0.7550000000000731
7897	0.7560000000000731
7898	0.7570000000000731
7899	0.7560000000000731
7900	0.7560000000000731
7901	0.6860000000000731
7902	0.46800000000007314
7903	0.39800000000007313
7904	0.36200000000007315
7905	0.3250000000000732
7906	0.2800000000000732
7907	0.25300000000007317
7908	0.24300000000007316
7909	0.23600000000007315
7910	0.24700000000007316
7911	0.32000000000007317
7912	0.41900000000007315
7913	0.4430000000000731
7914	0.47700000000007314
7915	0.5500000000000731
7916	0.6200000000000732
7917	0.6760000000000732
7918	0.7270000000000733
7919	0.7500000000000733
7920	0.7670000000000733
7921	0.7740000000000733
7922	0.7790000000000733
7923	0.7850000000000733
7924	0.7840000000000733
7925	0.7850000000000733
7926	0.7230000000000733
7927	0.5520000000000733
7928	0.5060000000000733
7929	0.4570000000000733
7930	0.4070000000000733
7931	0.3750000000000733
7932	0.36800000000007327
7933	0.3880000000000733
7934	0.4190000000000733
7935	0.4840000000000733
7936	0.5150000000000733
7937	0.5500000000000733
7938	0.5920000000000734
7939	0.6440000000000734
7940	0.6810000000000734
7941	0.7000000000000735
7942	0.7320000000000735
7943	0.7500000000000735
7944	0.7670000000000735
7945	0.7740000000000735
7946	0.7790000000000735
7947	0.7850000000000735
7948	0.7840000000000735
7949	0.7850000000000735
7950	0.7230000000000735
7951	0.5520000000000735
7952	0.5060000000000735
7953	0.4570000000000735
7954	0.4070000000000735
7955	0.3750000000000735
7956	0.3680000000000735
7957	0.3880000000000735
7958	0.41900000000007354
7959	0.48400000000007354
7960	0.5150000000000735
7961	0.5500000000000735
7962	0.5920000000000736
7963	0.6440000000000736
7964	0.6810000000000737
7965	0.7000000000000737
7966	0.7320000000000737
7967	0.7500000000000737
7968	0.7550000000000737
7969	0.7560000000000737
7970	0.7570000000000737
7971	0.7560000000000737
7972	0.7560000000000737
7973	0.6860000000000738
7974	0.4680000000000738
7975	0.3980000000000738
7976	0.3620000000000738
7977	0.32500000000007384
7978	0.28000000000007386
7979	0.25300000000007383
7980	0.24300000000007382
7981	0.23600000000007382
7982	0.24700000000007383
7983	0.32000000000007384
7984	0.4190000000000738
7985	0.4430000000000738
7986	0.4770000000000738
7987	0.5500000000000738
7988	0.6200000000000738
7989	0.6760000000000739
7990	0.7270000000000739
7991	0.7500000000000739
7992	0.755000000000074
7993	0.756000000000074
7994	0.757000000000074
7995	0.756000000000074
7996	0.756000000000074
7997	0.686000000000074
7998	0.468000000000074
7999	0.398000000000074
8000	0.36200000000007404
8001	0.32500000000007406
8002	0.2800000000000741
8003	0.25300000000007405
8004	0.24300000000007405
8005	0.23600000000007404
8006	0.24700000000007405
8007	0.32000000000007406
8008	0.41900000000007404
8009	0.443000000000074
8010	0.47700000000007403
8011	0.550000000000074
8012	0.620000000000074
8013	0.6760000000000741
8014	0.7270000000000741
8015	0.7500000000000742
8016	0.7550000000000742
8017	0.7560000000000742
8018	0.7570000000000742
8019	0.7560000000000742
8020	0.7560000000000742
8021	0.6860000000000742
8022	0.46800000000007425
8023	0.39800000000007424
8024	0.36200000000007426
8025	0.3250000000000743
8026	0.2800000000000743
8027	0.2530000000000743
8028	0.24300000000007427
8029	0.23600000000007426
8030	0.24700000000007427
8031	0.3200000000000743
8032	0.41900000000007426
8033	0.4430000000000742
8034	0.47700000000007425
8035	0.5500000000000742
8036	0.6200000000000743
8037	0.6760000000000743
8038	0.7270000000000744
8039	0.7500000000000744
8040	0.7550000000000744
8041	0.7560000000000744
8042	0.7570000000000744
8043	0.7560000000000744
8044	0.7560000000000744
8045	0.6860000000000744
8046	0.46800000000007447
8047	0.39800000000007446
8048	0.3620000000000745
8049	0.3250000000000745
8050	0.2800000000000745
8051	0.2530000000000745
8052	0.2430000000000745
8053	0.23600000000007448
8054	0.2470000000000745
8055	0.3200000000000745
8056	0.4190000000000745
8057	0.44300000000007445
8058	0.4770000000000745
8059	0.5500000000000744
8060	0.6200000000000745
8061	0.6760000000000745
8062	0.7270000000000746
8063	0.7500000000000746
8064	0.7550000000000746
8065	0.7560000000000746
8066	0.7570000000000746
8067	0.7560000000000746
8068	0.7560000000000746
8069	0.6860000000000747
8070	0.4680000000000747
8071	0.3980000000000747
8072	0.3620000000000747
8073	0.32500000000007473
8074	0.28000000000007474
8075	0.2530000000000747
8076	0.2430000000000747
8077	0.2360000000000747
8078	0.24700000000007472
8079	0.3200000000000747
8080	0.4190000000000747
8081	0.44300000000007467
8082	0.4770000000000747
8083	0.5500000000000747
8084	0.6200000000000747
8085	0.6760000000000748
8086	0.7270000000000748
8087	0.7500000000000748
8088	0.7670000000000748
8089	0.7740000000000749
8090	0.7790000000000749
8091	0.7850000000000749
8092	0.7840000000000749
8093	0.7850000000000749
8094	0.7230000000000748
8095	0.5520000000000749
8096	0.5060000000000748
8097	0.45700000000007485
8098	0.40700000000007486
8099	0.37500000000007483
8100	0.3680000000000748
8101	0.38800000000007484
8102	0.41900000000007487
8103	0.48400000000007487
8104	0.5150000000000748
8105	0.5500000000000749
8106	0.5920000000000749
8107	0.644000000000075
8108	0.681000000000075
8109	0.700000000000075
8110	0.732000000000075
8111	0.750000000000075
8112	0.7670000000000751
8113	0.7740000000000751
8114	0.7790000000000751
8115	0.7850000000000751
8116	0.7840000000000751
8117	0.7850000000000751
8118	0.723000000000075
8119	0.5520000000000751
8120	0.5060000000000751
8121	0.45700000000007507
8122	0.4070000000000751
8123	0.37500000000007505
8124	0.36800000000007504
8125	0.38800000000007506
8126	0.4190000000000751
8127	0.4840000000000751
8128	0.5150000000000751
8129	0.5500000000000751
8130	0.5920000000000751
8131	0.6440000000000752
8132	0.6810000000000752
8133	0.7000000000000752
8134	0.7320000000000753
8135	0.7500000000000753
8136	0.7550000000000753
8137	0.7560000000000753
8138	0.7570000000000753
8139	0.7560000000000753
8140	0.7560000000000753
8141	0.6860000000000753
8142	0.46800000000007536
8143	0.39800000000007535
8144	0.3620000000000754
8145	0.3250000000000754
8146	0.2800000000000754
8147	0.2530000000000754
8148	0.24300000000007538
8149	0.23600000000007537
8150	0.24700000000007538
8151	0.3200000000000754
8152	0.41900000000007537
8153	0.44300000000007533
8154	0.47700000000007536
8155	0.5500000000000753
8156	0.6200000000000754
8157	0.6760000000000754
8158	0.7270000000000755
8159	0.7500000000000755
8160	0.7550000000000755
8161	0.7560000000000755
8162	0.7570000000000755
8163	0.7560000000000755
8164	0.7560000000000755
8165	0.6860000000000755
8166	0.4680000000000756
8167	0.39800000000007557
8168	0.3620000000000756
8169	0.3250000000000756
8170	0.28000000000007563
8171	0.2530000000000756
8172	0.2430000000000756
8173	0.2360000000000756
8174	0.2470000000000756
8175	0.3200000000000756
8176	0.4190000000000756
8177	0.44300000000007556
8178	0.4770000000000756
8179	0.5500000000000755
8180	0.6200000000000756
8181	0.6760000000000757
8182	0.7270000000000757
8183	0.7500000000000757
8184	0.7550000000000757
8185	0.7560000000000757
8186	0.7570000000000757
8187	0.7560000000000757
8188	0.7560000000000757
8189	0.6860000000000758
8190	0.4680000000000758
8191	0.3980000000000758
8192	0.3620000000000758
8193	0.32500000000007584
8194	0.28000000000007585
8195	0.25300000000007583
8196	0.24300000000007582
8197	0.23600000000007582
8198	0.24700000000007583
8199	0.32000000000007583
8200	0.4190000000000758
8201	0.4430000000000758
8202	0.4770000000000758
8203	0.5500000000000758
8204	0.6200000000000758
8205	0.6760000000000759
8206	0.7270000000000759
8207	0.7500000000000759
8208	0.7550000000000759
8209	0.756000000000076
8210	0.757000000000076
8211	0.756000000000076
8212	0.756000000000076
8213	0.686000000000076
8214	0.468000000000076
8215	0.398000000000076
8216	0.36200000000007604
8217	0.32500000000007606
8218	0.2800000000000761
8219	0.25300000000007605
8220	0.24300000000007604
8221	0.23600000000007604
8222	0.24700000000007605
8223	0.32000000000007606
8224	0.41900000000007603
8225	0.443000000000076
8226	0.47700000000007603
8227	0.550000000000076
8228	0.620000000000076
8229	0.6760000000000761
8230	0.7270000000000761
8231	0.7500000000000762
8232	0.7550000000000762
8233	0.7560000000000762
8234	0.7570000000000762
8235	0.7560000000000762
8236	0.7560000000000762
8237	0.6860000000000762
8238	0.46800000000007624
8239	0.39800000000007624
8240	0.36200000000007626
8241	0.3250000000000763
8242	0.2800000000000763
8243	0.2530000000000763
8244	0.24300000000007627
8245	0.23600000000007626
8246	0.24700000000007627
8247	0.3200000000000763
8248	0.41900000000007626
8249	0.4430000000000762
8250	0.47700000000007625
8251	0.5500000000000762
8252	0.6200000000000763
8253	0.6760000000000763
8254	0.7270000000000764
8255	0.7500000000000764
8256	0.7670000000000764
8257	0.7740000000000764
8258	0.7790000000000764
8259	0.7850000000000764
8260	0.7840000000000764
8261	0.7850000000000764
8262	0.7230000000000764
8263	0.5520000000000764
8264	0.5060000000000764
8265	0.4570000000000764
8266	0.4070000000000764
8267	0.3750000000000764
8268	0.3680000000000764
8269	0.3880000000000764
8270	0.4190000000000764
8271	0.4840000000000764
8272	0.5150000000000764
8273	0.5500000000000764
8274	0.5920000000000765
8275	0.6440000000000765
8276	0.6810000000000765
8277	0.7000000000000766
8278	0.7320000000000766
8279	0.7500000000000766
8280	0.7670000000000766
8281	0.7740000000000766
8282	0.7790000000000766
8283	0.7850000000000766
8284	0.7840000000000766
8285	0.7850000000000766
8286	0.7230000000000766
8287	0.5520000000000767
8288	0.5060000000000766
8289	0.4570000000000766
8290	0.40700000000007663
8291	0.3750000000000766
8292	0.3680000000000766
8293	0.3880000000000766
8294	0.41900000000007664
8295	0.48400000000007665
8296	0.5150000000000766
8297	0.5500000000000766
8298	0.5920000000000767
8299	0.6440000000000767
8300	0.6810000000000768
8301	0.7000000000000768
8302	0.7320000000000768
8303	0.7500000000000768
8304	0.7550000000000768
8305	0.7560000000000768
8306	0.7570000000000768
8307	0.7560000000000768
8308	0.7560000000000768
8309	0.6860000000000769
8310	0.4680000000000769
8311	0.3980000000000769
8312	0.3620000000000769
8313	0.32500000000007695
8314	0.28000000000007697
8315	0.25300000000007694
8316	0.24300000000007693
8317	0.23600000000007693
8318	0.24700000000007694
8319	0.32000000000007695
8320	0.4190000000000769
8321	0.4430000000000769
8322	0.4770000000000769
8323	0.5500000000000769
8324	0.6200000000000769
8325	0.676000000000077
8326	0.727000000000077
8327	0.750000000000077
8328	0.755000000000077
8329	0.756000000000077
8330	0.7570000000000771
8331	0.756000000000077
8332	0.756000000000077
8333	0.6860000000000771
8334	0.46800000000007713
8335	0.3980000000000771
8336	0.36200000000007715
8337	0.32500000000007717
8338	0.2800000000000772
8339	0.25300000000007716
8340	0.24300000000007715
8341	0.23600000000007715
8342	0.24700000000007716
8343	0.32000000000007717
8344	0.41900000000007714
8345	0.4430000000000771
8346	0.47700000000007714
8347	0.5500000000000771
8348	0.6200000000000772
8349	0.6760000000000772
8350	0.7270000000000773
8351	0.7500000000000773
8352	0.7550000000000773
8353	0.7560000000000773
8354	0.7570000000000773
8355	0.7560000000000773
8356	0.7560000000000773
8357	0.6860000000000773
8358	0.46800000000007735
8359	0.39800000000007735
8360	0.36200000000007737
8361	0.3250000000000774
8362	0.2800000000000774
8363	0.2530000000000774
8364	0.24300000000007738
8365	0.23600000000007737
8366	0.24700000000007738
8367	0.3200000000000774
8368	0.41900000000007737
8369	0.44300000000007733
8370	0.47700000000007736
8371	0.5500000000000773
8372	0.6200000000000774
8373	0.6760000000000774
8374	0.7270000000000775
8375	0.7500000000000775
8376	0.7550000000000775
8377	0.7560000000000775
8378	0.7570000000000775
8379	0.7560000000000775
8380	0.7560000000000775
8381	0.6860000000000775
8382	0.4680000000000776
8383	0.39800000000007757
8384	0.3620000000000776
8385	0.3250000000000776
8386	0.28000000000007763
8387	0.2530000000000776
8388	0.2430000000000776
8389	0.2360000000000776
8390	0.2470000000000776
8391	0.3200000000000776
8392	0.4190000000000776
8393	0.44300000000007755
8394	0.4770000000000776
8395	0.5500000000000775
8396	0.6200000000000776
8397	0.6760000000000776
8398	0.7270000000000777
8399	0.7500000000000777
8400	0.7550000000000777
8401	0.7560000000000777
8402	0.7570000000000777
8403	0.7560000000000777
8404	0.7560000000000777
8405	0.6860000000000778
8406	0.4680000000000778
8407	0.3980000000000778
8408	0.3620000000000778
8409	0.32500000000007784
8410	0.28000000000007785
8411	0.25300000000007783
8412	0.24300000000007782
8413	0.23600000000007781
8414	0.24700000000007782
8415	0.32000000000007783
8416	0.4190000000000778
8417	0.4430000000000778
8418	0.4770000000000778
8419	0.5500000000000778
8420	0.6200000000000778
8421	0.6760000000000779
8422	0.7270000000000779
8423	0.7500000000000779
8424	0.767000000000078
8425	0.774000000000078
8426	0.779000000000078
8427	0.785000000000078
8428	0.784000000000078
8429	0.785000000000078
8430	0.7230000000000779
8431	0.552000000000078
8432	0.5060000000000779
8433	0.45700000000007795
8434	0.40700000000007797
8435	0.37500000000007794
8436	0.36800000000007793
8437	0.38800000000007795
8438	0.419000000000078
8439	0.484000000000078
8440	0.515000000000078
8441	0.550000000000078
8442	0.592000000000078
8443	0.6440000000000781
8444	0.6810000000000781
8445	0.7000000000000781
8446	0.7320000000000781
8447	0.7500000000000782
8448	0.7670000000000782
8449	0.7740000000000782
8450	0.7790000000000782
8451	0.7850000000000782
8452	0.7840000000000782
8453	0.7850000000000782
8454	0.7230000000000781
8455	0.5520000000000782
8456	0.5060000000000782
8457	0.4570000000000782
8458	0.4070000000000782
8459	0.37500000000007816
8460	0.36800000000007815
8461	0.38800000000007817
8462	0.4190000000000782
8463	0.4840000000000782
8464	0.5150000000000782
8465	0.5500000000000782
8466	0.5920000000000782
8467	0.6440000000000783
8468	0.6810000000000783
8469	0.7000000000000783
8470	0.7320000000000784
8471	0.7500000000000784
8472	0.7550000000000784
8473	0.7560000000000784
8474	0.7570000000000784
8475	0.7560000000000784
8476	0.7560000000000784
8477	0.6860000000000784
8478	0.46800000000007846
8479	0.39800000000007846
8480	0.3620000000000785
8481	0.3250000000000785
8482	0.2800000000000785
8483	0.2530000000000785
8484	0.2430000000000785
8485	0.23600000000007848
8486	0.2470000000000785
8487	0.3200000000000785
8488	0.4190000000000785
8489	0.44300000000007844
8490	0.4770000000000785
8491	0.5500000000000784
8492	0.6200000000000785
8493	0.6760000000000785
8494	0.7270000000000786
8495	0.7500000000000786
8496	0.7550000000000786
8497	0.7560000000000786
8498	0.7570000000000786
8499	0.7560000000000786
8500	0.7560000000000786
8501	0.6860000000000787
8502	0.4680000000000787
8503	0.3980000000000787
8504	0.3620000000000787
8505	0.3250000000000787
8506	0.28000000000007874
8507	0.2530000000000787
8508	0.2430000000000787
8509	0.2360000000000787
8510	0.2470000000000787
8511	0.3200000000000787
8512	0.4190000000000787
8513	0.44300000000007866
8514	0.4770000000000787
8515	0.5500000000000786
8516	0.6200000000000787
8517	0.6760000000000788
8518	0.7270000000000788
8519	0.7500000000000788
8520	0.7550000000000788
8521	0.7560000000000788
8522	0.7570000000000788
8523	0.7560000000000788
8524	0.7560000000000788
8525	0.6860000000000789
8526	0.4680000000000789
8527	0.3980000000000789
8528	0.3620000000000789
8529	0.32500000000007895
8530	0.28000000000007896
8531	0.25300000000007894
8532	0.24300000000007893
8533	0.23600000000007892
8534	0.24700000000007893
8535	0.32000000000007894
8536	0.4190000000000789
8537	0.4430000000000789
8538	0.4770000000000789
8539	0.5500000000000789
8540	0.6200000000000789
8541	0.676000000000079
8542	0.727000000000079
8543	0.750000000000079
8544	0.755000000000079
8545	0.756000000000079
8546	0.757000000000079
8547	0.756000000000079
8548	0.756000000000079
8549	0.6860000000000791
8550	0.46800000000007913
8551	0.3980000000000791
8552	0.36200000000007915
8553	0.32500000000007917
8554	0.2800000000000792
8555	0.25300000000007916
8556	0.24300000000007915
8557	0.23600000000007915
8558	0.24700000000007916
8559	0.32000000000007917
8560	0.41900000000007914
8561	0.4430000000000791
8562	0.47700000000007914
8563	0.5500000000000791
8564	0.6200000000000792
8565	0.6760000000000792
8566	0.7270000000000792
8567	0.7500000000000793
8568	0.7550000000000793
8569	0.7560000000000793
8570	0.7570000000000793
8571	0.7560000000000793
8572	0.7560000000000793
8573	0.6860000000000793
8574	0.46800000000007935
8575	0.39800000000007935
8576	0.36200000000007937
8577	0.3250000000000794
8578	0.2800000000000794
8579	0.2530000000000794
8580	0.24300000000007937
8581	0.23600000000007937
8582	0.24700000000007938
8583	0.3200000000000794
8584	0.41900000000007936
8585	0.44300000000007933
8586	0.47700000000007936
8587	0.5500000000000793
8588	0.6200000000000794
8589	0.6760000000000794
8590	0.7270000000000795
8591	0.7500000000000795
8592	0.7670000000000795
8593	0.7740000000000795
8594	0.7790000000000795
8595	0.7850000000000795
8596	0.7840000000000795
8597	0.7850000000000795
8598	0.7230000000000795
8599	0.5520000000000795
8600	0.5060000000000795
8601	0.4570000000000795
8602	0.4070000000000795
8603	0.3750000000000795
8604	0.3680000000000795
8605	0.3880000000000795
8606	0.41900000000007953
8607	0.48400000000007953
8608	0.5150000000000795
8609	0.5500000000000795
8610	0.5920000000000796
8611	0.6440000000000796
8612	0.6810000000000797
8613	0.7000000000000797
8614	0.7320000000000797
8615	0.7500000000000797
8616	0.7670000000000797
8617	0.7740000000000797
8618	0.7790000000000797
8619	0.7850000000000797
8620	0.7840000000000797
8621	0.7850000000000797
8622	0.7230000000000797
8623	0.5520000000000798
8624	0.5060000000000797
8625	0.45700000000007973
8626	0.40700000000007974
8627	0.3750000000000797
8628	0.3680000000000797
8629	0.3880000000000797
8630	0.41900000000007975
8631	0.48400000000007976
8632	0.5150000000000797
8633	0.5500000000000798
8634	0.5920000000000798
8635	0.6440000000000798
8636	0.6810000000000799
8637	0.7000000000000799
8638	0.7320000000000799
8639	0.7500000000000799
8640	0.7550000000000799
8641	0.7560000000000799
8642	0.7570000000000799
8643	0.7560000000000799
8644	0.7560000000000799
8645	0.68600000000008
8646	0.46800000000008
8647	0.39800000000008
8648	0.36200000000008004
8649	0.32500000000008006
8650	0.2800000000000801
8651	0.25300000000008005
8652	0.24300000000008004
8653	0.23600000000008003
8654	0.24700000000008004
8655	0.32000000000008005
8656	0.41900000000008003
8657	0.44300000000008
8658	0.47700000000008
8659	0.55000000000008
8660	0.62000000000008
8661	0.6760000000000801
8662	0.7270000000000801
8663	0.7500000000000802
8664	0.7550000000000802
8665	0.7560000000000802
8666	0.7570000000000802
8667	0.7560000000000802
8668	0.7560000000000802
8669	0.6860000000000802
8670	0.46800000000008024
8671	0.39800000000008023
8672	0.36200000000008026
8673	0.3250000000000803
8674	0.2800000000000803
8675	0.25300000000008027
8676	0.24300000000008026
8677	0.23600000000008026
8678	0.24700000000008027
8679	0.3200000000000803
8680	0.41900000000008025
8681	0.4430000000000802
8682	0.47700000000008025
8683	0.5500000000000802
8684	0.6200000000000803
8685	0.6760000000000803
8686	0.7270000000000804
8687	0.7500000000000804
8688	0.7550000000000804
8689	0.7560000000000804
8690	0.7570000000000804
8691	0.7560000000000804
8692	0.7560000000000804
8693	0.6860000000000804
8694	0.46800000000008046
8695	0.39800000000008046
8696	0.3620000000000805
8697	0.3250000000000805
8698	0.2800000000000805
8699	0.2530000000000805
8700	0.24300000000008048
8701	0.23600000000008048
8702	0.2470000000000805
8703	0.3200000000000805
8704	0.4190000000000805
8705	0.44300000000008044
8706	0.47700000000008047
8707	0.5500000000000804
8708	0.6200000000000805
8709	0.6760000000000805
8710	0.7270000000000806
8711	0.7500000000000806
8712	0.7550000000000806
8713	0.7560000000000806
8714	0.7570000000000806
8715	0.7560000000000806
8716	0.7560000000000806
8717	0.6860000000000807
8718	0.4680000000000807
8719	0.3980000000000807
8720	0.3620000000000807
8721	0.3250000000000807
8722	0.28000000000008074
8723	0.2530000000000807
8724	0.2430000000000807
8725	0.2360000000000807
8726	0.2470000000000807
8727	0.3200000000000807
8728	0.4190000000000807
8729	0.44300000000008066
8730	0.4770000000000807
8731	0.5500000000000806
8732	0.6200000000000807
8733	0.6760000000000808
8734	0.7270000000000808
8735	0.7500000000000808
8736	0.7550000000000808
8737	0.7560000000000808
8738	0.7570000000000808
8739	0.7560000000000808
8740	0.7560000000000808
8741	0.6860000000000809
8742	0.4680000000000809
8743	0.3980000000000809
8744	0.3620000000000809
8745	0.32500000000008095
8746	0.28000000000008096
8747	0.25300000000008094
8748	0.24300000000008093
8749	0.23600000000008092
8750	0.24700000000008093
8751	0.32000000000008094
8752	0.4190000000000809
8753	0.4430000000000809
8754	0.4770000000000809
8755	0.5500000000000809
8756	0.6200000000000809
8757	0.676000000000081
8758	0.727000000000081
8759	0.750000000000081
