0	0.9699999999999207
1	0.9709999999999207
2	0.9719999999999207
3	0.9709999999999207
4	0.9709999999999207
5	0.9009999999999208
6	0.6829999999999208
7	0.6129999999999207
8	0.5769999999999207
9	0.5399999999999207
10	0.49499999999992067
11	0.4679999999999207
12	0.4579999999999207
13	0.4509999999999207
14	0.4619999999999207
15	0.5349999999999207
16	0.6339999999999206
17	0.6579999999999206
18	0.6919999999999207
19	0.7649999999999206
20	0.8349999999999207
21	0.8909999999999207
22	0.9419999999999208
23	0.9649999999999208
24	0.9819999999999208
25	0.9889999999999208
26	0.9939999999999208
27	0.9999999999999208
28	0.9989999999999208
29	0.9999999999999208
30	0.9379999999999208
31	0.7669999999999209
32	0.7209999999999208
33	0.6719999999999208
34	0.6219999999999207
35	0.5899999999999207
36	0.5829999999999207
37	0.6029999999999207
38	0.6339999999999207
39	0.6989999999999208
40	0.7299999999999208
41	0.7649999999999209
42	0.8069999999999209
43	0.8589999999999209
44	0.895999999999921
45	0.914999999999921
46	0.946999999999921
47	0.964999999999921
48	0.981999999999921
49	0.988999999999921
50	0.9939999999999211
51	0.9999999999999211
52	0.9989999999999211
53	0.9999999999999211
54	0.937999999999921
55	0.7669999999999211
56	0.720999999999921
57	0.671999999999921
58	0.621999999999921
59	0.5899999999999209
60	0.5829999999999209
61	0.6029999999999209
62	0.633999999999921
63	0.698999999999921
64	0.729999999999921
65	0.7649999999999211
66	0.8069999999999211
67	0.8589999999999212
68	0.8959999999999212
69	0.9149999999999212
70	0.9469999999999212
71	0.9649999999999213
72	0.9699999999999213
73	0.9709999999999213
74	0.9719999999999213
75	0.9709999999999213
76	0.9709999999999213
77	0.9009999999999213
78	0.6829999999999213
79	0.6129999999999214
80	0.5769999999999214
81	0.5399999999999213
82	0.49499999999992134
83	0.46799999999992137
84	0.45799999999992136
85	0.45099999999992135
86	0.46199999999992136
87	0.5349999999999213
88	0.6339999999999213
89	0.6579999999999213
90	0.6919999999999213
91	0.7649999999999213
92	0.8349999999999214
93	0.8909999999999214
94	0.9419999999999215
95	0.9649999999999215
96	0.9699999999999215
97	0.9709999999999215
98	0.9719999999999215
99	0.9709999999999215
100	0.9709999999999215
101	0.9009999999999215
102	0.6829999999999216
103	0.6129999999999216
104	0.5769999999999216
105	0.5399999999999215
106	0.49499999999992156
107	0.4679999999999216
108	0.4579999999999216
109	0.4509999999999216
110	0.4619999999999216
111	0.5349999999999215
112	0.6339999999999215
113	0.6579999999999215
114	0.6919999999999216
115	0.7649999999999215
116	0.8349999999999216
117	0.8909999999999216
118	0.9419999999999217
119	0.9649999999999217
120	0.9699999999999217
121	0.9709999999999217
122	0.9719999999999217
123	0.9709999999999217
124	0.9709999999999217
125	0.9009999999999218
126	0.6829999999999218
127	0.6129999999999218
128	0.5769999999999218
129	0.5399999999999218
130	0.4949999999999218
131	0.4679999999999218
132	0.4579999999999218
133	0.4509999999999218
134	0.4619999999999218
135	0.5349999999999218
136	0.6339999999999217
137	0.6579999999999218
138	0.6919999999999218
139	0.7649999999999217
140	0.8349999999999218
141	0.8909999999999219
142	0.9419999999999219
143	0.9649999999999219
144	0.9699999999999219
145	0.9709999999999219
146	0.9719999999999219
147	0.9709999999999219
148	0.9709999999999219
149	0.900999999999922
150	0.682999999999922
151	0.612999999999922
152	0.576999999999922
153	0.539999999999922
154	0.494999999999922
155	0.46799999999992203
156	0.457999999999922
157	0.450999999999922
158	0.46199999999992203
159	0.534999999999922
160	0.633999999999922
161	0.657999999999922
162	0.691999999999922
163	0.764999999999922
164	0.834999999999922
165	0.8909999999999221
166	0.9419999999999221
167	0.9649999999999221
168	0.9699999999999221
169	0.9709999999999221
170	0.9719999999999221
171	0.9709999999999221
172	0.9709999999999221
173	0.9009999999999222
174	0.6829999999999222
175	0.6129999999999223
176	0.5769999999999222
177	0.5399999999999222
178	0.4949999999999222
179	0.46799999999992226
180	0.45799999999992225
181	0.45099999999992224
182	0.46199999999992225
183	0.5349999999999222
184	0.6339999999999222
185	0.6579999999999222
186	0.6919999999999222
187	0.7649999999999222
188	0.8349999999999222
189	0.8909999999999223
190	0.9419999999999223
191	0.9649999999999224
192	0.9819999999999224
193	0.9889999999999224
194	0.9939999999999224
195	0.9999999999999224
196	0.9989999999999224
197	0.9999999999999224
198	0.9379999999999223
199	0.7669999999999224
200	0.7209999999999224
201	0.6719999999999223
202	0.6219999999999223
203	0.5899999999999223
204	0.5829999999999222
205	0.6029999999999223
206	0.6339999999999223
207	0.6989999999999224
208	0.7299999999999224
209	0.7649999999999224
210	0.8069999999999224
211	0.8589999999999225
212	0.8959999999999225
213	0.9149999999999225
214	0.9469999999999226
215	0.9649999999999226
216	0.9819999999999226
217	0.9889999999999226
218	0.9939999999999226
219	0.9999999999999226
220	0.9989999999999226
221	0.9999999999999226
222	0.9379999999999226
223	0.7669999999999226
224	0.7209999999999226
225	0.6719999999999225
226	0.6219999999999225
227	0.5899999999999225
228	0.5829999999999225
229	0.6029999999999225
230	0.6339999999999225
231	0.6989999999999226
232	0.7299999999999226
233	0.7649999999999226
234	0.8069999999999227
235	0.8589999999999227
236	0.8959999999999227
237	0.9149999999999228
238	0.9469999999999228
239	0.9649999999999228
240	0.9699999999999228
241	0.9709999999999228
242	0.9719999999999228
243	0.9709999999999228
244	0.9709999999999228
245	0.9009999999999229
246	0.6829999999999229
247	0.6129999999999229
248	0.5769999999999229
249	0.5399999999999229
250	0.4949999999999229
251	0.4679999999999229
252	0.4579999999999229
253	0.4509999999999229
254	0.4619999999999229
255	0.5349999999999229
256	0.6339999999999228
257	0.6579999999999229
258	0.6919999999999229
259	0.7649999999999229
260	0.8349999999999229
261	0.890999999999923
262	0.941999999999923
263	0.964999999999923
264	0.969999999999923
265	0.970999999999923
266	0.971999999999923
267	0.970999999999923
268	0.970999999999923
269	0.9009999999999231
270	0.6829999999999231
271	0.6129999999999232
272	0.5769999999999231
273	0.5399999999999231
274	0.4949999999999231
275	0.46799999999992314
276	0.45799999999992314
277	0.45099999999992313
278	0.46199999999992314
279	0.5349999999999231
280	0.6339999999999231
281	0.6579999999999231
282	0.6919999999999231
283	0.7649999999999231
284	0.8349999999999231
285	0.8909999999999232
286	0.9419999999999232
287	0.9649999999999233
288	0.9699999999999233
289	0.9709999999999233
290	0.9719999999999233
291	0.9709999999999233
292	0.9709999999999233
293	0.9009999999999233
294	0.6829999999999233
295	0.6129999999999234
296	0.5769999999999234
297	0.5399999999999233
298	0.49499999999992333
299	0.46799999999992337
300	0.45799999999992336
301	0.45099999999992335
302	0.46199999999992336
303	0.5349999999999233
304	0.6339999999999233
305	0.6579999999999233
306	0.6919999999999233
307	0.7649999999999233
308	0.8349999999999234
309	0.8909999999999234
310	0.9419999999999235
311	0.9649999999999235
312	0.9699999999999235
313	0.9709999999999235
314	0.9719999999999235
315	0.9709999999999235
316	0.9709999999999235
317	0.9009999999999235
318	0.6829999999999236
319	0.6129999999999236
320	0.5769999999999236
321	0.5399999999999235
322	0.49499999999992356
323	0.4679999999999236
324	0.4579999999999236
325	0.4509999999999236
326	0.4619999999999236
327	0.5349999999999235
328	0.6339999999999235
329	0.6579999999999235
330	0.6919999999999236
331	0.7649999999999235
332	0.8349999999999236
333	0.8909999999999236
334	0.9419999999999237
335	0.9649999999999237
336	0.9699999999999237
337	0.9709999999999237
338	0.9719999999999237
339	0.9709999999999237
340	0.9709999999999237
341	0.9009999999999238
342	0.6829999999999238
343	0.6129999999999238
344	0.5769999999999238
345	0.5399999999999238
346	0.4949999999999238
347	0.4679999999999238
348	0.4579999999999238
349	0.4509999999999238
350	0.4619999999999238
351	0.5349999999999238
352	0.6339999999999237
353	0.6579999999999238
354	0.6919999999999238
355	0.7649999999999237
356	0.8349999999999238
357	0.8909999999999239
358	0.9419999999999239
359	0.9649999999999239
360	0.9819999999999239
361	0.9889999999999239
362	0.9939999999999239
363	0.999999999999924
364	0.998999999999924
365	0.999999999999924
366	0.9379999999999239
367	0.766999999999924
368	0.7209999999999239
369	0.6719999999999239
370	0.6219999999999238
371	0.5899999999999238
372	0.5829999999999238
373	0.6029999999999238
374	0.6339999999999238
375	0.6989999999999239
376	0.7299999999999239
377	0.764999999999924
378	0.806999999999924
379	0.858999999999924
380	0.8959999999999241
381	0.9149999999999241
382	0.9469999999999241
383	0.9649999999999241
384	0.9819999999999242
385	0.9889999999999242
386	0.9939999999999242
387	0.9999999999999242
388	0.9989999999999242
389	0.9999999999999242
390	0.9379999999999241
391	0.7669999999999242
392	0.7209999999999241
393	0.6719999999999241
394	0.6219999999999241
395	0.589999999999924
396	0.582999999999924
397	0.602999999999924
398	0.6339999999999241
399	0.6989999999999241
400	0.7299999999999242
401	0.7649999999999242
402	0.8069999999999242
403	0.8589999999999243
404	0.8959999999999243
405	0.9149999999999243
406	0.9469999999999243
407	0.9649999999999244
408	0.9699999999999244
409	0.9709999999999244
410	0.9719999999999244
411	0.9709999999999244
412	0.9709999999999244
413	0.9009999999999244
414	0.6829999999999244
415	0.6129999999999245
416	0.5769999999999245
417	0.5399999999999244
418	0.49499999999992444
419	0.4679999999999245
420	0.45799999999992447
421	0.45099999999992446
422	0.46199999999992447
423	0.5349999999999244
424	0.6339999999999244
425	0.6579999999999244
426	0.6919999999999245
427	0.7649999999999244
428	0.8349999999999245
429	0.8909999999999245
430	0.9419999999999246
431	0.9649999999999246
432	0.9699999999999246
433	0.9709999999999246
434	0.9719999999999246
435	0.9709999999999246
436	0.9709999999999246
437	0.9009999999999246
438	0.6829999999999247
439	0.6129999999999247
440	0.5769999999999247
441	0.5399999999999247
442	0.49499999999992467
443	0.4679999999999247
444	0.4579999999999247
445	0.4509999999999247
446	0.4619999999999247
447	0.5349999999999246
448	0.6339999999999246
449	0.6579999999999246
450	0.6919999999999247
451	0.7649999999999246
452	0.8349999999999247
453	0.8909999999999247
454	0.9419999999999248
455	0.9649999999999248
456	0.9699999999999248
457	0.9709999999999248
458	0.9719999999999248
459	0.9709999999999248
460	0.9709999999999248
461	0.9009999999999249
462	0.6829999999999249
463	0.6129999999999249
464	0.5769999999999249
465	0.5399999999999249
466	0.4949999999999249
467	0.4679999999999249
468	0.4579999999999249
469	0.4509999999999249
470	0.4619999999999249
471	0.5349999999999249
472	0.6339999999999248
473	0.6579999999999249
474	0.6919999999999249
475	0.7649999999999249
476	0.8349999999999249
477	0.890999999999925
478	0.941999999999925
479	0.964999999999925
480	0.969999999999925
481	0.970999999999925
482	0.971999999999925
483	0.970999999999925
484	0.970999999999925
485	0.9009999999999251
486	0.6829999999999251
487	0.6129999999999252
488	0.5769999999999251
489	0.5399999999999251
490	0.4949999999999251
491	0.46799999999992514
492	0.45799999999992513
493	0.4509999999999251
494	0.46199999999992514
495	0.5349999999999251
496	0.6339999999999251
497	0.6579999999999251
498	0.6919999999999251
499	0.7649999999999251
500	0.8349999999999251
501	0.8909999999999252
502	0.9419999999999252
503	0.9649999999999253
504	0.9699999999999253
505	0.9709999999999253
506	0.9719999999999253
507	0.9709999999999253
508	0.9709999999999253
509	0.9009999999999253
510	0.6829999999999253
511	0.6129999999999254
512	0.5769999999999254
513	0.5399999999999253
514	0.49499999999992533
515	0.46799999999992536
516	0.45799999999992536
517	0.45099999999992535
518	0.46199999999992536
519	0.5349999999999253
520	0.6339999999999253
521	0.6579999999999253
522	0.6919999999999253
523	0.7649999999999253
524	0.8349999999999254
525	0.8909999999999254
526	0.9419999999999255
527	0.9649999999999255
528	0.9819999999999255
529	0.9889999999999255
530	0.9939999999999255
531	0.9999999999999255
532	0.9989999999999255
533	0.9999999999999255
534	0.9379999999999254
535	0.7669999999999255
536	0.7209999999999255
537	0.6719999999999254
538	0.6219999999999254
539	0.5899999999999254
540	0.5829999999999254
541	0.6029999999999254
542	0.6339999999999254
543	0.6989999999999255
544	0.7299999999999255
545	0.7649999999999255
546	0.8069999999999256
547	0.8589999999999256
548	0.8959999999999256
549	0.9149999999999257
550	0.9469999999999257
551	0.9649999999999257
552	0.9819999999999257
553	0.9889999999999257
554	0.9939999999999257
555	0.9999999999999257
556	0.9989999999999257
557	0.9999999999999257
558	0.9379999999999257
559	0.7669999999999257
560	0.7209999999999257
561	0.6719999999999257
562	0.6219999999999256
563	0.5899999999999256
564	0.5829999999999256
565	0.6029999999999256
566	0.6339999999999256
567	0.6989999999999257
568	0.7299999999999257
569	0.7649999999999257
570	0.8069999999999258
571	0.8589999999999258
572	0.8959999999999259
573	0.9149999999999259
574	0.9469999999999259
575	0.9649999999999259
576	0.9699999999999259
577	0.9709999999999259
578	0.9719999999999259
579	0.9709999999999259
580	0.9709999999999259
581	0.900999999999926
582	0.682999999999926
583	0.612999999999926
584	0.576999999999926
585	0.539999999999926
586	0.494999999999926
587	0.46799999999992603
588	0.457999999999926
589	0.450999999999926
590	0.461999999999926
591	0.534999999999926
592	0.633999999999926
593	0.657999999999926
594	0.691999999999926
595	0.764999999999926
596	0.834999999999926
597	0.8909999999999261
598	0.9419999999999261
599	0.9649999999999261
600	0.9699999999999261
601	0.9709999999999261
602	0.9719999999999261
603	0.9709999999999261
604	0.9709999999999261
605	0.9009999999999262
606	0.6829999999999262
607	0.6129999999999263
608	0.5769999999999262
609	0.5399999999999262
610	0.4949999999999262
611	0.46799999999992625
612	0.45799999999992624
613	0.45099999999992624
614	0.46199999999992625
615	0.5349999999999262
616	0.6339999999999262
617	0.6579999999999262
618	0.6919999999999262
619	0.7649999999999262
620	0.8349999999999262
621	0.8909999999999263
622	0.9419999999999263
623	0.9649999999999264
624	0.9699999999999264
625	0.9709999999999264
626	0.9719999999999264
627	0.9709999999999264
628	0.9709999999999264
629	0.9009999999999264
630	0.6829999999999264
631	0.6129999999999265
632	0.5769999999999265
633	0.5399999999999264
634	0.49499999999992644
635	0.4679999999999265
636	0.45799999999992647
637	0.45099999999992646
638	0.46199999999992647
639	0.5349999999999264
640	0.6339999999999264
641	0.6579999999999264
642	0.6919999999999265
643	0.7649999999999264
644	0.8349999999999265
645	0.8909999999999265
646	0.9419999999999266
647	0.9649999999999266
648	0.9699999999999266
649	0.9709999999999266
650	0.9719999999999266
651	0.9709999999999266
652	0.9709999999999266
653	0.9009999999999266
654	0.6829999999999267
655	0.6129999999999267
656	0.5769999999999267
657	0.5399999999999266
658	0.49499999999992667
659	0.4679999999999267
660	0.4579999999999267
661	0.4509999999999267
662	0.4619999999999267
663	0.5349999999999266
664	0.6339999999999266
665	0.6579999999999266
666	0.6919999999999267
667	0.7649999999999266
668	0.8349999999999267
669	0.8909999999999267
670	0.9419999999999268
671	0.9649999999999268
672	0.9699999999999268
673	0.9709999999999268
674	0.9719999999999268
675	0.9709999999999268
676	0.9709999999999268
677	0.9009999999999269
678	0.6829999999999269
679	0.6129999999999269
680	0.5769999999999269
681	0.5399999999999269
682	0.4949999999999269
683	0.4679999999999269
684	0.4579999999999269
685	0.4509999999999269
686	0.4619999999999269
687	0.5349999999999269
688	0.6339999999999268
689	0.6579999999999269
690	0.6919999999999269
691	0.7649999999999268
692	0.8349999999999269
693	0.890999999999927
694	0.941999999999927
695	0.964999999999927
696	0.981999999999927
697	0.988999999999927
698	0.993999999999927
699	0.9999999999999271
700	0.9989999999999271
701	0.9999999999999271
702	0.937999999999927
703	0.7669999999999271
704	0.720999999999927
705	0.671999999999927
706	0.621999999999927
707	0.5899999999999269
708	0.5829999999999269
709	0.6029999999999269
710	0.633999999999927
711	0.698999999999927
712	0.729999999999927
713	0.7649999999999271
714	0.8069999999999271
715	0.8589999999999272
716	0.8959999999999272
717	0.9149999999999272
718	0.9469999999999272
719	0.9649999999999272
720	0.9819999999999273
721	0.9889999999999273
722	0.9939999999999273
723	0.9999999999999273
724	0.9989999999999273
725	0.9999999999999273
726	0.9379999999999272
727	0.7669999999999273
728	0.7209999999999273
729	0.6719999999999272
730	0.6219999999999272
731	0.5899999999999271
732	0.5829999999999271
733	0.6029999999999271
734	0.6339999999999272
735	0.6989999999999272
736	0.7299999999999273
737	0.7649999999999273
738	0.8069999999999273
739	0.8589999999999274
740	0.8959999999999274
741	0.9149999999999274
742	0.9469999999999275
743	0.9649999999999275
744	0.9699999999999275
745	0.9709999999999275
746	0.9719999999999275
747	0.9709999999999275
748	0.9709999999999275
749	0.9009999999999275
750	0.6829999999999276
751	0.6129999999999276
752	0.5769999999999276
753	0.5399999999999275
754	0.49499999999992755
755	0.4679999999999276
756	0.4579999999999276
757	0.45099999999992757
758	0.4619999999999276
759	0.5349999999999275
760	0.6339999999999275
761	0.6579999999999275
762	0.6919999999999276
763	0.7649999999999275
764	0.8349999999999276
765	0.8909999999999276
766	0.9419999999999277
767	0.9649999999999277
768	0.9699999999999277
769	0.9709999999999277
770	0.9719999999999277
771	0.9709999999999277
772	0.9709999999999277
773	0.9009999999999277
774	0.6829999999999278
775	0.6129999999999278
776	0.5769999999999278
777	0.5399999999999278
778	0.4949999999999278
779	0.4679999999999278
780	0.4579999999999278
781	0.4509999999999278
782	0.4619999999999278
783	0.5349999999999278
784	0.6339999999999277
785	0.6579999999999278
786	0.6919999999999278
787	0.7649999999999277
788	0.8349999999999278
789	0.8909999999999278
790	0.9419999999999279
791	0.9649999999999279
792	0.9699999999999279
793	0.9709999999999279
794	0.9719999999999279
795	0.9709999999999279
796	0.9709999999999279
797	0.900999999999928
798	0.682999999999928
799	0.612999999999928
800	0.576999999999928
801	0.539999999999928
802	0.494999999999928
803	0.46799999999992803
804	0.457999999999928
805	0.450999999999928
806	0.461999999999928
807	0.534999999999928
808	0.633999999999928
809	0.657999999999928
810	0.691999999999928
811	0.764999999999928
812	0.834999999999928
813	0.8909999999999281
814	0.9419999999999281
815	0.9649999999999281
816	0.9699999999999281
817	0.9709999999999281
818	0.9719999999999281
819	0.9709999999999281
820	0.9709999999999281
821	0.9009999999999282
822	0.6829999999999282
823	0.6129999999999283
824	0.5769999999999282
825	0.5399999999999282
826	0.4949999999999282
827	0.46799999999992825
828	0.45799999999992824
829	0.45099999999992824
830	0.46199999999992825
831	0.5349999999999282
832	0.6339999999999282
833	0.6579999999999282
834	0.6919999999999282
835	0.7649999999999282
836	0.8349999999999282
837	0.8909999999999283
838	0.9419999999999283
839	0.9649999999999284
840	0.9699999999999284
841	0.9709999999999284
842	0.9719999999999284
843	0.9709999999999284
844	0.9709999999999284
845	0.9009999999999284
846	0.6829999999999284
847	0.6129999999999285
848	0.5769999999999285
849	0.5399999999999284
850	0.49499999999992844
851	0.4679999999999285
852	0.45799999999992846
853	0.45099999999992846
854	0.46199999999992847
855	0.5349999999999284
856	0.6339999999999284
857	0.6579999999999284
858	0.6919999999999285
859	0.7649999999999284
860	0.8349999999999285
861	0.8909999999999285
862	0.9419999999999286
863	0.9649999999999286
864	0.9819999999999286
865	0.9889999999999286
866	0.9939999999999286
867	0.9999999999999286
868	0.9989999999999286
869	0.9999999999999286
870	0.9379999999999286
871	0.7669999999999286
872	0.7209999999999286
873	0.6719999999999285
874	0.6219999999999285
875	0.5899999999999285
876	0.5829999999999285
877	0.6029999999999285
878	0.6339999999999285
879	0.6989999999999286
880	0.7299999999999286
881	0.7649999999999286
882	0.8069999999999287
883	0.8589999999999287
884	0.8959999999999287
885	0.9149999999999288
886	0.9469999999999288
887	0.9649999999999288
888	0.9819999999999288
889	0.9889999999999288
890	0.9939999999999288
891	0.9999999999999288
892	0.9989999999999288
893	0.9999999999999288
894	0.9379999999999288
895	0.7669999999999288
896	0.7209999999999288
897	0.6719999999999288
898	0.6219999999999287
899	0.5899999999999287
900	0.5829999999999287
901	0.6029999999999287
902	0.6339999999999287
903	0.6989999999999288
904	0.7299999999999288
905	0.7649999999999288
906	0.8069999999999289
907	0.8589999999999289
908	0.895999999999929
909	0.914999999999929
910	0.946999999999929
911	0.964999999999929
912	0.969999999999929
913	0.970999999999929
914	0.971999999999929
915	0.970999999999929
916	0.970999999999929
917	0.9009999999999291
918	0.6829999999999291
919	0.6129999999999292
920	0.5769999999999291
921	0.5399999999999291
922	0.4949999999999291
923	0.46799999999992914
924	0.45799999999992913
925	0.4509999999999291
926	0.46199999999992913
927	0.5349999999999291
928	0.6339999999999291
929	0.6579999999999291
930	0.6919999999999291
931	0.7649999999999291
932	0.8349999999999291
933	0.8909999999999292
934	0.9419999999999292
935	0.9649999999999292
936	0.9699999999999293
937	0.9709999999999293
938	0.9719999999999293
939	0.9709999999999293
940	0.9709999999999293
941	0.9009999999999293
942	0.6829999999999293
943	0.6129999999999294
944	0.5769999999999293
945	0.5399999999999293
946	0.49499999999992933
947	0.46799999999992936
948	0.45799999999992935
949	0.45099999999992935
950	0.46199999999992936
951	0.5349999999999293
952	0.6339999999999293
953	0.6579999999999293
954	0.6919999999999293
955	0.7649999999999293
956	0.8349999999999294
957	0.8909999999999294
958	0.9419999999999294
959	0.9649999999999295
960	0.9699999999999295
961	0.9709999999999295
962	0.9719999999999295
963	0.9709999999999295
964	0.9709999999999295
965	0.9009999999999295
966	0.6829999999999296
967	0.6129999999999296
968	0.5769999999999296
969	0.5399999999999295
970	0.49499999999992955
971	0.4679999999999296
972	0.4579999999999296
973	0.45099999999992957
974	0.4619999999999296
975	0.5349999999999295
976	0.6339999999999295
977	0.6579999999999295
978	0.6919999999999296
979	0.7649999999999295
980	0.8349999999999296
981	0.8909999999999296
982	0.9419999999999297
983	0.9649999999999297
984	0.9699999999999297
985	0.9709999999999297
986	0.9719999999999297
987	0.9709999999999297
988	0.9709999999999297
989	0.9009999999999297
990	0.6829999999999298
991	0.6129999999999298
992	0.5769999999999298
993	0.5399999999999298
994	0.4949999999999298
995	0.4679999999999298
996	0.4579999999999298
997	0.4509999999999298
998	0.4619999999999298
999	0.5349999999999298
1000	0.6339999999999297
1001	0.6579999999999298
1002	0.6919999999999298
1003	0.7649999999999297
1004	0.8349999999999298
1005	0.8909999999999298
1006	0.9419999999999299
1007	0.9649999999999299
1008	0.9699999999999299
1009	0.9709999999999299
1010	0.9719999999999299
1011	0.9709999999999299
1012	0.9709999999999299
1013	0.90099999999993
1014	0.68299999999993
1015	0.61299999999993
1016	0.57699999999993
1017	0.53999999999993
1018	0.49499999999993
1019	0.46799999999993
1020	0.45799999999993
1021	0.45099999999993
1022	0.46199999999993
1023	0.53499999999993
1024	0.63399999999993
1025	0.65799999999993
1026	0.69199999999993
1027	0.76499999999993
1028	0.83499999999993
1029	0.8909999999999301
1030	0.9419999999999301
1031	0.9649999999999301
1032	0.9819999999999302
1033	0.9889999999999302
1034	0.9939999999999302
1035	0.9999999999999302
1036	0.9989999999999302
1037	0.9999999999999302
1038	0.9379999999999301
1039	0.7669999999999302
1040	0.7209999999999301
1041	0.6719999999999301
1042	0.62199999999993
1043	0.58999999999993
1044	0.58299999999993
1045	0.60299999999993
1046	0.6339999999999301
1047	0.6989999999999301
1048	0.7299999999999301
1049	0.7649999999999302
1050	0.8069999999999302
1051	0.8589999999999303
1052	0.8959999999999303
1053	0.9149999999999303
1054	0.9469999999999303
1055	0.9649999999999304
1056	0.9819999999999304
1057	0.9889999999999304
1058	0.9939999999999304
1059	0.9999999999999304
1060	0.9989999999999304
1061	0.9999999999999304
1062	0.9379999999999303
1063	0.7669999999999304
1064	0.7209999999999304
1065	0.6719999999999303
1066	0.6219999999999303
1067	0.5899999999999302
1068	0.5829999999999302
1069	0.6029999999999303
1070	0.6339999999999303
1071	0.6989999999999303
1072	0.7299999999999304
1073	0.7649999999999304
1074	0.8069999999999304
1075	0.8589999999999305
1076	0.8959999999999305
1077	0.9149999999999305
1078	0.9469999999999306
1079	0.9649999999999306
1080	0.9699999999999306
1081	0.9709999999999306
1082	0.9719999999999306
1083	0.9709999999999306
1084	0.9709999999999306
1085	0.9009999999999306
1086	0.6829999999999307
1087	0.6129999999999307
1088	0.5769999999999307
1089	0.5399999999999306
1090	0.49499999999993066
1091	0.4679999999999307
1092	0.4579999999999307
1093	0.4509999999999307
1094	0.4619999999999307
1095	0.5349999999999306
1096	0.6339999999999306
1097	0.6579999999999306
1098	0.6919999999999307
1099	0.7649999999999306
1100	0.8349999999999307
1101	0.8909999999999307
1102	0.9419999999999308
1103	0.9649999999999308
1104	0.9699999999999308
1105	0.9709999999999308
1106	0.9719999999999308
1107	0.9709999999999308
1108	0.9709999999999308
1109	0.9009999999999309
1110	0.6829999999999309
1111	0.6129999999999309
1112	0.5769999999999309
1113	0.5399999999999309
1114	0.4949999999999309
1115	0.4679999999999309
1116	0.4579999999999309
1117	0.4509999999999309
1118	0.4619999999999309
1119	0.5349999999999309
1120	0.6339999999999308
1121	0.6579999999999309
1122	0.6919999999999309
1123	0.7649999999999308
1124	0.8349999999999309
1125	0.890999999999931
1126	0.941999999999931
1127	0.964999999999931
1128	0.969999999999931
1129	0.970999999999931
1130	0.971999999999931
1131	0.970999999999931
1132	0.970999999999931
1133	0.9009999999999311
1134	0.6829999999999311
1135	0.6129999999999312
1136	0.5769999999999311
1137	0.5399999999999311
1138	0.4949999999999311
1139	0.46799999999993114
1140	0.45799999999993113
1141	0.4509999999999311
1142	0.46199999999993113
1143	0.5349999999999311
1144	0.6339999999999311
1145	0.6579999999999311
1146	0.6919999999999311
1147	0.7649999999999311
1148	0.8349999999999311
1149	0.8909999999999312
1150	0.9419999999999312
1151	0.9649999999999312
1152	0.9699999999999313
1153	0.9709999999999313
1154	0.9719999999999313
1155	0.9709999999999313
1156	0.9709999999999313
1157	0.9009999999999313
1158	0.6829999999999313
1159	0.6129999999999314
1160	0.5769999999999313
1161	0.5399999999999313
1162	0.49499999999993133
1163	0.46799999999993136
1164	0.45799999999993135
1165	0.45099999999993134
1166	0.46199999999993135
1167	0.5349999999999313
1168	0.6339999999999313
1169	0.6579999999999313
1170	0.6919999999999313
1171	0.7649999999999313
1172	0.8349999999999314
1173	0.8909999999999314
1174	0.9419999999999314
1175	0.9649999999999315
1176	0.9699999999999315
1177	0.9709999999999315
1178	0.9719999999999315
1179	0.9709999999999315
1180	0.9709999999999315
1181	0.9009999999999315
1182	0.6829999999999316
1183	0.6129999999999316
1184	0.5769999999999316
1185	0.5399999999999315
1186	0.49499999999993155
1187	0.4679999999999316
1188	0.4579999999999316
1189	0.45099999999993157
1190	0.4619999999999316
1191	0.5349999999999315
1192	0.6339999999999315
1193	0.6579999999999315
1194	0.6919999999999316
1195	0.7649999999999315
1196	0.8349999999999316
1197	0.8909999999999316
1198	0.9419999999999317
1199	0.9649999999999317
1200	0.9819999999999317
1201	0.9889999999999317
1202	0.9939999999999317
1203	0.9999999999999317
1204	0.9989999999999317
1205	0.9999999999999317
1206	0.9379999999999317
1207	0.7669999999999317
1208	0.7209999999999317
1209	0.6719999999999317
1210	0.6219999999999316
1211	0.5899999999999316
1212	0.5829999999999316
1213	0.6029999999999316
1214	0.6339999999999316
1215	0.6989999999999317
1216	0.7299999999999317
1217	0.7649999999999317
1218	0.8069999999999318
1219	0.8589999999999318
1220	0.8959999999999319
1221	0.9149999999999319
1222	0.9469999999999319
1223	0.9649999999999319
1224	0.9819999999999319
1225	0.9889999999999319
1226	0.9939999999999319
1227	0.9999999999999319
1228	0.9989999999999319
1229	0.9999999999999319
1230	0.9379999999999319
1231	0.766999999999932
1232	0.7209999999999319
1233	0.6719999999999319
1234	0.6219999999999318
1235	0.5899999999999318
1236	0.5829999999999318
1237	0.6029999999999318
1238	0.6339999999999318
1239	0.6989999999999319
1240	0.7299999999999319
1241	0.764999999999932
1242	0.806999999999932
1243	0.858999999999932
1244	0.8959999999999321
1245	0.9149999999999321
1246	0.9469999999999321
1247	0.9649999999999321
1248	0.9699999999999321
1249	0.9709999999999321
1250	0.9719999999999321
1251	0.9709999999999321
1252	0.9709999999999321
1253	0.9009999999999322
1254	0.6829999999999322
1255	0.6129999999999323
1256	0.5769999999999322
1257	0.5399999999999322
1258	0.4949999999999322
1259	0.46799999999993225
1260	0.45799999999993224
1261	0.45099999999993223
1262	0.46199999999993224
1263	0.5349999999999322
1264	0.6339999999999322
1265	0.6579999999999322
1266	0.6919999999999322
1267	0.7649999999999322
1268	0.8349999999999322
1269	0.8909999999999323
1270	0.9419999999999323
1271	0.9649999999999324
1272	0.9699999999999324
1273	0.9709999999999324
1274	0.9719999999999324
1275	0.9709999999999324
1276	0.9709999999999324
1277	0.9009999999999324
1278	0.6829999999999324
1279	0.6129999999999325
1280	0.5769999999999325
1281	0.5399999999999324
1282	0.49499999999993244
1283	0.46799999999993247
1284	0.45799999999993246
1285	0.45099999999993245
1286	0.46199999999993246
1287	0.5349999999999324
1288	0.6339999999999324
1289	0.6579999999999324
1290	0.6919999999999324
1291	0.7649999999999324
1292	0.8349999999999325
1293	0.8909999999999325
1294	0.9419999999999326
1295	0.9649999999999326
1296	0.9699999999999326
1297	0.9709999999999326
1298	0.9719999999999326
1299	0.9709999999999326
1300	0.9709999999999326
1301	0.9009999999999326
1302	0.6829999999999327
1303	0.6129999999999327
1304	0.5769999999999327
1305	0.5399999999999326
1306	0.49499999999993266
1307	0.4679999999999327
1308	0.4579999999999327
1309	0.4509999999999327
1310	0.4619999999999327
1311	0.5349999999999326
1312	0.6339999999999326
1313	0.6579999999999326
1314	0.6919999999999327
1315	0.7649999999999326
1316	0.8349999999999327
1317	0.8909999999999327
1318	0.9419999999999328
1319	0.9649999999999328
1320	0.9699999999999328
1321	0.9709999999999328
1322	0.9719999999999328
1323	0.9709999999999328
1324	0.9709999999999328
1325	0.9009999999999329
1326	0.6829999999999329
1327	0.6129999999999329
1328	0.5769999999999329
1329	0.5399999999999329
1330	0.4949999999999329
1331	0.4679999999999329
1332	0.4579999999999329
1333	0.4509999999999329
1334	0.4619999999999329
1335	0.5349999999999329
1336	0.6339999999999328
1337	0.6579999999999329
1338	0.6919999999999329
1339	0.7649999999999328
1340	0.8349999999999329
1341	0.890999999999933
1342	0.941999999999933
1343	0.964999999999933
1344	0.969999999999933
1345	0.970999999999933
1346	0.971999999999933
1347	0.970999999999933
1348	0.970999999999933
1349	0.9009999999999331
1350	0.6829999999999331
1351	0.6129999999999332
1352	0.5769999999999331
1353	0.5399999999999331
1354	0.4949999999999331
1355	0.46799999999993314
1356	0.4579999999999331
1357	0.4509999999999331
1358	0.46199999999993313
1359	0.5349999999999331
1360	0.6339999999999331
1361	0.6579999999999331
1362	0.6919999999999331
1363	0.7649999999999331
1364	0.8349999999999331
1365	0.8909999999999332
1366	0.9419999999999332
1367	0.9649999999999332
1368	0.9819999999999333
1369	0.9889999999999333
1370	0.9939999999999333
1371	0.9999999999999333
1372	0.9989999999999333
1373	0.9999999999999333
1374	0.9379999999999332
1375	0.7669999999999333
1376	0.7209999999999332
1377	0.6719999999999332
1378	0.6219999999999332
1379	0.5899999999999331
1380	0.5829999999999331
1381	0.6029999999999331
1382	0.6339999999999332
1383	0.6989999999999332
1384	0.7299999999999333
1385	0.7649999999999333
1386	0.8069999999999333
1387	0.8589999999999334
1388	0.8959999999999334
1389	0.9149999999999334
1390	0.9469999999999335
1391	0.9649999999999335
1392	0.9819999999999335
1393	0.9889999999999335
1394	0.9939999999999335
1395	0.9999999999999335
1396	0.9989999999999335
1397	0.9999999999999335
1398	0.9379999999999334
1399	0.7669999999999335
1400	0.7209999999999335
1401	0.6719999999999334
1402	0.6219999999999334
1403	0.5899999999999334
1404	0.5829999999999333
1405	0.6029999999999334
1406	0.6339999999999334
1407	0.6989999999999335
1408	0.7299999999999335
1409	0.7649999999999335
1410	0.8069999999999335
1411	0.8589999999999336
1412	0.8959999999999336
1413	0.9149999999999336
1414	0.9469999999999337
1415	0.9649999999999337
1416	0.9699999999999337
1417	0.9709999999999337
1418	0.9719999999999337
1419	0.9709999999999337
1420	0.9709999999999337
1421	0.9009999999999337
1422	0.6829999999999338
1423	0.6129999999999338
1424	0.5769999999999338
1425	0.5399999999999338
1426	0.49499999999993377
1427	0.4679999999999338
1428	0.4579999999999338
1429	0.4509999999999338
1430	0.4619999999999338
1431	0.5349999999999338
1432	0.6339999999999337
1433	0.6579999999999337
1434	0.6919999999999338
1435	0.7649999999999337
1436	0.8349999999999338
1437	0.8909999999999338
1438	0.9419999999999339
1439	0.9649999999999339
1440	0.9699999999999339
1441	0.9709999999999339
1442	0.9719999999999339
1443	0.9709999999999339
1444	0.9709999999999339
1445	0.900999999999934
1446	0.682999999999934
1447	0.612999999999934
1448	0.576999999999934
1449	0.539999999999934
1450	0.494999999999934
1451	0.467999999999934
1452	0.457999999999934
1453	0.450999999999934
1454	0.461999999999934
1455	0.534999999999934
1456	0.633999999999934
1457	0.657999999999934
1458	0.691999999999934
1459	0.764999999999934
1460	0.834999999999934
1461	0.8909999999999341
1462	0.9419999999999341
1463	0.9649999999999341
1464	0.9699999999999341
1465	0.9709999999999341
1466	0.9719999999999341
1467	0.9709999999999341
1468	0.9709999999999341
1469	0.9009999999999342
1470	0.6829999999999342
1471	0.6129999999999343
1472	0.5769999999999342
1473	0.5399999999999342
1474	0.4949999999999342
1475	0.46799999999993425
1476	0.45799999999993424
1477	0.45099999999993423
1478	0.46199999999993424
1479	0.5349999999999342
1480	0.6339999999999342
1481	0.6579999999999342
1482	0.6919999999999342
1483	0.7649999999999342
1484	0.8349999999999342
1485	0.8909999999999343
1486	0.9419999999999343
1487	0.9649999999999344
1488	0.9699999999999344
1489	0.9709999999999344
1490	0.9719999999999344
1491	0.9709999999999344
1492	0.9709999999999344
1493	0.9009999999999344
1494	0.6829999999999344
1495	0.6129999999999345
1496	0.5769999999999345
1497	0.5399999999999344
1498	0.49499999999993444
1499	0.46799999999993447
1500	0.45799999999993446
1501	0.45099999999993445
1502	0.46199999999993446
1503	0.5349999999999344
1504	0.6339999999999344
1505	0.6579999999999344
1506	0.6919999999999344
1507	0.7649999999999344
1508	0.8349999999999345
1509	0.8909999999999345
1510	0.9419999999999346
1511	0.9649999999999346
1512	0.9699999999999346
1513	0.9709999999999346
1514	0.9719999999999346
1515	0.9709999999999346
1516	0.9709999999999346
1517	0.9009999999999346
1518	0.6829999999999347
1519	0.6129999999999347
1520	0.5769999999999347
1521	0.5399999999999346
1522	0.49499999999993466
1523	0.4679999999999347
1524	0.4579999999999347
1525	0.4509999999999347
1526	0.4619999999999347
1527	0.5349999999999346
1528	0.6339999999999346
1529	0.6579999999999346
1530	0.6919999999999347
1531	0.7649999999999346
1532	0.8349999999999347
1533	0.8909999999999347
1534	0.9419999999999348
1535	0.9649999999999348
1536	0.9819999999999348
1537	0.9889999999999348
1538	0.9939999999999348
1539	0.9999999999999348
1540	0.9989999999999348
1541	0.9999999999999348
1542	0.9379999999999348
1543	0.7669999999999348
1544	0.7209999999999348
1545	0.6719999999999348
1546	0.6219999999999347
1547	0.5899999999999347
1548	0.5829999999999347
1549	0.6029999999999347
1550	0.6339999999999347
1551	0.6989999999999348
1552	0.7299999999999348
1553	0.7649999999999348
1554	0.8069999999999349
1555	0.8589999999999349
1556	0.895999999999935
1557	0.914999999999935
1558	0.946999999999935
1559	0.964999999999935
1560	0.981999999999935
1561	0.988999999999935
1562	0.993999999999935
1563	0.999999999999935
1564	0.998999999999935
1565	0.999999999999935
1566	0.937999999999935
1567	0.7669999999999351
1568	0.720999999999935
1569	0.671999999999935
1570	0.6219999999999349
1571	0.5899999999999349
1572	0.5829999999999349
1573	0.6029999999999349
1574	0.633999999999935
1575	0.698999999999935
1576	0.729999999999935
1577	0.7649999999999351
1578	0.8069999999999351
1579	0.8589999999999351
1580	0.8959999999999352
1581	0.9149999999999352
1582	0.9469999999999352
1583	0.9649999999999352
1584	0.9699999999999352
1585	0.9709999999999352
1586	0.9719999999999352
1587	0.9709999999999352
1588	0.9709999999999352
1589	0.9009999999999353
1590	0.6829999999999353
1591	0.6129999999999354
1592	0.5769999999999353
1593	0.5399999999999353
1594	0.4949999999999353
1595	0.46799999999993536
1596	0.45799999999993535
1597	0.45099999999993534
1598	0.46199999999993535
1599	0.5349999999999353
1600	0.6339999999999353
1601	0.6579999999999353
1602	0.6919999999999353
1603	0.7649999999999353
1604	0.8349999999999353
1605	0.8909999999999354
1606	0.9419999999999354
1607	0.9649999999999355
1608	0.9699999999999355
1609	0.9709999999999355
1610	0.9719999999999355
1611	0.9709999999999355
1612	0.9709999999999355
1613	0.9009999999999355
1614	0.6829999999999355
1615	0.6129999999999356
1616	0.5769999999999356
1617	0.5399999999999355
1618	0.49499999999993555
1619	0.4679999999999356
1620	0.45799999999993557
1621	0.45099999999993556
1622	0.4619999999999356
1623	0.5349999999999355
1624	0.6339999999999355
1625	0.6579999999999355
1626	0.6919999999999356
1627	0.7649999999999355
1628	0.8349999999999356
1629	0.8909999999999356
1630	0.9419999999999357
1631	0.9649999999999357
1632	0.9699999999999357
1633	0.9709999999999357
1634	0.9719999999999357
1635	0.9709999999999357
1636	0.9709999999999357
1637	0.9009999999999357
1638	0.6829999999999358
1639	0.6129999999999358
1640	0.5769999999999358
1641	0.5399999999999358
1642	0.49499999999993577
1643	0.4679999999999358
1644	0.4579999999999358
1645	0.4509999999999358
1646	0.4619999999999358
1647	0.5349999999999357
1648	0.6339999999999357
1649	0.6579999999999357
1650	0.6919999999999358
1651	0.7649999999999357
1652	0.8349999999999358
1653	0.8909999999999358
1654	0.9419999999999359
1655	0.9649999999999359
1656	0.9699999999999359
1657	0.9709999999999359
1658	0.9719999999999359
1659	0.9709999999999359
1660	0.9709999999999359
1661	0.900999999999936
1662	0.682999999999936
1663	0.612999999999936
1664	0.576999999999936
1665	0.539999999999936
1666	0.494999999999936
1667	0.467999999999936
1668	0.457999999999936
1669	0.450999999999936
1670	0.461999999999936
1671	0.534999999999936
1672	0.633999999999936
1673	0.657999999999936
1674	0.691999999999936
1675	0.764999999999936
1676	0.834999999999936
1677	0.8909999999999361
1678	0.9419999999999361
1679	0.9649999999999361
1680	0.9699999999999361
1681	0.9709999999999361
1682	0.9719999999999361
1683	0.9709999999999361
1684	0.9709999999999361
1685	0.9009999999999362
1686	0.6829999999999362
1687	0.6129999999999363
1688	0.5769999999999362
1689	0.5399999999999362
1690	0.4949999999999362
1691	0.46799999999993624
1692	0.45799999999993624
1693	0.45099999999993623
1694	0.46199999999993624
1695	0.5349999999999362
1696	0.6339999999999362
1697	0.6579999999999362
1698	0.6919999999999362
1699	0.7649999999999362
1700	0.8349999999999362
1701	0.8909999999999363
1702	0.9419999999999363
1703	0.9649999999999364
1704	0.9819999999999364
1705	0.9889999999999364
1706	0.9939999999999364
1707	0.9999999999999364
1708	0.9989999999999364
1709	0.9999999999999364
1710	0.9379999999999363
1711	0.7669999999999364
1712	0.7209999999999364
1713	0.6719999999999363
1714	0.6219999999999363
1715	0.5899999999999362
1716	0.5829999999999362
1717	0.6029999999999363
1718	0.6339999999999363
1719	0.6989999999999363
1720	0.7299999999999364
1721	0.7649999999999364
1722	0.8069999999999364
1723	0.8589999999999365
1724	0.8959999999999365
1725	0.9149999999999365
1726	0.9469999999999366
1727	0.9649999999999366
1728	0.9819999999999366
1729	0.9889999999999366
1730	0.9939999999999366
1731	0.9999999999999366
1732	0.9989999999999366
1733	0.9999999999999366
1734	0.9379999999999366
1735	0.7669999999999366
1736	0.7209999999999366
1737	0.6719999999999365
1738	0.6219999999999365
1739	0.5899999999999365
1740	0.5829999999999365
1741	0.6029999999999365
1742	0.6339999999999365
1743	0.6989999999999366
1744	0.7299999999999366
1745	0.7649999999999366
1746	0.8069999999999367
1747	0.8589999999999367
1748	0.8959999999999367
1749	0.9149999999999368
1750	0.9469999999999368
1751	0.9649999999999368
1752	0.9699999999999368
1753	0.9709999999999368
1754	0.9719999999999368
1755	0.9709999999999368
1756	0.9709999999999368
1757	0.9009999999999369
1758	0.6829999999999369
1759	0.6129999999999369
1760	0.5769999999999369
1761	0.5399999999999369
1762	0.4949999999999369
1763	0.4679999999999369
1764	0.4579999999999369
1765	0.4509999999999369
1766	0.4619999999999369
1767	0.5349999999999369
1768	0.6339999999999368
1769	0.6579999999999369
1770	0.6919999999999369
1771	0.7649999999999368
1772	0.8349999999999369
1773	0.890999999999937
1774	0.941999999999937
1775	0.964999999999937
1776	0.969999999999937
1777	0.970999999999937
1778	0.971999999999937
1779	0.970999999999937
1780	0.970999999999937
1781	0.9009999999999371
1782	0.6829999999999371
1783	0.6129999999999372
1784	0.5769999999999371
1785	0.5399999999999371
1786	0.4949999999999371
1787	0.46799999999993713
1788	0.4579999999999371
1789	0.4509999999999371
1790	0.4619999999999371
1791	0.5349999999999371
1792	0.6339999999999371
1793	0.6579999999999371
1794	0.6919999999999371
1795	0.7649999999999371
1796	0.8349999999999371
1797	0.8909999999999372
1798	0.9419999999999372
1799	0.9649999999999372
1800	0.9699999999999372
1801	0.9709999999999372
1802	0.9719999999999372
1803	0.9709999999999372
1804	0.9709999999999372
1805	0.9009999999999373
1806	0.6829999999999373
1807	0.6129999999999374
1808	0.5769999999999373
1809	0.5399999999999373
1810	0.4949999999999373
1811	0.46799999999993735
1812	0.45799999999993735
1813	0.45099999999993734
1814	0.46199999999993735
1815	0.5349999999999373
1816	0.6339999999999373
1817	0.6579999999999373
1818	0.6919999999999373
1819	0.7649999999999373
1820	0.8349999999999373
1821	0.8909999999999374
1822	0.9419999999999374
1823	0.9649999999999375
1824	0.9699999999999375
1825	0.9709999999999375
1826	0.9719999999999375
1827	0.9709999999999375
1828	0.9709999999999375
1829	0.9009999999999375
1830	0.6829999999999375
1831	0.6129999999999376
1832	0.5769999999999376
1833	0.5399999999999375
1834	0.49499999999993755
1835	0.4679999999999376
1836	0.45799999999993757
1837	0.45099999999993756
1838	0.46199999999993757
1839	0.5349999999999375
1840	0.6339999999999375
1841	0.6579999999999375
1842	0.6919999999999376
1843	0.7649999999999375
1844	0.8349999999999376
1845	0.8909999999999376
1846	0.9419999999999377
1847	0.9649999999999377
1848	0.9699999999999377
1849	0.9709999999999377
1850	0.9719999999999377
1851	0.9709999999999377
1852	0.9709999999999377
1853	0.9009999999999377
1854	0.6829999999999378
1855	0.6129999999999378
1856	0.5769999999999378
1857	0.5399999999999378
1858	0.49499999999993777
1859	0.4679999999999378
1860	0.4579999999999378
1861	0.4509999999999378
1862	0.4619999999999378
1863	0.5349999999999377
1864	0.6339999999999377
1865	0.6579999999999377
1866	0.6919999999999378
1867	0.7649999999999377
1868	0.8349999999999378
1869	0.8909999999999378
1870	0.9419999999999379
1871	0.9649999999999379
1872	0.9819999999999379
1873	0.9889999999999379
1874	0.9939999999999379
1875	0.9999999999999379
1876	0.9989999999999379
1877	0.9999999999999379
1878	0.9379999999999379
1879	0.766999999999938
1880	0.7209999999999379
1881	0.6719999999999379
1882	0.6219999999999378
1883	0.5899999999999378
1884	0.5829999999999378
1885	0.6029999999999378
1886	0.6339999999999378
1887	0.6989999999999379
1888	0.7299999999999379
1889	0.764999999999938
1890	0.806999999999938
1891	0.858999999999938
1892	0.8959999999999381
1893	0.9149999999999381
1894	0.9469999999999381
1895	0.9649999999999381
1896	0.9819999999999381
1897	0.9889999999999382
1898	0.9939999999999382
1899	0.9999999999999382
1900	0.9989999999999382
1901	0.9999999999999382
1902	0.9379999999999381
1903	0.7669999999999382
1904	0.7209999999999381
1905	0.6719999999999381
1906	0.621999999999938
1907	0.589999999999938
1908	0.582999999999938
1909	0.602999999999938
1910	0.6339999999999381
1911	0.6989999999999381
1912	0.7299999999999381
1913	0.7649999999999382
1914	0.8069999999999382
1915	0.8589999999999383
1916	0.8959999999999383
1917	0.9149999999999383
1918	0.9469999999999383
1919	0.9649999999999384
1920	0.9699999999999384
1921	0.9709999999999384
1922	0.9719999999999384
1923	0.9709999999999384
1924	0.9709999999999384
1925	0.9009999999999384
1926	0.6829999999999384
1927	0.6129999999999385
1928	0.5769999999999385
1929	0.5399999999999384
1930	0.49499999999993843
1931	0.46799999999993847
1932	0.45799999999993846
1933	0.45099999999993845
1934	0.46199999999993846
1935	0.5349999999999384
1936	0.6339999999999384
1937	0.6579999999999384
1938	0.6919999999999384
1939	0.7649999999999384
1940	0.8349999999999385
1941	0.8909999999999385
1942	0.9419999999999386
1943	0.9649999999999386
1944	0.9699999999999386
1945	0.9709999999999386
1946	0.9719999999999386
1947	0.9709999999999386
1948	0.9709999999999386
1949	0.9009999999999386
1950	0.6829999999999387
1951	0.6129999999999387
1952	0.5769999999999387
1953	0.5399999999999386
1954	0.49499999999993866
1955	0.4679999999999387
1956	0.4579999999999387
1957	0.45099999999993867
1958	0.4619999999999387
1959	0.5349999999999386
1960	0.6339999999999386
1961	0.6579999999999386
1962	0.6919999999999387
1963	0.7649999999999386
1964	0.8349999999999387
1965	0.8909999999999387
1966	0.9419999999999388
1967	0.9649999999999388
1968	0.9699999999999388
1969	0.9709999999999388
1970	0.9719999999999388
1971	0.9709999999999388
1972	0.9709999999999388
1973	0.9009999999999388
1974	0.6829999999999389
1975	0.6129999999999389
1976	0.5769999999999389
1977	0.5399999999999389
1978	0.4949999999999389
1979	0.4679999999999389
1980	0.4579999999999389
1981	0.4509999999999389
1982	0.4619999999999389
1983	0.5349999999999389
1984	0.6339999999999388
1985	0.6579999999999389
1986	0.6919999999999389
1987	0.7649999999999388
1988	0.8349999999999389
1989	0.890999999999939
1990	0.941999999999939
1991	0.964999999999939
1992	0.969999999999939
1993	0.970999999999939
1994	0.971999999999939
1995	0.970999999999939
1996	0.970999999999939
1997	0.9009999999999391
1998	0.6829999999999391
1999	0.6129999999999391
2000	0.5769999999999391
2001	0.5399999999999391
2002	0.4949999999999391
2003	0.46799999999993913
2004	0.4579999999999391
2005	0.4509999999999391
2006	0.4619999999999391
2007	0.5349999999999391
2008	0.6339999999999391
2009	0.6579999999999391
2010	0.6919999999999391
2011	0.7649999999999391
2012	0.8349999999999391
2013	0.8909999999999392
2014	0.9419999999999392
2015	0.9649999999999392
2016	0.9699999999999392
2017	0.9709999999999392
2018	0.9719999999999392
2019	0.9709999999999392
2020	0.9709999999999392
2021	0.9009999999999393
2022	0.6829999999999393
2023	0.6129999999999394
2024	0.5769999999999393
2025	0.5399999999999393
2026	0.4949999999999393
2027	0.46799999999993935
2028	0.45799999999993934
2029	0.45099999999993934
2030	0.46199999999993935
2031	0.5349999999999393
2032	0.6339999999999393
2033	0.6579999999999393
2034	0.6919999999999393
2035	0.7649999999999393
2036	0.8349999999999393
2037	0.8909999999999394
2038	0.9419999999999394
2039	0.9649999999999395
2040	0.9819999999999395
2041	0.9889999999999395
2042	0.9939999999999395
2043	0.9999999999999395
2044	0.9989999999999395
2045	0.9999999999999395
2046	0.9379999999999394
2047	0.7669999999999395
2048	0.7209999999999395
2049	0.6719999999999394
2050	0.6219999999999394
2051	0.5899999999999394
2052	0.5829999999999393
2053	0.6029999999999394
2054	0.6339999999999394
2055	0.6989999999999394
2056	0.7299999999999395
2057	0.7649999999999395
2058	0.8069999999999395
2059	0.8589999999999396
2060	0.8959999999999396
2061	0.9149999999999396
2062	0.9469999999999397
2063	0.9649999999999397
2064	0.9819999999999397
2065	0.9889999999999397
2066	0.9939999999999397
2067	0.9999999999999397
2068	0.9989999999999397
2069	0.9999999999999397
2070	0.9379999999999397
2071	0.7669999999999397
2072	0.7209999999999397
2073	0.6719999999999396
2074	0.6219999999999396
2075	0.5899999999999396
2076	0.5829999999999396
2077	0.6029999999999396
2078	0.6339999999999396
2079	0.6989999999999397
2080	0.7299999999999397
2081	0.7649999999999397
2082	0.8069999999999398
2083	0.8589999999999398
2084	0.8959999999999398
2085	0.9149999999999399
2086	0.9469999999999399
2087	0.9649999999999399
2088	0.9699999999999399
2089	0.9709999999999399
2090	0.9719999999999399
2091	0.9709999999999399
2092	0.9709999999999399
2093	0.90099999999994
2094	0.68299999999994
2095	0.61299999999994
2096	0.57699999999994
2097	0.53999999999994
2098	0.49499999999994
2099	0.46799999999994
2100	0.45799999999994
2101	0.45099999999994
2102	0.46199999999994
2103	0.53499999999994
2104	0.63399999999994
2105	0.65799999999994
2106	0.69199999999994
2107	0.76499999999994
2108	0.83499999999994
2109	0.8909999999999401
2110	0.9419999999999401
2111	0.9649999999999401
2112	0.9699999999999401
2113	0.9709999999999401
2114	0.9719999999999401
2115	0.9709999999999401
2116	0.9709999999999401
2117	0.9009999999999402
2118	0.6829999999999402
2119	0.6129999999999403
2120	0.5769999999999402
2121	0.5399999999999402
2122	0.4949999999999402
2123	0.46799999999994024
2124	0.45799999999994023
2125	0.4509999999999402
2126	0.46199999999994024
2127	0.5349999999999402
2128	0.6339999999999402
2129	0.6579999999999402
2130	0.6919999999999402
2131	0.7649999999999402
2132	0.8349999999999402
2133	0.8909999999999403
2134	0.9419999999999403
2135	0.9649999999999403
2136	0.9699999999999404
2137	0.9709999999999404
2138	0.9719999999999404
2139	0.9709999999999404
2140	0.9709999999999404
2141	0.9009999999999404
2142	0.6829999999999404
2143	0.6129999999999405
2144	0.5769999999999404
2145	0.5399999999999404
2146	0.49499999999994043
2147	0.46799999999994046
2148	0.45799999999994045
2149	0.45099999999994045
2150	0.46199999999994046
2151	0.5349999999999404
2152	0.6339999999999404
2153	0.6579999999999404
2154	0.6919999999999404
2155	0.7649999999999404
2156	0.8349999999999405
2157	0.8909999999999405
2158	0.9419999999999406
2159	0.9649999999999406
2160	0.9699999999999406
2161	0.9709999999999406
2162	0.9719999999999406
2163	0.9709999999999406
2164	0.9709999999999406
2165	0.9009999999999406
2166	0.6829999999999407
2167	0.6129999999999407
2168	0.5769999999999407
2169	0.5399999999999406
2170	0.49499999999994065
2171	0.4679999999999407
2172	0.4579999999999407
2173	0.45099999999994067
2174	0.4619999999999407
2175	0.5349999999999406
2176	0.6339999999999406
2177	0.6579999999999406
2178	0.6919999999999407
2179	0.7649999999999406
2180	0.8349999999999407
2181	0.8909999999999407
2182	0.9419999999999408
2183	0.9649999999999408
2184	0.9699999999999408
2185	0.9709999999999408
2186	0.9719999999999408
2187	0.9709999999999408
2188	0.9709999999999408
2189	0.9009999999999408
2190	0.6829999999999409
2191	0.6129999999999409
2192	0.5769999999999409
2193	0.5399999999999409
2194	0.4949999999999409
2195	0.4679999999999409
2196	0.4579999999999409
2197	0.4509999999999409
2198	0.4619999999999409
2199	0.5349999999999409
2200	0.6339999999999408
2201	0.6579999999999409
2202	0.6919999999999409
2203	0.7649999999999408
2204	0.8349999999999409
2205	0.890999999999941
2206	0.941999999999941
2207	0.964999999999941
2208	0.981999999999941
2209	0.988999999999941
2210	0.993999999999941
2211	0.999999999999941
2212	0.998999999999941
2213	0.999999999999941
2214	0.937999999999941
2215	0.7669999999999411
2216	0.720999999999941
2217	0.671999999999941
2218	0.6219999999999409
2219	0.5899999999999409
2220	0.5829999999999409
2221	0.6029999999999409
2222	0.6339999999999409
2223	0.698999999999941
2224	0.729999999999941
2225	0.7649999999999411
2226	0.8069999999999411
2227	0.8589999999999411
2228	0.8959999999999412
2229	0.9149999999999412
2230	0.9469999999999412
2231	0.9649999999999412
2232	0.9819999999999413
2233	0.9889999999999413
2234	0.9939999999999413
2235	0.9999999999999413
2236	0.9989999999999413
2237	0.9999999999999413
2238	0.9379999999999412
2239	0.7669999999999413
2240	0.7209999999999412
2241	0.6719999999999412
2242	0.6219999999999412
2243	0.5899999999999411
2244	0.5829999999999411
2245	0.6029999999999411
2246	0.6339999999999412
2247	0.6989999999999412
2248	0.7299999999999413
2249	0.7649999999999413
2250	0.8069999999999413
2251	0.8589999999999414
2252	0.8959999999999414
2253	0.9149999999999414
2254	0.9469999999999414
2255	0.9649999999999415
2256	0.9699999999999415
2257	0.9709999999999415
2258	0.9719999999999415
2259	0.9709999999999415
2260	0.9709999999999415
2261	0.9009999999999415
2262	0.6829999999999415
2263	0.6129999999999416
2264	0.5769999999999416
2265	0.5399999999999415
2266	0.49499999999994154
2267	0.4679999999999416
2268	0.45799999999994156
2269	0.45099999999994156
2270	0.46199999999994157
2271	0.5349999999999415
2272	0.6339999999999415
2273	0.6579999999999415
2274	0.6919999999999416
2275	0.7649999999999415
2276	0.8349999999999416
2277	0.8909999999999416
2278	0.9419999999999417
2279	0.9649999999999417
2280	0.9699999999999417
2281	0.9709999999999417
2282	0.9719999999999417
2283	0.9709999999999417
2284	0.9709999999999417
2285	0.9009999999999417
2286	0.6829999999999418
2287	0.6129999999999418
2288	0.5769999999999418
2289	0.5399999999999417
2290	0.49499999999994176
2291	0.4679999999999418
2292	0.4579999999999418
2293	0.4509999999999418
2294	0.4619999999999418
2295	0.5349999999999417
2296	0.6339999999999417
2297	0.6579999999999417
2298	0.6919999999999418
2299	0.7649999999999417
2300	0.8349999999999418
2301	0.8909999999999418
2302	0.9419999999999419
2303	0.9649999999999419
2304	0.9699999999999419
2305	0.9709999999999419
2306	0.9719999999999419
2307	0.9709999999999419
2308	0.9709999999999419
2309	0.900999999999942
2310	0.682999999999942
2311	0.612999999999942
2312	0.576999999999942
2313	0.539999999999942
2314	0.494999999999942
2315	0.467999999999942
2316	0.457999999999942
2317	0.450999999999942
2318	0.461999999999942
2319	0.534999999999942
2320	0.6339999999999419
2321	0.657999999999942
2322	0.691999999999942
2323	0.764999999999942
2324	0.834999999999942
2325	0.8909999999999421
2326	0.9419999999999421
2327	0.9649999999999421
2328	0.9699999999999421
2329	0.9709999999999421
2330	0.9719999999999421
2331	0.9709999999999421
2332	0.9709999999999421
2333	0.9009999999999422
2334	0.6829999999999422
2335	0.6129999999999423
2336	0.5769999999999422
2337	0.5399999999999422
2338	0.4949999999999422
2339	0.46799999999994224
2340	0.45799999999994223
2341	0.4509999999999422
2342	0.46199999999994223
2343	0.5349999999999422
2344	0.6339999999999422
2345	0.6579999999999422
2346	0.6919999999999422
2347	0.7649999999999422
2348	0.8349999999999422
2349	0.8909999999999423
2350	0.9419999999999423
2351	0.9649999999999423
2352	0.9699999999999424
2353	0.9709999999999424
2354	0.9719999999999424
2355	0.9709999999999424
2356	0.9709999999999424
2357	0.9009999999999424
2358	0.6829999999999424
2359	0.6129999999999425
2360	0.5769999999999424
2361	0.5399999999999424
2362	0.49499999999994243
2363	0.46799999999994246
2364	0.45799999999994245
2365	0.45099999999994245
2366	0.46199999999994246
2367	0.5349999999999424
2368	0.6339999999999424
2369	0.6579999999999424
2370	0.6919999999999424
2371	0.7649999999999424
2372	0.8349999999999425
2373	0.8909999999999425
2374	0.9419999999999425
2375	0.9649999999999426
2376	0.9819999999999426
2377	0.9889999999999426
2378	0.9939999999999426
2379	0.9999999999999426
2380	0.9989999999999426
2381	0.9999999999999426
2382	0.9379999999999425
2383	0.7669999999999426
2384	0.7209999999999426
2385	0.6719999999999425
2386	0.6219999999999425
2387	0.5899999999999425
2388	0.5829999999999425
2389	0.6029999999999425
2390	0.6339999999999425
2391	0.6989999999999426
2392	0.7299999999999426
2393	0.7649999999999426
2394	0.8069999999999427
2395	0.8589999999999427
2396	0.8959999999999427
2397	0.9149999999999427
2398	0.9469999999999428
2399	0.9649999999999428
2400	0.9819999999999428
2401	0.9889999999999428
2402	0.9939999999999428
2403	0.9999999999999428
2404	0.9989999999999428
2405	0.9999999999999428
2406	0.9379999999999428
2407	0.7669999999999428
2408	0.7209999999999428
2409	0.6719999999999428
2410	0.6219999999999427
2411	0.5899999999999427
2412	0.5829999999999427
2413	0.6029999999999427
2414	0.6339999999999427
2415	0.6989999999999428
2416	0.7299999999999428
2417	0.7649999999999428
2418	0.8069999999999429
2419	0.8589999999999429
2420	0.895999999999943
2421	0.914999999999943
2422	0.946999999999943
2423	0.964999999999943
2424	0.969999999999943
2425	0.970999999999943
2426	0.971999999999943
2427	0.970999999999943
2428	0.970999999999943
2429	0.9009999999999431
2430	0.6829999999999431
2431	0.6129999999999431
2432	0.5769999999999431
2433	0.5399999999999431
2434	0.4949999999999431
2435	0.46799999999994313
2436	0.4579999999999431
2437	0.4509999999999431
2438	0.4619999999999431
2439	0.5349999999999431
2440	0.633999999999943
2441	0.6579999999999431
2442	0.6919999999999431
2443	0.7649999999999431
2444	0.8349999999999431
2445	0.8909999999999432
2446	0.9419999999999432
2447	0.9649999999999432
2448	0.9699999999999432
2449	0.9709999999999432
2450	0.9719999999999432
2451	0.9709999999999432
2452	0.9709999999999432
2453	0.9009999999999433
2454	0.6829999999999433
2455	0.6129999999999434
2456	0.5769999999999433
2457	0.5399999999999433
2458	0.4949999999999433
2459	0.46799999999994335
2460	0.45799999999994334
2461	0.45099999999994334
2462	0.46199999999994334
2463	0.5349999999999433
2464	0.6339999999999433
2465	0.6579999999999433
2466	0.6919999999999433
2467	0.7649999999999433
2468	0.8349999999999433
2469	0.8909999999999434
2470	0.9419999999999434
2471	0.9649999999999435
2472	0.9699999999999435
2473	0.9709999999999435
2474	0.9719999999999435
2475	0.9709999999999435
2476	0.9709999999999435
2477	0.9009999999999435
2478	0.6829999999999435
2479	0.6129999999999436
2480	0.5769999999999436
2481	0.5399999999999435
2482	0.49499999999994354
2483	0.4679999999999436
2484	0.45799999999994356
2485	0.45099999999994356
2486	0.46199999999994357
2487	0.5349999999999435
2488	0.6339999999999435
2489	0.6579999999999435
2490	0.6919999999999435
2491	0.7649999999999435
2492	0.8349999999999436
2493	0.8909999999999436
2494	0.9419999999999437
2495	0.9649999999999437
2496	0.9699999999999437
2497	0.9709999999999437
2498	0.9719999999999437
2499	0.9709999999999437
2500	0.9709999999999437
2501	0.9009999999999437
2502	0.6829999999999438
2503	0.6129999999999438
2504	0.5769999999999438
2505	0.5399999999999437
2506	0.49499999999994376
2507	0.4679999999999438
2508	0.4579999999999438
2509	0.4509999999999438
2510	0.4619999999999438
2511	0.5349999999999437
2512	0.6339999999999437
2513	0.6579999999999437
2514	0.6919999999999438
2515	0.7649999999999437
2516	0.8349999999999438
2517	0.8909999999999438
2518	0.9419999999999439
2519	0.9649999999999439
2520	0.9699999999999439
2521	0.9709999999999439
2522	0.9719999999999439
2523	0.9709999999999439
2524	0.9709999999999439
2525	0.900999999999944
2526	0.682999999999944
2527	0.612999999999944
2528	0.576999999999944
2529	0.539999999999944
2530	0.494999999999944
2531	0.467999999999944
2532	0.457999999999944
2533	0.450999999999944
2534	0.461999999999944
2535	0.534999999999944
2536	0.6339999999999439
2537	0.657999999999944
2538	0.691999999999944
2539	0.764999999999944
2540	0.834999999999944
2541	0.8909999999999441
2542	0.9419999999999441
2543	0.9649999999999441
2544	0.9819999999999441
2545	0.9889999999999441
2546	0.9939999999999442
2547	0.9999999999999442
2548	0.9989999999999442
2549	0.9999999999999442
2550	0.9379999999999441
2551	0.7669999999999442
2552	0.7209999999999441
2553	0.6719999999999441
2554	0.621999999999944
2555	0.589999999999944
2556	0.582999999999944
2557	0.602999999999944
2558	0.633999999999944
2559	0.6989999999999441
2560	0.7299999999999441
2561	0.7649999999999442
2562	0.8069999999999442
2563	0.8589999999999443
2564	0.8959999999999443
2565	0.9149999999999443
2566	0.9469999999999443
2567	0.9649999999999443
2568	0.9819999999999444
2569	0.9889999999999444
2570	0.9939999999999444
2571	0.9999999999999444
2572	0.9989999999999444
2573	0.9999999999999444
2574	0.9379999999999443
2575	0.7669999999999444
2576	0.7209999999999444
2577	0.6719999999999443
2578	0.6219999999999443
2579	0.5899999999999442
2580	0.5829999999999442
2581	0.6029999999999442
2582	0.6339999999999443
2583	0.6989999999999443
2584	0.7299999999999444
2585	0.7649999999999444
2586	0.8069999999999444
2587	0.8589999999999445
2588	0.8959999999999445
2589	0.9149999999999445
2590	0.9469999999999446
2591	0.9649999999999446
2592	0.9699999999999446
2593	0.9709999999999446
2594	0.9719999999999446
2595	0.9709999999999446
2596	0.9709999999999446
2597	0.9009999999999446
2598	0.6829999999999447
2599	0.6129999999999447
2600	0.5769999999999447
2601	0.5399999999999446
2602	0.49499999999994465
2603	0.4679999999999447
2604	0.4579999999999447
2605	0.45099999999994467
2606	0.4619999999999447
2607	0.5349999999999446
2608	0.6339999999999446
2609	0.6579999999999446
2610	0.6919999999999447
2611	0.7649999999999446
2612	0.8349999999999447
2613	0.8909999999999447
2614	0.9419999999999448
2615	0.9649999999999448
2616	0.9699999999999448
2617	0.9709999999999448
2618	0.9719999999999448
2619	0.9709999999999448
2620	0.9709999999999448
2621	0.9009999999999448
2622	0.6829999999999449
2623	0.6129999999999449
2624	0.5769999999999449
2625	0.5399999999999449
2626	0.4949999999999449
2627	0.4679999999999449
2628	0.4579999999999449
2629	0.4509999999999449
2630	0.4619999999999449
2631	0.5349999999999449
2632	0.6339999999999448
2633	0.6579999999999449
2634	0.6919999999999449
2635	0.7649999999999448
2636	0.8349999999999449
2637	0.890999999999945
2638	0.941999999999945
2639	0.964999999999945
2640	0.969999999999945
2641	0.970999999999945
2642	0.971999999999945
2643	0.970999999999945
2644	0.970999999999945
2645	0.9009999999999451
2646	0.6829999999999451
2647	0.6129999999999451
2648	0.5769999999999451
2649	0.5399999999999451
2650	0.4949999999999451
2651	0.4679999999999451
2652	0.4579999999999451
2653	0.4509999999999451
2654	0.4619999999999451
2655	0.5349999999999451
2656	0.633999999999945
2657	0.6579999999999451
2658	0.6919999999999451
2659	0.7649999999999451
2660	0.8349999999999451
2661	0.8909999999999452
2662	0.9419999999999452
2663	0.9649999999999452
2664	0.9699999999999452
2665	0.9709999999999452
2666	0.9719999999999452
2667	0.9709999999999452
2668	0.9709999999999452
2669	0.9009999999999453
2670	0.6829999999999453
2671	0.6129999999999454
2672	0.5769999999999453
2673	0.5399999999999453
2674	0.4949999999999453
2675	0.46799999999994535
2676	0.45799999999994534
2677	0.45099999999994533
2678	0.46199999999994534
2679	0.5349999999999453
2680	0.6339999999999453
2681	0.6579999999999453
2682	0.6919999999999453
2683	0.7649999999999453
2684	0.8349999999999453
2685	0.8909999999999454
2686	0.9419999999999454
2687	0.9649999999999455
2688	0.9699999999999455
2689	0.9709999999999455
2690	0.9719999999999455
2691	0.9709999999999455
2692	0.9709999999999455
2693	0.9009999999999455
2694	0.6829999999999455
2695	0.6129999999999456
2696	0.5769999999999456
2697	0.5399999999999455
2698	0.49499999999994554
2699	0.46799999999994557
2700	0.45799999999994556
2701	0.45099999999994556
2702	0.46199999999994557
2703	0.5349999999999455
2704	0.6339999999999455
2705	0.6579999999999455
2706	0.6919999999999455
2707	0.7649999999999455
2708	0.8349999999999456
2709	0.8909999999999456
2710	0.9419999999999457
2711	0.9649999999999457
2712	0.9819999999999457
2713	0.9889999999999457
2714	0.9939999999999457
2715	0.9999999999999457
2716	0.9989999999999457
2717	0.9999999999999457
2718	0.9379999999999457
2719	0.7669999999999457
2720	0.7209999999999457
2721	0.6719999999999456
2722	0.6219999999999456
2723	0.5899999999999456
2724	0.5829999999999456
2725	0.6029999999999456
2726	0.6339999999999456
2727	0.6989999999999457
2728	0.7299999999999457
2729	0.7649999999999457
2730	0.8069999999999458
2731	0.8589999999999458
2732	0.8959999999999458
2733	0.9149999999999459
2734	0.9469999999999459
2735	0.9649999999999459
2736	0.9819999999999459
2737	0.9889999999999459
2738	0.9939999999999459
2739	0.9999999999999459
2740	0.9989999999999459
2741	0.9999999999999459
2742	0.9379999999999459
2743	0.766999999999946
2744	0.7209999999999459
2745	0.6719999999999459
2746	0.6219999999999458
2747	0.5899999999999458
2748	0.5829999999999458
2749	0.6029999999999458
2750	0.6339999999999458
2751	0.6989999999999459
2752	0.7299999999999459
2753	0.764999999999946
2754	0.806999999999946
2755	0.858999999999946
2756	0.8959999999999461
2757	0.9149999999999461
2758	0.9469999999999461
2759	0.9649999999999461
2760	0.9699999999999461
2761	0.9709999999999461
2762	0.9719999999999461
2763	0.9709999999999461
2764	0.9709999999999461
2765	0.9009999999999462
2766	0.6829999999999462
2767	0.6129999999999463
2768	0.5769999999999462
2769	0.5399999999999462
2770	0.4949999999999462
2771	0.46799999999994624
2772	0.45799999999994623
2773	0.4509999999999462
2774	0.46199999999994623
2775	0.5349999999999462
2776	0.6339999999999462
2777	0.6579999999999462
2778	0.6919999999999462
2779	0.7649999999999462
2780	0.8349999999999462
2781	0.8909999999999463
2782	0.9419999999999463
2783	0.9649999999999463
2784	0.9699999999999463
2785	0.9709999999999464
2786	0.9719999999999464
2787	0.9709999999999464
2788	0.9709999999999464
2789	0.9009999999999464
2790	0.6829999999999464
2791	0.6129999999999465
2792	0.5769999999999464
2793	0.5399999999999464
2794	0.4949999999999464
2795	0.46799999999994646
2796	0.45799999999994645
2797	0.45099999999994644
2798	0.46199999999994645
2799	0.5349999999999464
2800	0.6339999999999464
2801	0.6579999999999464
2802	0.6919999999999464
2803	0.7649999999999464
2804	0.8349999999999465
2805	0.8909999999999465
2806	0.9419999999999465
2807	0.9649999999999466
2808	0.9699999999999466
2809	0.9709999999999466
2810	0.9719999999999466
2811	0.9709999999999466
2812	0.9709999999999466
2813	0.9009999999999466
2814	0.6829999999999466
2815	0.6129999999999467
2816	0.5769999999999467
2817	0.5399999999999466
2818	0.49499999999994665
2819	0.4679999999999467
2820	0.45799999999994667
2821	0.45099999999994667
2822	0.4619999999999467
2823	0.5349999999999466
2824	0.6339999999999466
2825	0.6579999999999466
2826	0.6919999999999467
2827	0.7649999999999466
2828	0.8349999999999467
2829	0.8909999999999467
2830	0.9419999999999468
2831	0.9649999999999468
2832	0.9699999999999468
2833	0.9709999999999468
2834	0.9719999999999468
2835	0.9709999999999468
2836	0.9709999999999468
2837	0.9009999999999468
2838	0.6829999999999469
2839	0.6129999999999469
2840	0.5769999999999469
2841	0.5399999999999469
2842	0.49499999999994687
2843	0.4679999999999469
2844	0.4579999999999469
2845	0.4509999999999469
2846	0.4619999999999469
2847	0.5349999999999469
2848	0.6339999999999468
2849	0.6579999999999468
2850	0.6919999999999469
2851	0.7649999999999468
2852	0.8349999999999469
2853	0.890999999999947
2854	0.941999999999947
2855	0.964999999999947
2856	0.969999999999947
2857	0.970999999999947
2858	0.971999999999947
2859	0.970999999999947
2860	0.970999999999947
2861	0.9009999999999471
2862	0.6829999999999471
2863	0.6129999999999471
2864	0.5769999999999471
2865	0.5399999999999471
2866	0.4949999999999471
2867	0.4679999999999471
2868	0.4579999999999471
2869	0.4509999999999471
2870	0.4619999999999471
2871	0.5349999999999471
2872	0.633999999999947
2873	0.6579999999999471
2874	0.6919999999999471
2875	0.7649999999999471
2876	0.8349999999999471
2877	0.8909999999999472
2878	0.9419999999999472
2879	0.9649999999999472
2880	0.9819999999999472
2881	0.9889999999999473
2882	0.9939999999999473
2883	0.9999999999999473
2884	0.9989999999999473
2885	0.9999999999999473
2886	0.9379999999999472
2887	0.7669999999999473
2888	0.7209999999999472
2889	0.6719999999999472
2890	0.6219999999999472
2891	0.5899999999999471
2892	0.5829999999999471
2893	0.6029999999999471
2894	0.6339999999999472
2895	0.6989999999999472
2896	0.7299999999999472
2897	0.7649999999999473
2898	0.8069999999999473
2899	0.8589999999999474
2900	0.8959999999999474
2901	0.9149999999999474
2902	0.9469999999999474
2903	0.9649999999999475
2904	0.9819999999999475
2905	0.9889999999999475
2906	0.9939999999999475
2907	0.9999999999999475
2908	0.9989999999999475
2909	0.9999999999999475
2910	0.9379999999999474
2911	0.7669999999999475
2912	0.7209999999999475
2913	0.6719999999999474
2914	0.6219999999999474
2915	0.5899999999999473
2916	0.5829999999999473
2917	0.6029999999999474
2918	0.6339999999999474
2919	0.6989999999999474
2920	0.7299999999999475
2921	0.7649999999999475
2922	0.8069999999999475
2923	0.8589999999999476
2924	0.8959999999999476
2925	0.9149999999999476
2926	0.9469999999999477
2927	0.9649999999999477
2928	0.9699999999999477
2929	0.9709999999999477
2930	0.9719999999999477
2931	0.9709999999999477
2932	0.9709999999999477
2933	0.9009999999999477
2934	0.6829999999999478
2935	0.6129999999999478
2936	0.5769999999999478
2937	0.5399999999999477
2938	0.49499999999994776
2939	0.4679999999999478
2940	0.4579999999999478
2941	0.4509999999999478
2942	0.4619999999999478
2943	0.5349999999999477
2944	0.6339999999999477
2945	0.6579999999999477
2946	0.6919999999999478
2947	0.7649999999999477
2948	0.8349999999999478
2949	0.8909999999999478
2950	0.9419999999999479
2951	0.9649999999999479
2952	0.9699999999999479
2953	0.9709999999999479
2954	0.9719999999999479
2955	0.9709999999999479
2956	0.9709999999999479
2957	0.900999999999948
2958	0.682999999999948
2959	0.612999999999948
2960	0.576999999999948
2961	0.539999999999948
2962	0.494999999999948
2963	0.467999999999948
2964	0.457999999999948
2965	0.450999999999948
2966	0.461999999999948
2967	0.534999999999948
2968	0.6339999999999479
2969	0.657999999999948
2970	0.691999999999948
2971	0.7649999999999479
2972	0.834999999999948
2973	0.8909999999999481
2974	0.9419999999999481
2975	0.9649999999999481
2976	0.9699999999999481
2977	0.9709999999999481
2978	0.9719999999999481
2979	0.9709999999999481
2980	0.9709999999999481
2981	0.9009999999999482
2982	0.6829999999999482
2983	0.6129999999999483
2984	0.5769999999999482
2985	0.5399999999999482
2986	0.4949999999999482
2987	0.46799999999994824
2988	0.4579999999999482
2989	0.4509999999999482
2990	0.46199999999994823
2991	0.5349999999999482
2992	0.6339999999999482
2993	0.6579999999999482
2994	0.6919999999999482
2995	0.7649999999999482
2996	0.8349999999999482
2997	0.8909999999999483
2998	0.9419999999999483
2999	0.9649999999999483
3000	0.9699999999999483
3001	0.9709999999999483
3002	0.9719999999999483
3003	0.9709999999999483
3004	0.9709999999999483
3005	0.9009999999999484
3006	0.6829999999999484
3007	0.6129999999999485
3008	0.5769999999999484
3009	0.5399999999999484
3010	0.4949999999999484
3011	0.46799999999994846
3012	0.45799999999994845
3013	0.45099999999994844
3014	0.46199999999994845
3015	0.5349999999999484
3016	0.6339999999999484
3017	0.6579999999999484
3018	0.6919999999999484
3019	0.7649999999999484
3020	0.8349999999999485
3021	0.8909999999999485
3022	0.9419999999999485
3023	0.9649999999999486
3024	0.9699999999999486
3025	0.9709999999999486
3026	0.9719999999999486
3027	0.9709999999999486
3028	0.9709999999999486
3029	0.9009999999999486
3030	0.6829999999999486
3031	0.6129999999999487
3032	0.5769999999999487
3033	0.5399999999999486
3034	0.49499999999994865
3035	0.4679999999999487
3036	0.45799999999994867
3037	0.45099999999994866
3038	0.4619999999999487
3039	0.5349999999999486
3040	0.6339999999999486
3041	0.6579999999999486
3042	0.6919999999999487
3043	0.7649999999999486
3044	0.8349999999999487
3045	0.8909999999999487
3046	0.9419999999999488
3047	0.9649999999999488
3048	0.9819999999999488
3049	0.9889999999999488
3050	0.9939999999999488
3051	0.9999999999999488
3052	0.9989999999999488
3053	0.9999999999999488
3054	0.9379999999999488
3055	0.7669999999999488
3056	0.7209999999999488
3057	0.6719999999999487
3058	0.6219999999999487
3059	0.5899999999999487
3060	0.5829999999999487
3061	0.6029999999999487
3062	0.6339999999999487
3063	0.6989999999999488
3064	0.7299999999999488
3065	0.7649999999999488
3066	0.8069999999999489
3067	0.8589999999999489
3068	0.895999999999949
3069	0.914999999999949
3070	0.946999999999949
3071	0.964999999999949
3072	0.981999999999949
3073	0.988999999999949
3074	0.993999999999949
3075	0.999999999999949
3076	0.998999999999949
3077	0.999999999999949
3078	0.937999999999949
3079	0.7669999999999491
3080	0.720999999999949
3081	0.671999999999949
3082	0.6219999999999489
3083	0.5899999999999489
3084	0.5829999999999489
3085	0.6029999999999489
3086	0.6339999999999489
3087	0.698999999999949
3088	0.729999999999949
3089	0.764999999999949
3090	0.8069999999999491
3091	0.8589999999999491
3092	0.8959999999999492
3093	0.9149999999999492
3094	0.9469999999999492
3095	0.9649999999999492
3096	0.9699999999999492
3097	0.9709999999999492
3098	0.9719999999999492
3099	0.9709999999999492
3100	0.9709999999999492
3101	0.9009999999999493
3102	0.6829999999999493
3103	0.6129999999999494
3104	0.5769999999999493
3105	0.5399999999999493
3106	0.4949999999999493
3107	0.46799999999994935
3108	0.45799999999994934
3109	0.45099999999994933
3110	0.46199999999994934
3111	0.5349999999999493
3112	0.6339999999999493
3113	0.6579999999999493
3114	0.6919999999999493
3115	0.7649999999999493
3116	0.8349999999999493
3117	0.8909999999999494
3118	0.9419999999999494
3119	0.9649999999999495
3120	0.9699999999999495
3121	0.9709999999999495
3122	0.9719999999999495
3123	0.9709999999999495
3124	0.9709999999999495
3125	0.9009999999999495
3126	0.6829999999999495
3127	0.6129999999999496
3128	0.5769999999999496
3129	0.5399999999999495
3130	0.49499999999994954
3131	0.46799999999994957
3132	0.45799999999994956
3133	0.45099999999994955
3134	0.46199999999994956
3135	0.5349999999999495
3136	0.6339999999999495
3137	0.6579999999999495
3138	0.6919999999999495
3139	0.7649999999999495
3140	0.8349999999999496
3141	0.8909999999999496
3142	0.9419999999999497
3143	0.9649999999999497
3144	0.9699999999999497
3145	0.9709999999999497
3146	0.9719999999999497
3147	0.9709999999999497
3148	0.9709999999999497
3149	0.9009999999999497
3150	0.6829999999999498
3151	0.6129999999999498
3152	0.5769999999999498
3153	0.5399999999999497
3154	0.49499999999994976
3155	0.4679999999999498
3156	0.4579999999999498
3157	0.4509999999999498
3158	0.4619999999999498
3159	0.5349999999999497
3160	0.6339999999999497
3161	0.6579999999999497
3162	0.6919999999999498
3163	0.7649999999999497
3164	0.8349999999999498
3165	0.8909999999999498
3166	0.9419999999999499
3167	0.9649999999999499
3168	0.9699999999999499
3169	0.9709999999999499
3170	0.9719999999999499
3171	0.9709999999999499
3172	0.9709999999999499
3173	0.90099999999995
3174	0.68299999999995
3175	0.61299999999995
3176	0.57699999999995
3177	0.53999999999995
3178	0.49499999999995
3179	0.46799999999995
3180	0.45799999999995
3181	0.45099999999995
3182	0.46199999999995
3183	0.53499999999995
3184	0.6339999999999499
3185	0.65799999999995
3186	0.69199999999995
3187	0.7649999999999499
3188	0.83499999999995
3189	0.89099999999995
3190	0.9419999999999501
3191	0.9649999999999501
3192	0.9699999999999501
3193	0.9709999999999501
3194	0.9719999999999501
3195	0.9709999999999501
3196	0.9709999999999501
3197	0.9009999999999502
3198	0.6829999999999502
3199	0.6129999999999503
3200	0.5769999999999502
3201	0.5399999999999502
3202	0.4949999999999502
3203	0.46799999999995023
3204	0.4579999999999502
3205	0.4509999999999502
3206	0.46199999999995023
3207	0.5349999999999502
3208	0.6339999999999502
3209	0.6579999999999502
3210	0.6919999999999502
3211	0.7649999999999502
3212	0.8349999999999502
3213	0.8909999999999503
3214	0.9419999999999503
3215	0.9649999999999503
3216	0.9819999999999504
3217	0.9889999999999504
3218	0.9939999999999504
3219	0.9999999999999504
3220	0.9989999999999504
3221	0.9999999999999504
3222	0.9379999999999503
3223	0.7669999999999504
3224	0.7209999999999503
3225	0.6719999999999503
3226	0.6219999999999503
3227	0.5899999999999502
3228	0.5829999999999502
3229	0.6029999999999502
3230	0.6339999999999503
3231	0.6989999999999503
3232	0.7299999999999504
3233	0.7649999999999504
3234	0.8069999999999504
3235	0.8589999999999505
3236	0.8959999999999505
3237	0.9149999999999505
3238	0.9469999999999505
3239	0.9649999999999506
3240	0.9819999999999506
3241	0.9889999999999506
3242	0.9939999999999506
3243	0.9999999999999506
3244	0.9989999999999506
3245	0.9999999999999506
3246	0.9379999999999505
3247	0.7669999999999506
3248	0.7209999999999506
3249	0.6719999999999505
3250	0.6219999999999505
3251	0.5899999999999505
3252	0.5829999999999504
3253	0.6029999999999505
3254	0.6339999999999505
3255	0.6989999999999505
3256	0.7299999999999506
3257	0.7649999999999506
3258	0.8069999999999506
3259	0.8589999999999507
3260	0.8959999999999507
3261	0.9149999999999507
3262	0.9469999999999508
3263	0.9649999999999508
3264	0.9699999999999508
3265	0.9709999999999508
3266	0.9719999999999508
3267	0.9709999999999508
3268	0.9709999999999508
3269	0.9009999999999508
3270	0.6829999999999509
3271	0.6129999999999509
3272	0.5769999999999509
3273	0.5399999999999509
3274	0.49499999999995087
3275	0.4679999999999509
3276	0.4579999999999509
3277	0.4509999999999509
3278	0.4619999999999509
3279	0.5349999999999508
3280	0.6339999999999508
3281	0.6579999999999508
3282	0.6919999999999509
3283	0.7649999999999508
3284	0.8349999999999509
3285	0.8909999999999509
3286	0.941999999999951
3287	0.964999999999951
3288	0.969999999999951
3289	0.970999999999951
3290	0.971999999999951
3291	0.970999999999951
3292	0.970999999999951
3293	0.9009999999999511
3294	0.6829999999999511
3295	0.6129999999999511
3296	0.5769999999999511
3297	0.5399999999999511
3298	0.4949999999999511
3299	0.4679999999999511
3300	0.4579999999999511
3301	0.4509999999999511
3302	0.4619999999999511
3303	0.5349999999999511
3304	0.633999999999951
3305	0.6579999999999511
3306	0.6919999999999511
3307	0.764999999999951
3308	0.8349999999999511
3309	0.8909999999999512
3310	0.9419999999999512
3311	0.9649999999999512
3312	0.9699999999999512
3313	0.9709999999999512
3314	0.9719999999999512
3315	0.9709999999999512
3316	0.9709999999999512
3317	0.9009999999999513
3318	0.6829999999999513
3319	0.6129999999999514
3320	0.5769999999999513
3321	0.5399999999999513
3322	0.4949999999999513
3323	0.46799999999995134
3324	0.45799999999995133
3325	0.45099999999995133
3326	0.46199999999995134
3327	0.5349999999999513
3328	0.6339999999999513
3329	0.6579999999999513
3330	0.6919999999999513
3331	0.7649999999999513
3332	0.8349999999999513
3333	0.8909999999999514
3334	0.9419999999999514
3335	0.9649999999999515
3336	0.9699999999999515
3337	0.9709999999999515
3338	0.9719999999999515
3339	0.9709999999999515
3340	0.9709999999999515
3341	0.9009999999999515
3342	0.6829999999999515
3343	0.6129999999999516
3344	0.5769999999999516
3345	0.5399999999999515
3346	0.49499999999995153
3347	0.46799999999995157
3348	0.45799999999995156
3349	0.45099999999995155
3350	0.46199999999995156
3351	0.5349999999999515
3352	0.6339999999999515
3353	0.6579999999999515
3354	0.6919999999999515
3355	0.7649999999999515
3356	0.8349999999999516
3357	0.8909999999999516
3358	0.9419999999999517
3359	0.9649999999999517
3360	0.9699999999999517
3361	0.9709999999999517
3362	0.9719999999999517
3363	0.9709999999999517
3364	0.9709999999999517
3365	0.9009999999999517
3366	0.6829999999999518
3367	0.6129999999999518
3368	0.5769999999999518
3369	0.5399999999999517
3370	0.49499999999995176
3371	0.4679999999999518
3372	0.4579999999999518
3373	0.4509999999999518
3374	0.4619999999999518
3375	0.5349999999999517
3376	0.6339999999999517
3377	0.6579999999999517
3378	0.6919999999999518
3379	0.7649999999999517
3380	0.8349999999999518
3381	0.8909999999999518
3382	0.9419999999999519
3383	0.9649999999999519
3384	0.9819999999999519
3385	0.9889999999999519
3386	0.9939999999999519
3387	0.9999999999999519
3388	0.9989999999999519
3389	0.9999999999999519
3390	0.9379999999999519
3391	0.7669999999999519
3392	0.7209999999999519
3393	0.6719999999999519
3394	0.6219999999999518
3395	0.5899999999999518
3396	0.5829999999999518
3397	0.6029999999999518
3398	0.6339999999999518
3399	0.6989999999999519
3400	0.7299999999999519
3401	0.7649999999999519
3402	0.806999999999952
3403	0.858999999999952
3404	0.8959999999999521
3405	0.9149999999999521
3406	0.9469999999999521
3407	0.9649999999999521
3408	0.9819999999999521
3409	0.9889999999999521
3410	0.9939999999999521
3411	0.9999999999999521
3412	0.9989999999999521
3413	0.9999999999999521
3414	0.9379999999999521
3415	0.7669999999999522
3416	0.7209999999999521
3417	0.6719999999999521
3418	0.621999999999952
3419	0.589999999999952
3420	0.582999999999952
3421	0.602999999999952
3422	0.633999999999952
3423	0.6989999999999521
3424	0.7299999999999521
3425	0.7649999999999522
3426	0.8069999999999522
3427	0.8589999999999522
3428	0.8959999999999523
3429	0.9149999999999523
3430	0.9469999999999523
3431	0.9649999999999523
3432	0.9699999999999523
3433	0.9709999999999523
3434	0.9719999999999523
3435	0.9709999999999523
3436	0.9709999999999523
3437	0.9009999999999524
3438	0.6829999999999524
3439	0.6129999999999525
3440	0.5769999999999524
3441	0.5399999999999524
3442	0.4949999999999524
3443	0.46799999999995245
3444	0.45799999999995245
3445	0.45099999999995244
3446	0.46199999999995245
3447	0.5349999999999524
3448	0.6339999999999524
3449	0.6579999999999524
3450	0.6919999999999524
3451	0.7649999999999524
3452	0.8349999999999524
3453	0.8909999999999525
3454	0.9419999999999525
3455	0.9649999999999526
3456	0.9699999999999526
3457	0.9709999999999526
3458	0.9719999999999526
3459	0.9709999999999526
3460	0.9709999999999526
3461	0.9009999999999526
3462	0.6829999999999526
3463	0.6129999999999527
3464	0.5769999999999527
3465	0.5399999999999526
3466	0.49499999999995264
3467	0.4679999999999527
3468	0.45799999999995267
3469	0.45099999999995266
3470	0.46199999999995267
3471	0.5349999999999526
3472	0.6339999999999526
3473	0.6579999999999526
3474	0.6919999999999527
3475	0.7649999999999526
3476	0.8349999999999527
3477	0.8909999999999527
3478	0.9419999999999528
3479	0.9649999999999528
3480	0.9699999999999528
3481	0.9709999999999528
3482	0.9719999999999528
3483	0.9709999999999528
3484	0.9709999999999528
3485	0.9009999999999528
3486	0.6829999999999529
3487	0.6129999999999529
3488	0.5769999999999529
3489	0.5399999999999529
3490	0.49499999999995287
3491	0.4679999999999529
3492	0.4579999999999529
3493	0.4509999999999529
3494	0.4619999999999529
3495	0.5349999999999528
3496	0.6339999999999528
3497	0.6579999999999528
3498	0.6919999999999529
3499	0.7649999999999528
3500	0.8349999999999529
3501	0.8909999999999529
3502	0.941999999999953
3503	0.964999999999953
3504	0.969999999999953
3505	0.970999999999953
3506	0.971999999999953
3507	0.970999999999953
3508	0.970999999999953
3509	0.9009999999999531
3510	0.6829999999999531
3511	0.6129999999999531
3512	0.5769999999999531
3513	0.5399999999999531
3514	0.4949999999999531
3515	0.4679999999999531
3516	0.4579999999999531
3517	0.4509999999999531
3518	0.4619999999999531
3519	0.5349999999999531
3520	0.633999999999953
3521	0.6579999999999531
3522	0.6919999999999531
3523	0.764999999999953
3524	0.8349999999999531
3525	0.8909999999999532
3526	0.9419999999999532
3527	0.9649999999999532
3528	0.9699999999999532
3529	0.9709999999999532
3530	0.9719999999999532
3531	0.9709999999999532
3532	0.9709999999999532
3533	0.9009999999999533
3534	0.6829999999999533
3535	0.6129999999999534
3536	0.5769999999999533
3537	0.5399999999999533
3538	0.4949999999999533
3539	0.46799999999995334
3540	0.45799999999995333
3541	0.4509999999999533
3542	0.46199999999995334
3543	0.5349999999999533
3544	0.6339999999999533
3545	0.6579999999999533
3546	0.6919999999999533
3547	0.7649999999999533
3548	0.8349999999999533
3549	0.8909999999999534
3550	0.9419999999999534
3551	0.9649999999999535
3552	0.9819999999999535
3553	0.9889999999999535
3554	0.9939999999999535
3555	0.9999999999999535
3556	0.9989999999999535
3557	0.9999999999999535
3558	0.9379999999999534
3559	0.7669999999999535
3560	0.7209999999999535
3561	0.6719999999999534
3562	0.6219999999999534
3563	0.5899999999999533
3564	0.5829999999999533
3565	0.6029999999999534
3566	0.6339999999999534
3567	0.6989999999999534
3568	0.7299999999999535
3569	0.7649999999999535
3570	0.8069999999999535
3571	0.8589999999999536
3572	0.8959999999999536
3573	0.9149999999999536
3574	0.9469999999999537
3575	0.9649999999999537
3576	0.9819999999999537
3577	0.9889999999999537
3578	0.9939999999999537
3579	0.9999999999999537
3580	0.9989999999999537
3581	0.9999999999999537
3582	0.9379999999999536
3583	0.7669999999999537
3584	0.7209999999999537
3585	0.6719999999999536
3586	0.6219999999999536
3587	0.5899999999999536
3588	0.5829999999999536
3589	0.6029999999999536
3590	0.6339999999999536
3591	0.6989999999999537
3592	0.7299999999999537
3593	0.7649999999999537
3594	0.8069999999999538
3595	0.8589999999999538
3596	0.8959999999999538
3597	0.9149999999999539
3598	0.9469999999999539
3599	0.9649999999999539
3600	0.9699999999999539
3601	0.9709999999999539
3602	0.9719999999999539
3603	0.9709999999999539
3604	0.9709999999999539
3605	0.900999999999954
3606	0.682999999999954
3607	0.612999999999954
3608	0.576999999999954
3609	0.539999999999954
3610	0.494999999999954
3611	0.467999999999954
3612	0.457999999999954
3613	0.450999999999954
3614	0.461999999999954
3615	0.534999999999954
3616	0.6339999999999539
3617	0.657999999999954
3618	0.691999999999954
3619	0.7649999999999539
3620	0.834999999999954
3621	0.890999999999954
3622	0.9419999999999541
3623	0.9649999999999541
3624	0.9699999999999541
3625	0.9709999999999541
3626	0.9719999999999541
3627	0.9709999999999541
3628	0.9709999999999541
3629	0.9009999999999542
3630	0.6829999999999542
3631	0.6129999999999542
3632	0.5769999999999542
3633	0.5399999999999542
3634	0.4949999999999542
3635	0.46799999999995423
3636	0.4579999999999542
3637	0.4509999999999542
3638	0.4619999999999542
3639	0.5349999999999542
3640	0.6339999999999542
3641	0.6579999999999542
3642	0.6919999999999542
3643	0.7649999999999542
3644	0.8349999999999542
3645	0.8909999999999543
3646	0.9419999999999543
3647	0.9649999999999543
3648	0.9699999999999543
3649	0.9709999999999543
3650	0.9719999999999543
3651	0.9709999999999543
3652	0.9709999999999543
3653	0.9009999999999544
3654	0.6829999999999544
3655	0.6129999999999545
3656	0.5769999999999544
3657	0.5399999999999544
3658	0.4949999999999544
3659	0.46799999999995445
3660	0.45799999999995444
3661	0.45099999999995444
3662	0.46199999999995445
3663	0.5349999999999544
3664	0.6339999999999544
3665	0.6579999999999544
3666	0.6919999999999544
3667	0.7649999999999544
3668	0.8349999999999544
3669	0.8909999999999545
3670	0.9419999999999545
3671	0.9649999999999546
3672	0.9699999999999546
3673	0.9709999999999546
3674	0.9719999999999546
3675	0.9709999999999546
3676	0.9709999999999546
3677	0.9009999999999546
3678	0.6829999999999546
3679	0.6129999999999547
3680	0.5769999999999547
3681	0.5399999999999546
3682	0.49499999999995464
3683	0.4679999999999547
3684	0.45799999999995467
3685	0.45099999999995466
3686	0.46199999999995467
3687	0.5349999999999546
3688	0.6339999999999546
3689	0.6579999999999546
3690	0.6919999999999547
3691	0.7649999999999546
3692	0.8349999999999547
3693	0.8909999999999547
3694	0.9419999999999548
3695	0.9649999999999548
3696	0.9699999999999548
3697	0.9709999999999548
3698	0.9719999999999548
3699	0.9709999999999548
3700	0.9709999999999548
3701	0.9009999999999548
3702	0.6829999999999549
3703	0.6129999999999549
3704	0.5769999999999549
3705	0.5399999999999548
3706	0.49499999999995486
3707	0.4679999999999549
3708	0.4579999999999549
3709	0.4509999999999549
3710	0.4619999999999549
3711	0.5349999999999548
3712	0.6339999999999548
3713	0.6579999999999548
3714	0.6919999999999549
3715	0.7649999999999548
3716	0.8349999999999549
3717	0.8909999999999549
3718	0.941999999999955
3719	0.964999999999955
3720	0.981999999999955
3721	0.988999999999955
3722	0.993999999999955
3723	0.999999999999955
3724	0.998999999999955
3725	0.999999999999955
3726	0.937999999999955
3727	0.766999999999955
3728	0.720999999999955
3729	0.671999999999955
3730	0.6219999999999549
3731	0.5899999999999549
3732	0.5829999999999549
3733	0.6029999999999549
3734	0.6339999999999549
3735	0.698999999999955
3736	0.729999999999955
3737	0.764999999999955
3738	0.8069999999999551
3739	0.8589999999999551
3740	0.8959999999999552
3741	0.9149999999999552
3742	0.9469999999999552
3743	0.9649999999999552
3744	0.9819999999999552
3745	0.9889999999999552
3746	0.9939999999999553
3747	0.9999999999999553
3748	0.9989999999999553
3749	0.9999999999999553
3750	0.9379999999999552
3751	0.7669999999999553
3752	0.7209999999999552
3753	0.6719999999999552
3754	0.6219999999999551
3755	0.5899999999999551
3756	0.5829999999999551
3757	0.6029999999999551
3758	0.6339999999999552
3759	0.6989999999999552
3760	0.7299999999999552
3761	0.7649999999999553
3762	0.8069999999999553
3763	0.8589999999999554
3764	0.8959999999999554
3765	0.9149999999999554
3766	0.9469999999999554
3767	0.9649999999999554
3768	0.9699999999999555
3769	0.9709999999999555
3770	0.9719999999999555
3771	0.9709999999999555
3772	0.9709999999999555
3773	0.9009999999999555
3774	0.6829999999999555
3775	0.6129999999999556
3776	0.5769999999999555
3777	0.5399999999999555
3778	0.49499999999995553
3779	0.46799999999995556
3780	0.45799999999995555
3781	0.45099999999995555
3782	0.46199999999995556
3783	0.5349999999999555
3784	0.6339999999999555
3785	0.6579999999999555
3786	0.6919999999999555
3787	0.7649999999999555
3788	0.8349999999999556
3789	0.8909999999999556
3790	0.9419999999999557
3791	0.9649999999999557
3792	0.9699999999999557
3793	0.9709999999999557
3794	0.9719999999999557
3795	0.9709999999999557
3796	0.9709999999999557
3797	0.9009999999999557
3798	0.6829999999999558
3799	0.6129999999999558
3800	0.5769999999999558
3801	0.5399999999999557
3802	0.49499999999995575
3803	0.4679999999999558
3804	0.4579999999999558
3805	0.45099999999995577
3806	0.4619999999999558
3807	0.5349999999999557
3808	0.6339999999999557
3809	0.6579999999999557
3810	0.6919999999999558
3811	0.7649999999999557
3812	0.8349999999999558
3813	0.8909999999999558
3814	0.9419999999999559
3815	0.9649999999999559
3816	0.9699999999999559
3817	0.9709999999999559
3818	0.9719999999999559
3819	0.9709999999999559
3820	0.9709999999999559
3821	0.900999999999956
3822	0.682999999999956
3823	0.612999999999956
3824	0.576999999999956
3825	0.539999999999956
3826	0.494999999999956
3827	0.467999999999956
3828	0.457999999999956
3829	0.450999999999956
3830	0.461999999999956
3831	0.534999999999956
3832	0.6339999999999559
3833	0.657999999999956
3834	0.691999999999956
3835	0.7649999999999559
3836	0.834999999999956
3837	0.890999999999956
3838	0.9419999999999561
3839	0.9649999999999561
3840	0.9699999999999561
3841	0.9709999999999561
3842	0.9719999999999561
3843	0.9709999999999561
3844	0.9709999999999561
3845	0.9009999999999562
3846	0.6829999999999562
3847	0.6129999999999562
3848	0.5769999999999562
3849	0.5399999999999562
3850	0.4949999999999562
3851	0.46799999999995623
3852	0.4579999999999562
3853	0.4509999999999562
3854	0.4619999999999562
3855	0.5349999999999562
3856	0.6339999999999562
3857	0.6579999999999562
3858	0.6919999999999562
3859	0.7649999999999562
3860	0.8349999999999562
3861	0.8909999999999563
3862	0.9419999999999563
3863	0.9649999999999563
3864	0.9699999999999563
3865	0.9709999999999563
3866	0.9719999999999563
3867	0.9709999999999563
3868	0.9709999999999563
3869	0.9009999999999564
3870	0.6829999999999564
3871	0.6129999999999565
3872	0.5769999999999564
3873	0.5399999999999564
3874	0.4949999999999564
3875	0.46799999999995645
3876	0.45799999999995644
3877	0.45099999999995644
3878	0.46199999999995645
3879	0.5349999999999564
3880	0.6339999999999564
3881	0.6579999999999564
3882	0.6919999999999564
3883	0.7649999999999564
3884	0.8349999999999564
3885	0.8909999999999565
3886	0.9419999999999565
3887	0.9649999999999566
3888	0.9819999999999566
3889	0.9889999999999566
3890	0.9939999999999566
3891	0.9999999999999566
3892	0.9989999999999566
3893	0.9999999999999566
3894	0.9379999999999565
3895	0.7669999999999566
3896	0.7209999999999566
3897	0.6719999999999565
3898	0.6219999999999565
3899	0.5899999999999564
3900	0.5829999999999564
3901	0.6029999999999565
3902	0.6339999999999565
3903	0.6989999999999565
3904	0.7299999999999566
3905	0.7649999999999566
3906	0.8069999999999566
3907	0.8589999999999567
3908	0.8959999999999567
3909	0.9149999999999567
3910	0.9469999999999568
3911	0.9649999999999568
3912	0.9819999999999568
3913	0.9889999999999568
3914	0.9939999999999568
3915	0.9999999999999568
3916	0.9989999999999568
3917	0.9999999999999568
3918	0.9379999999999568
3919	0.7669999999999568
3920	0.7209999999999568
3921	0.6719999999999567
3922	0.6219999999999567
3923	0.5899999999999567
3924	0.5829999999999567
3925	0.6029999999999567
3926	0.6339999999999567
3927	0.6989999999999568
3928	0.7299999999999568
3929	0.7649999999999568
3930	0.8069999999999569
3931	0.8589999999999569
3932	0.8959999999999569
3933	0.914999999999957
3934	0.946999999999957
3935	0.964999999999957
3936	0.969999999999957
3937	0.970999999999957
3938	0.971999999999957
3939	0.970999999999957
3940	0.970999999999957
3941	0.9009999999999571
3942	0.6829999999999571
3943	0.6129999999999571
3944	0.5769999999999571
3945	0.5399999999999571
3946	0.4949999999999571
3947	0.4679999999999571
3948	0.4579999999999571
3949	0.4509999999999571
3950	0.4619999999999571
3951	0.5349999999999571
3952	0.633999999999957
3953	0.6579999999999571
3954	0.6919999999999571
3955	0.764999999999957
3956	0.8349999999999571
3957	0.8909999999999572
3958	0.9419999999999572
3959	0.9649999999999572
3960	0.9699999999999572
3961	0.9709999999999572
3962	0.9719999999999572
3963	0.9709999999999572
3964	0.9709999999999572
3965	0.9009999999999573
3966	0.6829999999999573
3967	0.6129999999999574
3968	0.5769999999999573
3969	0.5399999999999573
3970	0.4949999999999573
3971	0.46799999999995734
3972	0.45799999999995733
3973	0.4509999999999573
3974	0.46199999999995733
3975	0.5349999999999573
3976	0.6339999999999573
3977	0.6579999999999573
3978	0.6919999999999573
3979	0.7649999999999573
3980	0.8349999999999573
3981	0.8909999999999574
3982	0.9419999999999574
3983	0.9649999999999574
3984	0.9699999999999575
3985	0.9709999999999575
3986	0.9719999999999575
3987	0.9709999999999575
3988	0.9709999999999575
3989	0.9009999999999575
3990	0.6829999999999575
3991	0.6129999999999576
3992	0.5769999999999575
3993	0.5399999999999575
3994	0.49499999999995753
3995	0.46799999999995756
3996	0.45799999999995755
3997	0.45099999999995755
3998	0.46199999999995756
3999	0.5349999999999575
4000	0.6339999999999575
4001	0.6579999999999575
4002	0.6919999999999575
4003	0.7649999999999575
4004	0.8349999999999576
4005	0.8909999999999576
4006	0.9419999999999576
4007	0.9649999999999577
4008	0.9699999999999577
4009	0.9709999999999577
4010	0.9719999999999577
4011	0.9709999999999577
4012	0.9709999999999577
4013	0.9009999999999577
4014	0.6829999999999578
4015	0.6129999999999578
4016	0.5769999999999578
4017	0.5399999999999577
4018	0.49499999999995775
4019	0.4679999999999578
4020	0.4579999999999578
4021	0.45099999999995777
4022	0.4619999999999578
4023	0.5349999999999577
4024	0.6339999999999577
4025	0.6579999999999577
4026	0.6919999999999578
4027	0.7649999999999577
4028	0.8349999999999578
4029	0.8909999999999578
4030	0.9419999999999579
4031	0.9649999999999579
4032	0.9699999999999579
4033	0.9709999999999579
4034	0.9719999999999579
4035	0.9709999999999579
4036	0.9709999999999579
4037	0.900999999999958
4038	0.682999999999958
4039	0.612999999999958
4040	0.576999999999958
4041	0.539999999999958
4042	0.494999999999958
4043	0.467999999999958
4044	0.457999999999958
4045	0.450999999999958
4046	0.461999999999958
4047	0.534999999999958
4048	0.6339999999999579
4049	0.657999999999958
4050	0.691999999999958
4051	0.7649999999999579
4052	0.834999999999958
4053	0.890999999999958
4054	0.9419999999999581
4055	0.9649999999999581
4056	0.9819999999999581
4057	0.9889999999999581
4058	0.9939999999999581
4059	0.9999999999999581
4060	0.9989999999999581
4061	0.9999999999999581
4062	0.9379999999999581
4063	0.7669999999999582
4064	0.7209999999999581
4065	0.6719999999999581
4066	0.621999999999958
4067	0.589999999999958
4068	0.582999999999958
4069	0.602999999999958
4070	0.633999999999958
4071	0.6989999999999581
4072	0.7299999999999581
4073	0.7649999999999582
4074	0.8069999999999582
4075	0.8589999999999582
4076	0.8959999999999583
4077	0.9149999999999583
4078	0.9469999999999583
4079	0.9649999999999583
4080	0.9819999999999584
4081	0.9889999999999584
4082	0.9939999999999584
4083	0.9999999999999584
4084	0.9989999999999584
4085	0.9999999999999584
4086	0.9379999999999583
4087	0.7669999999999584
4088	0.7209999999999583
4089	0.6719999999999583
4090	0.6219999999999583
4091	0.5899999999999582
4092	0.5829999999999582
4093	0.6029999999999582
4094	0.6339999999999583
4095	0.6989999999999583
4096	0.7299999999999583
4097	0.7649999999999584
4098	0.8069999999999584
4099	0.8589999999999585
4100	0.8959999999999585
4101	0.9149999999999585
4102	0.9469999999999585
4103	0.9649999999999586
4104	0.9699999999999586
4105	0.9709999999999586
4106	0.9719999999999586
4107	0.9709999999999586
4108	0.9709999999999586
4109	0.9009999999999586
4110	0.6829999999999586
4111	0.6129999999999587
4112	0.5769999999999587
4113	0.5399999999999586
4114	0.49499999999995864
4115	0.46799999999995867
4116	0.45799999999995866
4117	0.45099999999995866
4118	0.46199999999995867
4119	0.5349999999999586
4120	0.6339999999999586
4121	0.6579999999999586
4122	0.6919999999999586
4123	0.7649999999999586
4124	0.8349999999999587
4125	0.8909999999999587
4126	0.9419999999999588
4127	0.9649999999999588
4128	0.9699999999999588
4129	0.9709999999999588
4130	0.9719999999999588
4131	0.9709999999999588
4132	0.9709999999999588
4133	0.9009999999999588
4134	0.6829999999999589
4135	0.6129999999999589
4136	0.5769999999999589
4137	0.5399999999999588
4138	0.49499999999995886
4139	0.4679999999999589
4140	0.4579999999999589
4141	0.4509999999999589
4142	0.4619999999999589
4143	0.5349999999999588
4144	0.6339999999999588
4145	0.6579999999999588
4146	0.6919999999999589
4147	0.7649999999999588
4148	0.8349999999999589
4149	0.8909999999999589
4150	0.941999999999959
4151	0.964999999999959
4152	0.969999999999959
4153	0.970999999999959
4154	0.971999999999959
4155	0.970999999999959
4156	0.970999999999959
4157	0.9009999999999591
4158	0.6829999999999591
4159	0.6129999999999591
4160	0.5769999999999591
4161	0.5399999999999591
4162	0.4949999999999591
4163	0.4679999999999591
4164	0.4579999999999591
4165	0.4509999999999591
4166	0.4619999999999591
4167	0.5349999999999591
4168	0.633999999999959
4169	0.6579999999999591
4170	0.6919999999999591
4171	0.764999999999959
4172	0.8349999999999591
4173	0.8909999999999592
4174	0.9419999999999592
4175	0.9649999999999592
4176	0.9699999999999592
4177	0.9709999999999592
4178	0.9719999999999592
4179	0.9709999999999592
4180	0.9709999999999592
4181	0.9009999999999593
4182	0.6829999999999593
4183	0.6129999999999594
4184	0.5769999999999593
4185	0.5399999999999593
4186	0.4949999999999593
4187	0.46799999999995934
4188	0.45799999999995933
4189	0.4509999999999593
4190	0.46199999999995933
4191	0.5349999999999593
4192	0.6339999999999593
4193	0.6579999999999593
4194	0.6919999999999593
4195	0.7649999999999593
4196	0.8349999999999593
4197	0.8909999999999594
4198	0.9419999999999594
4199	0.9649999999999594
4200	0.9699999999999595
4201	0.9709999999999595
4202	0.9719999999999595
4203	0.9709999999999595
4204	0.9709999999999595
4205	0.9009999999999595
4206	0.6829999999999595
4207	0.6129999999999596
4208	0.5769999999999595
4209	0.5399999999999595
4210	0.49499999999995953
4211	0.46799999999995956
4212	0.45799999999995955
4213	0.45099999999995954
4214	0.46199999999995955
4215	0.5349999999999595
4216	0.6339999999999595
4217	0.6579999999999595
4218	0.6919999999999595
4219	0.7649999999999595
4220	0.8349999999999596
4221	0.8909999999999596
4222	0.9419999999999596
4223	0.9649999999999597
4224	0.9819999999999597
4225	0.9889999999999597
4226	0.9939999999999597
4227	0.9999999999999597
4228	0.9989999999999597
4229	0.9999999999999597
4230	0.9379999999999596
4231	0.7669999999999597
4232	0.7209999999999597
4233	0.6719999999999596
4234	0.6219999999999596
4235	0.5899999999999596
4236	0.5829999999999596
4237	0.6029999999999596
4238	0.6339999999999596
4239	0.6989999999999597
4240	0.7299999999999597
4241	0.7649999999999597
4242	0.8069999999999597
4243	0.8589999999999598
4244	0.8959999999999598
4245	0.9149999999999598
4246	0.9469999999999599
4247	0.9649999999999599
4248	0.9819999999999599
4249	0.9889999999999599
4250	0.9939999999999599
4251	0.9999999999999599
4252	0.9989999999999599
4253	0.9999999999999599
4254	0.9379999999999599
4255	0.7669999999999599
4256	0.7209999999999599
4257	0.6719999999999599
4258	0.6219999999999598
4259	0.5899999999999598
4260	0.5829999999999598
4261	0.6029999999999598
4262	0.6339999999999598
4263	0.6989999999999599
4264	0.7299999999999599
4265	0.7649999999999599
4266	0.80699999999996
4267	0.85899999999996
4268	0.89599999999996
4269	0.9149999999999601
4270	0.9469999999999601
4271	0.9649999999999601
4272	0.9699999999999601
4273	0.9709999999999601
4274	0.9719999999999601
4275	0.9709999999999601
4276	0.9709999999999601
4277	0.9009999999999602
4278	0.6829999999999602
4279	0.6129999999999602
4280	0.5769999999999602
4281	0.5399999999999602
4282	0.4949999999999602
4283	0.4679999999999602
4284	0.4579999999999602
4285	0.4509999999999602
4286	0.4619999999999602
4287	0.5349999999999602
4288	0.6339999999999602
4289	0.6579999999999602
4290	0.6919999999999602
4291	0.7649999999999602
4292	0.8349999999999602
4293	0.8909999999999603
4294	0.9419999999999603
4295	0.9649999999999603
4296	0.9699999999999603
4297	0.9709999999999603
4298	0.9719999999999603
4299	0.9709999999999603
4300	0.9709999999999603
4301	0.9009999999999604
4302	0.6829999999999604
4303	0.6129999999999605
4304	0.5769999999999604
4305	0.5399999999999604
4306	0.4949999999999604
4307	0.46799999999996045
4308	0.45799999999996044
4309	0.45099999999996043
4310	0.46199999999996044
4311	0.5349999999999604
4312	0.6339999999999604
4313	0.6579999999999604
4314	0.6919999999999604
4315	0.7649999999999604
4316	0.8349999999999604
4317	0.8909999999999605
4318	0.9419999999999605
4319	0.9649999999999606
4320	0.9699999999999606
4321	0.9709999999999606
4322	0.9719999999999606
4323	0.9709999999999606
4324	0.9709999999999606
4325	0.9009999999999606
4326	0.6829999999999606
4327	0.6129999999999607
4328	0.5769999999999607
4329	0.5399999999999606
4330	0.49499999999996064
4331	0.46799999999996067
4332	0.45799999999996066
4333	0.45099999999996065
4334	0.46199999999996066
4335	0.5349999999999606
4336	0.6339999999999606
4337	0.6579999999999606
4338	0.6919999999999606
4339	0.7649999999999606
4340	0.8349999999999607
4341	0.8909999999999607
4342	0.9419999999999608
4343	0.9649999999999608
4344	0.9699999999999608
4345	0.9709999999999608
4346	0.9719999999999608
4347	0.9709999999999608
4348	0.9709999999999608
4349	0.9009999999999608
4350	0.6829999999999609
4351	0.6129999999999609
4352	0.5769999999999609
4353	0.5399999999999608
4354	0.49499999999996086
4355	0.4679999999999609
4356	0.4579999999999609
4357	0.4509999999999609
4358	0.4619999999999609
4359	0.5349999999999608
4360	0.6339999999999608
4361	0.6579999999999608
4362	0.6919999999999609
4363	0.7649999999999608
4364	0.8349999999999609
4365	0.8909999999999609
4366	0.941999999999961
4367	0.964999999999961
4368	0.969999999999961
4369	0.970999999999961
4370	0.971999999999961
4371	0.970999999999961
4372	0.970999999999961
4373	0.900999999999961
4374	0.6829999999999611
4375	0.6129999999999611
4376	0.5769999999999611
4377	0.5399999999999611
4378	0.4949999999999611
4379	0.4679999999999611
4380	0.4579999999999611
4381	0.4509999999999611
4382	0.4619999999999611
4383	0.5349999999999611
4384	0.633999999999961
4385	0.6579999999999611
4386	0.6919999999999611
4387	0.764999999999961
4388	0.8349999999999611
4389	0.8909999999999612
4390	0.9419999999999612
4391	0.9649999999999612
4392	0.9819999999999612
4393	0.9889999999999612
4394	0.9939999999999612
4395	0.9999999999999613
4396	0.9989999999999613
4397	0.9999999999999613
4398	0.9379999999999612
4399	0.7669999999999613
4400	0.7209999999999612
4401	0.6719999999999612
4402	0.6219999999999611
4403	0.5899999999999611
4404	0.5829999999999611
4405	0.6029999999999611
4406	0.6339999999999612
4407	0.6989999999999612
4408	0.7299999999999612
4409	0.7649999999999613
4410	0.8069999999999613
4411	0.8589999999999614
4412	0.8959999999999614
4413	0.9149999999999614
4414	0.9469999999999614
4415	0.9649999999999614
4416	0.9819999999999615
4417	0.9889999999999615
4418	0.9939999999999615
4419	0.9999999999999615
4420	0.9989999999999615
4421	0.9999999999999615
4422	0.9379999999999614
4423	0.7669999999999615
4424	0.7209999999999614
4425	0.6719999999999614
4426	0.6219999999999614
4427	0.5899999999999613
4428	0.5829999999999613
4429	0.6029999999999613
4430	0.6339999999999614
4431	0.6989999999999614
4432	0.7299999999999615
4433	0.7649999999999615
4434	0.8069999999999615
4435	0.8589999999999616
4436	0.8959999999999616
4437	0.9149999999999616
4438	0.9469999999999617
4439	0.9649999999999617
4440	0.9699999999999617
4441	0.9709999999999617
4442	0.9719999999999617
4443	0.9709999999999617
4444	0.9709999999999617
4445	0.9009999999999617
4446	0.6829999999999617
4447	0.6129999999999618
4448	0.5769999999999618
4449	0.5399999999999617
4450	0.49499999999996175
4451	0.4679999999999618
4452	0.45799999999996177
4453	0.45099999999996176
4454	0.4619999999999618
4455	0.5349999999999617
4456	0.6339999999999617
4457	0.6579999999999617
4458	0.6919999999999618
4459	0.7649999999999617
4460	0.8349999999999618
4461	0.8909999999999618
4462	0.9419999999999619
4463	0.9649999999999619
4464	0.9699999999999619
4465	0.9709999999999619
4466	0.9719999999999619
4467	0.9709999999999619
4468	0.9709999999999619
4469	0.9009999999999619
4470	0.682999999999962
4471	0.612999999999962
4472	0.576999999999962
4473	0.539999999999962
4474	0.49499999999996197
4475	0.467999999999962
4476	0.457999999999962
4477	0.450999999999962
4478	0.461999999999962
4479	0.534999999999962
4480	0.6339999999999619
4481	0.657999999999962
4482	0.691999999999962
4483	0.7649999999999619
4484	0.834999999999962
4485	0.890999999999962
4486	0.9419999999999621
4487	0.9649999999999621
4488	0.9699999999999621
4489	0.9709999999999621
4490	0.9719999999999621
4491	0.9709999999999621
4492	0.9709999999999621
4493	0.9009999999999622
4494	0.6829999999999622
4495	0.6129999999999622
4496	0.5769999999999622
4497	0.5399999999999622
4498	0.4949999999999622
4499	0.4679999999999622
4500	0.4579999999999622
4501	0.4509999999999622
4502	0.4619999999999622
4503	0.5349999999999622
4504	0.6339999999999621
4505	0.6579999999999622
4506	0.6919999999999622
4507	0.7649999999999622
4508	0.8349999999999622
4509	0.8909999999999623
4510	0.9419999999999623
4511	0.9649999999999623
4512	0.9699999999999623
4513	0.9709999999999623
4514	0.9719999999999623
4515	0.9709999999999623
4516	0.9709999999999623
4517	0.9009999999999624
4518	0.6829999999999624
4519	0.6129999999999625
4520	0.5769999999999624
4521	0.5399999999999624
4522	0.4949999999999624
4523	0.46799999999996245
4524	0.45799999999996244
4525	0.45099999999996243
4526	0.46199999999996244
4527	0.5349999999999624
4528	0.6339999999999624
4529	0.6579999999999624
4530	0.6919999999999624
4531	0.7649999999999624
4532	0.8349999999999624
4533	0.8909999999999625
4534	0.9419999999999625
4535	0.9649999999999626
4536	0.9699999999999626
4537	0.9709999999999626
4538	0.9719999999999626
4539	0.9709999999999626
4540	0.9709999999999626
4541	0.9009999999999626
4542	0.6829999999999626
4543	0.6129999999999627
4544	0.5769999999999627
4545	0.5399999999999626
4546	0.49499999999996264
4547	0.46799999999996267
4548	0.45799999999996266
4549	0.45099999999996265
4550	0.46199999999996266
4551	0.5349999999999626
4552	0.6339999999999626
4553	0.6579999999999626
4554	0.6919999999999626
4555	0.7649999999999626
4556	0.8349999999999627
4557	0.8909999999999627
4558	0.9419999999999628
4559	0.9649999999999628
4560	0.9819999999999628
4561	0.9889999999999628
4562	0.9939999999999628
4563	0.9999999999999628
4564	0.9989999999999628
4565	0.9999999999999628
4566	0.9379999999999628
4567	0.7669999999999628
4568	0.7209999999999628
4569	0.6719999999999627
4570	0.6219999999999627
4571	0.5899999999999627
4572	0.5829999999999627
4573	0.6029999999999627
4574	0.6339999999999627
4575	0.6989999999999628
4576	0.7299999999999628
4577	0.7649999999999628
4578	0.8069999999999629
4579	0.8589999999999629
4580	0.8959999999999629
4581	0.914999999999963
4582	0.946999999999963
4583	0.964999999999963
4584	0.981999999999963
4585	0.988999999999963
4586	0.993999999999963
4587	0.999999999999963
4588	0.998999999999963
4589	0.999999999999963
4590	0.937999999999963
4591	0.766999999999963
4592	0.720999999999963
4593	0.671999999999963
4594	0.6219999999999629
4595	0.5899999999999629
4596	0.5829999999999629
4597	0.6029999999999629
4598	0.6339999999999629
4599	0.698999999999963
4600	0.729999999999963
4601	0.764999999999963
4602	0.8069999999999631
4603	0.8589999999999631
4604	0.8959999999999632
4605	0.9149999999999632
4606	0.9469999999999632
4607	0.9649999999999632
4608	0.9699999999999632
4609	0.9709999999999632
4610	0.9719999999999632
4611	0.9709999999999632
4612	0.9709999999999632
4613	0.9009999999999633
4614	0.6829999999999633
4615	0.6129999999999634
4616	0.5769999999999633
4617	0.5399999999999633
4618	0.4949999999999633
4619	0.46799999999996333
4620	0.4579999999999633
4621	0.4509999999999633
4622	0.46199999999996333
4623	0.5349999999999633
4624	0.6339999999999633
4625	0.6579999999999633
4626	0.6919999999999633
4627	0.7649999999999633
4628	0.8349999999999633
4629	0.8909999999999634
4630	0.9419999999999634
4631	0.9649999999999634
4632	0.9699999999999634
4633	0.9709999999999634
4634	0.9719999999999634
4635	0.9709999999999634
4636	0.9709999999999634
4637	0.9009999999999635
4638	0.6829999999999635
4639	0.6129999999999636
4640	0.5769999999999635
4641	0.5399999999999635
4642	0.4949999999999635
4643	0.46799999999996356
4644	0.45799999999996355
4645	0.45099999999996354
4646	0.46199999999996355
4647	0.5349999999999635
4648	0.6339999999999635
4649	0.6579999999999635
4650	0.6919999999999635
4651	0.7649999999999635
4652	0.8349999999999635
4653	0.8909999999999636
4654	0.9419999999999636
4655	0.9649999999999637
4656	0.9699999999999637
4657	0.9709999999999637
4658	0.9719999999999637
4659	0.9709999999999637
4660	0.9709999999999637
4661	0.9009999999999637
4662	0.6829999999999637
4663	0.6129999999999638
4664	0.5769999999999638
4665	0.5399999999999637
4666	0.49499999999996375
4667	0.4679999999999638
4668	0.45799999999996377
4669	0.45099999999996376
4670	0.4619999999999638
4671	0.5349999999999637
4672	0.6339999999999637
4673	0.6579999999999637
4674	0.6919999999999638
4675	0.7649999999999637
4676	0.8349999999999638
4677	0.8909999999999638
4678	0.9419999999999639
4679	0.9649999999999639
4680	0.9699999999999639
4681	0.9709999999999639
4682	0.9719999999999639
4683	0.9709999999999639
4684	0.9709999999999639
4685	0.9009999999999639
4686	0.682999999999964
4687	0.612999999999964
4688	0.576999999999964
4689	0.539999999999964
4690	0.49499999999996397
4691	0.467999999999964
4692	0.457999999999964
4693	0.450999999999964
4694	0.461999999999964
4695	0.534999999999964
4696	0.6339999999999639
4697	0.657999999999964
4698	0.691999999999964
4699	0.7649999999999639
4700	0.834999999999964
4701	0.890999999999964
4702	0.9419999999999641
4703	0.9649999999999641
4704	0.9699999999999641
4705	0.9709999999999641
4706	0.9719999999999641
4707	0.9709999999999641
4708	0.9709999999999641
4709	0.9009999999999642
4710	0.6829999999999642
4711	0.6129999999999642
4712	0.5769999999999642
4713	0.5399999999999642
4714	0.4949999999999642
4715	0.4679999999999642
4716	0.4579999999999642
4717	0.4509999999999642
4718	0.4619999999999642
4719	0.5349999999999642
4720	0.6339999999999641
4721	0.6579999999999642
4722	0.6919999999999642
4723	0.7649999999999642
4724	0.8349999999999642
4725	0.8909999999999643
4726	0.9419999999999643
4727	0.9649999999999643
4728	0.9819999999999643
4729	0.9889999999999644
4730	0.9939999999999644
4731	0.9999999999999644
4732	0.9989999999999644
4733	0.9999999999999644
4734	0.9379999999999643
4735	0.7669999999999644
4736	0.7209999999999643
4737	0.6719999999999643
4738	0.6219999999999642
4739	0.5899999999999642
4740	0.5829999999999642
4741	0.6029999999999642
4742	0.6339999999999643
4743	0.6989999999999643
4744	0.7299999999999643
4745	0.7649999999999644
4746	0.8069999999999644
4747	0.8589999999999645
4748	0.8959999999999645
4749	0.9149999999999645
4750	0.9469999999999645
4751	0.9649999999999646
4752	0.9819999999999646
4753	0.9889999999999646
4754	0.9939999999999646
4755	0.9999999999999646
4756	0.9989999999999646
4757	0.9999999999999646
4758	0.9379999999999645
4759	0.7669999999999646
4760	0.7209999999999646
4761	0.6719999999999645
4762	0.6219999999999645
4763	0.5899999999999644
4764	0.5829999999999644
4765	0.6029999999999645
4766	0.6339999999999645
4767	0.6989999999999645
4768	0.7299999999999646
4769	0.7649999999999646
4770	0.8069999999999646
4771	0.8589999999999647
4772	0.8959999999999647
4773	0.9149999999999647
4774	0.9469999999999648
4775	0.9649999999999648
4776	0.9699999999999648
4777	0.9709999999999648
4778	0.9719999999999648
4779	0.9709999999999648
4780	0.9709999999999648
4781	0.9009999999999648
4782	0.6829999999999649
4783	0.6129999999999649
4784	0.5769999999999649
4785	0.5399999999999648
4786	0.49499999999996486
4787	0.4679999999999649
4788	0.4579999999999649
4789	0.4509999999999649
4790	0.4619999999999649
4791	0.5349999999999648
4792	0.6339999999999648
4793	0.6579999999999648
4794	0.6919999999999649
4795	0.7649999999999648
4796	0.8349999999999649
4797	0.8909999999999649
4798	0.941999999999965
4799	0.964999999999965
4800	0.969999999999965
4801	0.970999999999965
4802	0.971999999999965
4803	0.970999999999965
4804	0.970999999999965
4805	0.900999999999965
4806	0.6829999999999651
4807	0.6129999999999651
4808	0.5769999999999651
4809	0.5399999999999651
4810	0.4949999999999651
4811	0.4679999999999651
4812	0.4579999999999651
4813	0.4509999999999651
4814	0.4619999999999651
4815	0.5349999999999651
4816	0.633999999999965
4817	0.6579999999999651
4818	0.6919999999999651
4819	0.764999999999965
4820	0.8349999999999651
4821	0.8909999999999652
4822	0.9419999999999652
4823	0.9649999999999652
4824	0.9699999999999652
4825	0.9709999999999652
4826	0.9719999999999652
4827	0.9709999999999652
4828	0.9709999999999652
4829	0.9009999999999653
4830	0.6829999999999653
4831	0.6129999999999654
4832	0.5769999999999653
4833	0.5399999999999653
4834	0.4949999999999653
4835	0.46799999999996533
4836	0.4579999999999653
4837	0.4509999999999653
4838	0.4619999999999653
4839	0.5349999999999653
4840	0.6339999999999653
4841	0.6579999999999653
4842	0.6919999999999653
4843	0.7649999999999653
4844	0.8349999999999653
4845	0.8909999999999654
4846	0.9419999999999654
4847	0.9649999999999654
4848	0.9699999999999654
4849	0.9709999999999654
4850	0.9719999999999654
4851	0.9709999999999654
4852	0.9709999999999654
4853	0.9009999999999655
4854	0.6829999999999655
4855	0.6129999999999656
4856	0.5769999999999655
4857	0.5399999999999655
4858	0.4949999999999655
4859	0.46799999999996555
4860	0.45799999999996555
4861	0.45099999999996554
4862	0.46199999999996555
4863	0.5349999999999655
4864	0.6339999999999655
4865	0.6579999999999655
4866	0.6919999999999655
4867	0.7649999999999655
4868	0.8349999999999655
4869	0.8909999999999656
4870	0.9419999999999656
4871	0.9649999999999657
4872	0.9699999999999657
4873	0.9709999999999657
4874	0.9719999999999657
4875	0.9709999999999657
4876	0.9709999999999657
4877	0.9009999999999657
4878	0.6829999999999657
4879	0.6129999999999658
4880	0.5769999999999658
4881	0.5399999999999657
4882	0.49499999999996575
4883	0.4679999999999658
4884	0.45799999999996577
4885	0.45099999999996576
4886	0.46199999999996577
4887	0.5349999999999657
4888	0.6339999999999657
4889	0.6579999999999657
4890	0.6919999999999658
4891	0.7649999999999657
4892	0.8349999999999658
4893	0.8909999999999658
4894	0.9419999999999659
4895	0.9649999999999659
4896	0.9819999999999659
4897	0.9889999999999659
4898	0.9939999999999659
4899	0.9999999999999659
4900	0.9989999999999659
4901	0.9999999999999659
4902	0.9379999999999659
4903	0.7669999999999659
4904	0.7209999999999659
4905	0.6719999999999658
4906	0.6219999999999658
4907	0.5899999999999658
4908	0.5829999999999658
4909	0.6029999999999658
4910	0.6339999999999658
4911	0.6989999999999659
4912	0.7299999999999659
4913	0.7649999999999659
4914	0.806999999999966
4915	0.858999999999966
4916	0.895999999999966
4917	0.9149999999999661
4918	0.9469999999999661
4919	0.9649999999999661
4920	0.9819999999999661
4921	0.9889999999999661
4922	0.9939999999999661
4923	0.9999999999999661
4924	0.9989999999999661
4925	0.9999999999999661
4926	0.9379999999999661
4927	0.7669999999999662
4928	0.7209999999999661
4929	0.6719999999999661
4930	0.621999999999966
4931	0.589999999999966
4932	0.582999999999966
4933	0.602999999999966
4934	0.633999999999966
4935	0.6989999999999661
4936	0.7299999999999661
4937	0.7649999999999662
4938	0.8069999999999662
4939	0.8589999999999662
4940	0.8959999999999663
4941	0.9149999999999663
4942	0.9469999999999663
4943	0.9649999999999663
4944	0.9699999999999663
4945	0.9709999999999663
4946	0.9719999999999663
4947	0.9709999999999663
4948	0.9709999999999663
4949	0.9009999999999664
4950	0.6829999999999664
4951	0.6129999999999665
4952	0.5769999999999664
4953	0.5399999999999664
4954	0.4949999999999664
4955	0.46799999999996644
4956	0.45799999999996643
4957	0.4509999999999664
4958	0.46199999999996644
4959	0.5349999999999664
4960	0.6339999999999664
4961	0.6579999999999664
4962	0.6919999999999664
4963	0.7649999999999664
4964	0.8349999999999664
4965	0.8909999999999665
4966	0.9419999999999665
4967	0.9649999999999666
4968	0.9699999999999666
4969	0.9709999999999666
4970	0.9719999999999666
4971	0.9709999999999666
4972	0.9709999999999666
4973	0.9009999999999666
4974	0.6829999999999666
4975	0.6129999999999667
4976	0.5769999999999667
4977	0.5399999999999666
4978	0.49499999999996663
4979	0.46799999999996666
4980	0.45799999999996666
4981	0.45099999999996665
4982	0.46199999999996666
4983	0.5349999999999666
4984	0.6339999999999666
4985	0.6579999999999666
4986	0.6919999999999666
4987	0.7649999999999666
4988	0.8349999999999667
4989	0.8909999999999667
4990	0.9419999999999668
4991	0.9649999999999668
4992	0.9699999999999668
4993	0.9709999999999668
4994	0.9719999999999668
4995	0.9709999999999668
4996	0.9709999999999668
4997	0.9009999999999668
4998	0.6829999999999669
4999	0.6129999999999669
5000	0.5769999999999669
5001	0.5399999999999668
5002	0.49499999999996686
5003	0.4679999999999669
5004	0.4579999999999669
5005	0.45099999999996687
5006	0.4619999999999669
5007	0.5349999999999668
5008	0.6339999999999668
5009	0.6579999999999668
5010	0.6919999999999669
5011	0.7649999999999668
5012	0.8349999999999669
5013	0.8909999999999669
5014	0.941999999999967
5015	0.964999999999967
5016	0.969999999999967
5017	0.970999999999967
5018	0.971999999999967
5019	0.970999999999967
5020	0.970999999999967
5021	0.900999999999967
5022	0.6829999999999671
5023	0.6129999999999671
5024	0.5769999999999671
5025	0.5399999999999671
5026	0.4949999999999671
5027	0.4679999999999671
5028	0.4579999999999671
5029	0.4509999999999671
5030	0.4619999999999671
5031	0.5349999999999671
5032	0.633999999999967
5033	0.6579999999999671
5034	0.6919999999999671
5035	0.764999999999967
5036	0.8349999999999671
5037	0.8909999999999672
5038	0.9419999999999672
5039	0.9649999999999672
5040	0.9699999999999672
5041	0.9709999999999672
5042	0.9719999999999672
5043	0.9709999999999672
5044	0.9709999999999672
5045	0.9009999999999673
5046	0.6829999999999673
5047	0.6129999999999673
5048	0.5769999999999673
5049	0.5399999999999673
5050	0.4949999999999673
5051	0.46799999999996733
5052	0.4579999999999673
5053	0.4509999999999673
5054	0.4619999999999673
5055	0.5349999999999673
5056	0.6339999999999673
5057	0.6579999999999673
5058	0.6919999999999673
5059	0.7649999999999673
5060	0.8349999999999673
5061	0.8909999999999674
5062	0.9419999999999674
5063	0.9649999999999674
5064	0.9819999999999675
5065	0.9889999999999675
5066	0.9939999999999675
5067	0.9999999999999675
5068	0.9989999999999675
5069	0.9999999999999675
5070	0.9379999999999674
5071	0.7669999999999675
5072	0.7209999999999674
5073	0.6719999999999674
5074	0.6219999999999674
5075	0.5899999999999673
5076	0.5829999999999673
5077	0.6029999999999673
5078	0.6339999999999674
5079	0.6989999999999674
5080	0.7299999999999675
5081	0.7649999999999675
5082	0.8069999999999675
5083	0.8589999999999676
5084	0.8959999999999676
5085	0.9149999999999676
5086	0.9469999999999676
5087	0.9649999999999677
5088	0.9819999999999677
5089	0.9889999999999677
5090	0.9939999999999677
5091	0.9999999999999677
5092	0.9989999999999677
5093	0.9999999999999677
5094	0.9379999999999676
5095	0.7669999999999677
5096	0.7209999999999677
5097	0.6719999999999676
5098	0.6219999999999676
5099	0.5899999999999676
5100	0.5829999999999675
5101	0.6029999999999676
5102	0.6339999999999676
5103	0.6989999999999676
5104	0.7299999999999677
5105	0.7649999999999677
5106	0.8069999999999677
5107	0.8589999999999678
5108	0.8959999999999678
5109	0.9149999999999678
5110	0.9469999999999679
5111	0.9649999999999679
5112	0.9699999999999679
5113	0.9709999999999679
5114	0.9719999999999679
5115	0.9709999999999679
5116	0.9709999999999679
5117	0.9009999999999679
5118	0.682999999999968
5119	0.612999999999968
5120	0.576999999999968
5121	0.539999999999968
5122	0.49499999999996797
5123	0.467999999999968
5124	0.457999999999968
5125	0.450999999999968
5126	0.461999999999968
5127	0.534999999999968
5128	0.6339999999999679
5129	0.6579999999999679
5130	0.691999999999968
5131	0.7649999999999679
5132	0.834999999999968
5133	0.890999999999968
5134	0.9419999999999681
5135	0.9649999999999681
5136	0.9699999999999681
5137	0.9709999999999681
5138	0.9719999999999681
5139	0.9709999999999681
5140	0.9709999999999681
5141	0.9009999999999682
5142	0.6829999999999682
5143	0.6129999999999682
5144	0.5769999999999682
5145	0.5399999999999682
5146	0.4949999999999682
5147	0.4679999999999682
5148	0.4579999999999682
5149	0.4509999999999682
5150	0.4619999999999682
5151	0.5349999999999682
5152	0.6339999999999681
5153	0.6579999999999682
5154	0.6919999999999682
5155	0.7649999999999681
5156	0.8349999999999682
5157	0.8909999999999683
5158	0.9419999999999683
5159	0.9649999999999683
5160	0.9699999999999683
5161	0.9709999999999683
5162	0.9719999999999683
5163	0.9709999999999683
5164	0.9709999999999683
5165	0.9009999999999684
5166	0.6829999999999684
5167	0.6129999999999685
5168	0.5769999999999684
5169	0.5399999999999684
5170	0.4949999999999684
5171	0.46799999999996844
5172	0.45799999999996843
5173	0.4509999999999684
5174	0.46199999999996844
5175	0.5349999999999684
5176	0.6339999999999684
5177	0.6579999999999684
5178	0.6919999999999684
5179	0.7649999999999684
5180	0.8349999999999684
5181	0.8909999999999685
5182	0.9419999999999685
5183	0.9649999999999685
5184	0.9699999999999686
5185	0.9709999999999686
5186	0.9719999999999686
5187	0.9709999999999686
5188	0.9709999999999686
5189	0.9009999999999686
5190	0.6829999999999686
5191	0.6129999999999687
5192	0.5769999999999686
5193	0.5399999999999686
5194	0.49499999999996863
5195	0.46799999999996866
5196	0.45799999999996865
5197	0.45099999999996865
5198	0.46199999999996866
5199	0.5349999999999686
5200	0.6339999999999686
5201	0.6579999999999686
5202	0.6919999999999686
5203	0.7649999999999686
5204	0.8349999999999687
5205	0.8909999999999687
5206	0.9419999999999688
5207	0.9649999999999688
5208	0.9699999999999688
5209	0.9709999999999688
5210	0.9719999999999688
5211	0.9709999999999688
5212	0.9709999999999688
5213	0.9009999999999688
5214	0.6829999999999689
5215	0.6129999999999689
5216	0.5769999999999689
5217	0.5399999999999688
5218	0.49499999999996885
5219	0.4679999999999689
5220	0.4579999999999689
5221	0.45099999999996887
5222	0.4619999999999689
5223	0.5349999999999688
5224	0.6339999999999688
5225	0.6579999999999688
5226	0.6919999999999689
5227	0.7649999999999688
5228	0.8349999999999689
5229	0.8909999999999689
5230	0.941999999999969
5231	0.964999999999969
5232	0.981999999999969
5233	0.988999999999969
5234	0.993999999999969
5235	0.999999999999969
5236	0.998999999999969
5237	0.999999999999969
5238	0.937999999999969
5239	0.766999999999969
5240	0.720999999999969
5241	0.671999999999969
5242	0.6219999999999689
5243	0.5899999999999689
5244	0.5829999999999689
5245	0.6029999999999689
5246	0.6339999999999689
5247	0.698999999999969
5248	0.729999999999969
5249	0.764999999999969
5250	0.8069999999999691
5251	0.8589999999999691
5252	0.8959999999999692
5253	0.9149999999999692
5254	0.9469999999999692
5255	0.9649999999999692
5256	0.9819999999999692
5257	0.9889999999999692
5258	0.9939999999999692
5259	0.9999999999999692
5260	0.9989999999999692
5261	0.9999999999999692
5262	0.9379999999999692
5263	0.7669999999999693
5264	0.7209999999999692
5265	0.6719999999999692
5266	0.6219999999999691
5267	0.5899999999999691
5268	0.5829999999999691
5269	0.6029999999999691
5270	0.6339999999999691
5271	0.6989999999999692
5272	0.7299999999999692
5273	0.7649999999999693
5274	0.8069999999999693
5275	0.8589999999999693
5276	0.8959999999999694
5277	0.9149999999999694
5278	0.9469999999999694
5279	0.9649999999999694
5280	0.9699999999999694
5281	0.9709999999999694
5282	0.9719999999999694
5283	0.9709999999999694
5284	0.9709999999999694
5285	0.9009999999999695
5286	0.6829999999999695
5287	0.6129999999999696
5288	0.5769999999999695
5289	0.5399999999999695
5290	0.4949999999999695
5291	0.46799999999996955
5292	0.45799999999996954
5293	0.45099999999996954
5294	0.46199999999996955
5295	0.5349999999999695
5296	0.6339999999999695
5297	0.6579999999999695
5298	0.6919999999999695
5299	0.7649999999999695
5300	0.8349999999999695
5301	0.8909999999999696
5302	0.9419999999999696
5303	0.9649999999999697
5304	0.9699999999999697
5305	0.9709999999999697
5306	0.9719999999999697
5307	0.9709999999999697
5308	0.9709999999999697
5309	0.9009999999999697
5310	0.6829999999999697
5311	0.6129999999999698
5312	0.5769999999999698
5313	0.5399999999999697
5314	0.49499999999996974
5315	0.4679999999999698
5316	0.45799999999996976
5317	0.45099999999996976
5318	0.46199999999996977
5319	0.5349999999999697
5320	0.6339999999999697
5321	0.6579999999999697
5322	0.6919999999999698
5323	0.7649999999999697
5324	0.8349999999999698
5325	0.8909999999999698
5326	0.9419999999999699
5327	0.9649999999999699
5328	0.9699999999999699
5329	0.9709999999999699
5330	0.9719999999999699
5331	0.9709999999999699
5332	0.9709999999999699
5333	0.9009999999999699
5334	0.68299999999997
5335	0.61299999999997
5336	0.57699999999997
5337	0.53999999999997
5338	0.49499999999996996
5339	0.46799999999997
5340	0.45799999999997
5341	0.45099999999997
5342	0.46199999999997
5343	0.5349999999999699
5344	0.6339999999999699
5345	0.6579999999999699
5346	0.69199999999997
5347	0.7649999999999699
5348	0.83499999999997
5349	0.89099999999997
5350	0.9419999999999701
5351	0.9649999999999701
5352	0.9699999999999701
5353	0.9709999999999701
5354	0.9719999999999701
5355	0.9709999999999701
5356	0.9709999999999701
5357	0.9009999999999702
5358	0.6829999999999702
5359	0.6129999999999702
5360	0.5769999999999702
5361	0.5399999999999702
5362	0.4949999999999702
5363	0.4679999999999702
5364	0.4579999999999702
5365	0.4509999999999702
5366	0.4619999999999702
5367	0.5349999999999702
5368	0.6339999999999701
5369	0.6579999999999702
5370	0.6919999999999702
5371	0.7649999999999701
5372	0.8349999999999702
5373	0.8909999999999703
5374	0.9419999999999703
5375	0.9649999999999703
5376	0.9699999999999703
5377	0.9709999999999703
5378	0.9719999999999703
5379	0.9709999999999703
5380	0.9709999999999703
5381	0.9009999999999704
5382	0.6829999999999704
5383	0.6129999999999705
5384	0.5769999999999704
5385	0.5399999999999704
5386	0.4949999999999704
5387	0.46799999999997044
5388	0.45799999999997043
5389	0.4509999999999704
5390	0.46199999999997043
5391	0.5349999999999704
5392	0.6339999999999704
5393	0.6579999999999704
5394	0.6919999999999704
5395	0.7649999999999704
5396	0.8349999999999704
5397	0.8909999999999705
5398	0.9419999999999705
5399	0.9649999999999705
5400	0.9819999999999706
5401	0.9889999999999706
5402	0.9939999999999706
5403	0.9999999999999706
5404	0.9989999999999706
5405	0.9999999999999706
5406	0.9379999999999705
5407	0.7669999999999706
5408	0.7209999999999706
5409	0.6719999999999705
5410	0.6219999999999705
5411	0.5899999999999704
5412	0.5829999999999704
5413	0.6029999999999704
5414	0.6339999999999705
5415	0.6989999999999705
5416	0.7299999999999706
5417	0.7649999999999706
5418	0.8069999999999706
5419	0.8589999999999707
5420	0.8959999999999707
5421	0.9149999999999707
5422	0.9469999999999708
5423	0.9649999999999708
5424	0.9819999999999708
5425	0.9889999999999708
5426	0.9939999999999708
5427	0.9999999999999708
5428	0.9989999999999708
5429	0.9999999999999708
5430	0.9379999999999707
5431	0.7669999999999708
5432	0.7209999999999708
5433	0.6719999999999707
5434	0.6219999999999707
5435	0.5899999999999707
5436	0.5829999999999707
5437	0.6029999999999707
5438	0.6339999999999707
5439	0.6989999999999708
5440	0.7299999999999708
5441	0.7649999999999708
5442	0.8069999999999709
5443	0.8589999999999709
5444	0.8959999999999709
5445	0.914999999999971
5446	0.946999999999971
5447	0.964999999999971
5448	0.969999999999971
5449	0.970999999999971
5450	0.971999999999971
5451	0.970999999999971
5452	0.970999999999971
5453	0.900999999999971
5454	0.6829999999999711
5455	0.6129999999999711
5456	0.5769999999999711
5457	0.5399999999999711
5458	0.4949999999999711
5459	0.4679999999999711
5460	0.4579999999999711
5461	0.4509999999999711
5462	0.4619999999999711
5463	0.534999999999971
5464	0.633999999999971
5465	0.657999999999971
5466	0.6919999999999711
5467	0.764999999999971
5468	0.8349999999999711
5469	0.8909999999999711
5470	0.9419999999999712
5471	0.9649999999999712
5472	0.9699999999999712
5473	0.9709999999999712
5474	0.9719999999999712
5475	0.9709999999999712
5476	0.9709999999999712
5477	0.9009999999999713
5478	0.6829999999999713
5479	0.6129999999999713
5480	0.5769999999999713
5481	0.5399999999999713
5482	0.4949999999999713
5483	0.46799999999997133
5484	0.4579999999999713
5485	0.4509999999999713
5486	0.4619999999999713
5487	0.5349999999999713
5488	0.6339999999999713
5489	0.6579999999999713
5490	0.6919999999999713
5491	0.7649999999999713
5492	0.8349999999999713
5493	0.8909999999999714
5494	0.9419999999999714
5495	0.9649999999999714
5496	0.9699999999999714
5497	0.9709999999999714
5498	0.9719999999999714
5499	0.9709999999999714
5500	0.9709999999999714
5501	0.9009999999999715
5502	0.6829999999999715
5503	0.6129999999999716
5504	0.5769999999999715
5505	0.5399999999999715
5506	0.4949999999999715
5507	0.46799999999997155
5508	0.45799999999997154
5509	0.45099999999997153
5510	0.46199999999997154
5511	0.5349999999999715
5512	0.6339999999999715
5513	0.6579999999999715
5514	0.6919999999999715
5515	0.7649999999999715
5516	0.8349999999999715
5517	0.8909999999999716
5518	0.9419999999999716
5519	0.9649999999999717
5520	0.9699999999999717
5521	0.9709999999999717
5522	0.9719999999999717
5523	0.9709999999999717
5524	0.9709999999999717
5525	0.9009999999999717
5526	0.6829999999999717
5527	0.6129999999999718
5528	0.5769999999999718
5529	0.5399999999999717
5530	0.49499999999997174
5531	0.46799999999997177
5532	0.45799999999997176
5533	0.45099999999997176
5534	0.46199999999997177
5535	0.5349999999999717
5536	0.6339999999999717
5537	0.6579999999999717
5538	0.6919999999999717
5539	0.7649999999999717
5540	0.8349999999999718
5541	0.8909999999999718
5542	0.9419999999999719
5543	0.9649999999999719
5544	0.9699999999999719
5545	0.9709999999999719
5546	0.9719999999999719
5547	0.9709999999999719
5548	0.9709999999999719
5549	0.9009999999999719
5550	0.682999999999972
5551	0.612999999999972
5552	0.576999999999972
5553	0.539999999999972
5554	0.49499999999997196
5555	0.467999999999972
5556	0.457999999999972
5557	0.450999999999972
5558	0.461999999999972
5559	0.5349999999999719
5560	0.6339999999999719
5561	0.6579999999999719
5562	0.691999999999972
5563	0.7649999999999719
5564	0.834999999999972
5565	0.890999999999972
5566	0.9419999999999721
5567	0.9649999999999721
5568	0.9819999999999721
5569	0.9889999999999721
5570	0.9939999999999721
5571	0.9999999999999721
5572	0.9989999999999721
5573	0.9999999999999721
5574	0.9379999999999721
5575	0.7669999999999721
5576	0.7209999999999721
5577	0.6719999999999721
5578	0.621999999999972
5579	0.589999999999972
5580	0.582999999999972
5581	0.602999999999972
5582	0.633999999999972
5583	0.6989999999999721
5584	0.7299999999999721
5585	0.7649999999999721
5586	0.8069999999999722
5587	0.8589999999999722
5588	0.8959999999999723
5589	0.9149999999999723
5590	0.9469999999999723
5591	0.9649999999999723
5592	0.9819999999999723
5593	0.9889999999999723
5594	0.9939999999999724
5595	0.9999999999999724
5596	0.9989999999999724
5597	0.9999999999999724
5598	0.9379999999999723
5599	0.7669999999999724
5600	0.7209999999999723
5601	0.6719999999999723
5602	0.6219999999999722
5603	0.5899999999999722
5604	0.5829999999999722
5605	0.6029999999999722
5606	0.6339999999999723
5607	0.6989999999999723
5608	0.7299999999999723
5609	0.7649999999999724
5610	0.8069999999999724
5611	0.8589999999999725
5612	0.8959999999999725
5613	0.9149999999999725
5614	0.9469999999999725
5615	0.9649999999999725
5616	0.9699999999999726
5617	0.9709999999999726
5618	0.9719999999999726
5619	0.9709999999999726
5620	0.9709999999999726
5621	0.9009999999999726
5622	0.6829999999999726
5623	0.6129999999999727
5624	0.5769999999999726
5625	0.5399999999999726
5626	0.49499999999997263
5627	0.46799999999997266
5628	0.45799999999997265
5629	0.45099999999997264
5630	0.46199999999997265
5631	0.5349999999999726
5632	0.6339999999999726
5633	0.6579999999999726
5634	0.6919999999999726
5635	0.7649999999999726
5636	0.8349999999999727
5637	0.8909999999999727
5638	0.9419999999999727
5639	0.9649999999999728
5640	0.9699999999999728
5641	0.9709999999999728
5642	0.9719999999999728
5643	0.9709999999999728
5644	0.9709999999999728
5645	0.9009999999999728
5646	0.6829999999999729
5647	0.6129999999999729
5648	0.5769999999999729
5649	0.5399999999999728
5650	0.49499999999997285
5651	0.4679999999999729
5652	0.4579999999999729
5653	0.45099999999997287
5654	0.4619999999999729
5655	0.5349999999999728
5656	0.6339999999999728
5657	0.6579999999999728
5658	0.6919999999999729
5659	0.7649999999999728
5660	0.8349999999999729
5661	0.8909999999999729
5662	0.941999999999973
5663	0.964999999999973
5664	0.969999999999973
5665	0.970999999999973
5666	0.971999999999973
5667	0.970999999999973
5668	0.970999999999973
5669	0.900999999999973
5670	0.6829999999999731
5671	0.6129999999999731
5672	0.5769999999999731
5673	0.5399999999999731
5674	0.4949999999999731
5675	0.4679999999999731
5676	0.4579999999999731
5677	0.4509999999999731
5678	0.4619999999999731
5679	0.534999999999973
5680	0.633999999999973
5681	0.657999999999973
5682	0.6919999999999731
5683	0.764999999999973
5684	0.8349999999999731
5685	0.8909999999999731
5686	0.9419999999999732
5687	0.9649999999999732
5688	0.9699999999999732
5689	0.9709999999999732
5690	0.9719999999999732
5691	0.9709999999999732
5692	0.9709999999999732
5693	0.9009999999999733
5694	0.6829999999999733
5695	0.6129999999999733
5696	0.5769999999999733
5697	0.5399999999999733
5698	0.4949999999999733
5699	0.4679999999999733
5700	0.4579999999999733
5701	0.4509999999999733
5702	0.4619999999999733
5703	0.5349999999999733
5704	0.6339999999999733
5705	0.6579999999999733
5706	0.6919999999999733
5707	0.7649999999999733
5708	0.8349999999999733
5709	0.8909999999999734
5710	0.9419999999999734
5711	0.9649999999999734
5712	0.9699999999999734
5713	0.9709999999999734
5714	0.9719999999999734
5715	0.9709999999999734
5716	0.9709999999999734
5717	0.9009999999999735
5718	0.6829999999999735
5719	0.6129999999999736
5720	0.5769999999999735
5721	0.5399999999999735
5722	0.4949999999999735
5723	0.46799999999997355
5724	0.45799999999997354
5725	0.45099999999997353
5726	0.46199999999997354
5727	0.5349999999999735
5728	0.6339999999999735
5729	0.6579999999999735
5730	0.6919999999999735
5731	0.7649999999999735
5732	0.8349999999999735
5733	0.8909999999999736
5734	0.9419999999999736
5735	0.9649999999999737
5736	0.9819999999999737
5737	0.9889999999999737
5738	0.9939999999999737
5739	0.9999999999999737
5740	0.9989999999999737
5741	0.9999999999999737
5742	0.9379999999999736
5743	0.7669999999999737
5744	0.7209999999999737
5745	0.6719999999999736
5746	0.6219999999999736
5747	0.5899999999999735
5748	0.5829999999999735
5749	0.6029999999999736
5750	0.6339999999999736
5751	0.6989999999999736
5752	0.7299999999999737
5753	0.7649999999999737
5754	0.8069999999999737
5755	0.8589999999999738
5756	0.8959999999999738
5757	0.9149999999999738
5758	0.9469999999999739
5759	0.9649999999999739
5760	0.9819999999999739
5761	0.9889999999999739
5762	0.9939999999999739
5763	0.9999999999999739
5764	0.9989999999999739
5765	0.9999999999999739
5766	0.9379999999999739
5767	0.7669999999999739
5768	0.7209999999999739
5769	0.6719999999999738
5770	0.6219999999999738
5771	0.5899999999999738
5772	0.5829999999999738
5773	0.6029999999999738
5774	0.6339999999999738
5775	0.6989999999999739
5776	0.7299999999999739
5777	0.7649999999999739
5778	0.806999999999974
5779	0.858999999999974
5780	0.895999999999974
5781	0.9149999999999741
5782	0.9469999999999741
5783	0.9649999999999741
5784	0.9699999999999741
5785	0.9709999999999741
5786	0.9719999999999741
5787	0.9709999999999741
5788	0.9709999999999741
5789	0.9009999999999742
5790	0.6829999999999742
5791	0.6129999999999742
5792	0.5769999999999742
5793	0.5399999999999742
5794	0.4949999999999742
5795	0.4679999999999742
5796	0.4579999999999742
5797	0.4509999999999742
5798	0.4619999999999742
5799	0.5349999999999742
5800	0.6339999999999741
5801	0.6579999999999742
5802	0.6919999999999742
5803	0.7649999999999741
5804	0.8349999999999742
5805	0.8909999999999743
5806	0.9419999999999743
5807	0.9649999999999743
5808	0.9699999999999743
5809	0.9709999999999743
5810	0.9719999999999743
5811	0.9709999999999743
5812	0.9709999999999743
5813	0.9009999999999744
5814	0.6829999999999744
5815	0.6129999999999745
5816	0.5769999999999744
5817	0.5399999999999744
5818	0.4949999999999744
5819	0.46799999999997444
5820	0.4579999999999744
5821	0.4509999999999744
5822	0.46199999999997443
5823	0.5349999999999744
5824	0.6339999999999744
5825	0.6579999999999744
5826	0.6919999999999744
5827	0.7649999999999744
5828	0.8349999999999744
5829	0.8909999999999745
5830	0.9419999999999745
5831	0.9649999999999745
5832	0.9699999999999745
5833	0.9709999999999746
5834	0.9719999999999746
5835	0.9709999999999746
5836	0.9709999999999746
5837	0.9009999999999746
5838	0.6829999999999746
5839	0.6129999999999747
5840	0.5769999999999746
5841	0.5399999999999746
5842	0.4949999999999746
5843	0.46799999999997466
5844	0.45799999999997465
5845	0.45099999999997464
5846	0.46199999999997465
5847	0.5349999999999746
5848	0.6339999999999746
5849	0.6579999999999746
5850	0.6919999999999746
5851	0.7649999999999746
5852	0.8349999999999747
5853	0.8909999999999747
5854	0.9419999999999747
5855	0.9649999999999748
5856	0.9699999999999748
5857	0.9709999999999748
5858	0.9719999999999748
5859	0.9709999999999748
5860	0.9709999999999748
5861	0.9009999999999748
5862	0.6829999999999748
5863	0.6129999999999749
5864	0.5769999999999749
5865	0.5399999999999748
5866	0.49499999999997485
5867	0.4679999999999749
5868	0.45799999999997487
5869	0.45099999999997487
5870	0.4619999999999749
5871	0.5349999999999748
5872	0.6339999999999748
5873	0.6579999999999748
5874	0.6919999999999749
5875	0.7649999999999748
5876	0.8349999999999749
5877	0.8909999999999749
5878	0.941999999999975
5879	0.964999999999975
5880	0.969999999999975
5881	0.970999999999975
5882	0.971999999999975
5883	0.970999999999975
5884	0.970999999999975
5885	0.900999999999975
5886	0.6829999999999751
5887	0.6129999999999751
5888	0.5769999999999751
5889	0.539999999999975
5890	0.49499999999997507
5891	0.4679999999999751
5892	0.4579999999999751
5893	0.4509999999999751
5894	0.4619999999999751
5895	0.534999999999975
5896	0.633999999999975
5897	0.657999999999975
5898	0.6919999999999751
5899	0.764999999999975
5900	0.8349999999999751
5901	0.8909999999999751
5902	0.9419999999999752
5903	0.9649999999999752
5904	0.9819999999999752
5905	0.9889999999999752
5906	0.9939999999999752
5907	0.9999999999999752
5908	0.9989999999999752
5909	0.9999999999999752
5910	0.9379999999999752
5911	0.7669999999999753
5912	0.7209999999999752
5913	0.6719999999999752
5914	0.6219999999999751
5915	0.5899999999999751
5916	0.5829999999999751
5917	0.6029999999999751
5918	0.6339999999999751
5919	0.6989999999999752
5920	0.7299999999999752
5921	0.7649999999999753
5922	0.8069999999999753
5923	0.8589999999999753
5924	0.8959999999999754
5925	0.9149999999999754
5926	0.9469999999999754
5927	0.9649999999999754
5928	0.9819999999999754
5929	0.9889999999999755
5930	0.9939999999999755
5931	0.9999999999999755
5932	0.9989999999999755
5933	0.9999999999999755
5934	0.9379999999999754
5935	0.7669999999999755
5936	0.7209999999999754
5937	0.6719999999999754
5938	0.6219999999999754
5939	0.5899999999999753
5940	0.5829999999999753
5941	0.6029999999999753
5942	0.6339999999999754
5943	0.6989999999999754
5944	0.7299999999999754
5945	0.7649999999999755
5946	0.8069999999999755
5947	0.8589999999999756
5948	0.8959999999999756
5949	0.9149999999999756
5950	0.9469999999999756
5951	0.9649999999999757
5952	0.9699999999999757
5953	0.9709999999999757
5954	0.9719999999999757
5955	0.9709999999999757
5956	0.9709999999999757
5957	0.9009999999999757
5958	0.6829999999999757
5959	0.6129999999999758
5960	0.5769999999999758
5961	0.5399999999999757
5962	0.49499999999997574
5963	0.46799999999997577
5964	0.45799999999997576
5965	0.45099999999997575
5966	0.46199999999997576
5967	0.5349999999999757
5968	0.6339999999999757
5969	0.6579999999999757
5970	0.6919999999999757
5971	0.7649999999999757
5972	0.8349999999999758
5973	0.8909999999999758
5974	0.9419999999999759
5975	0.9649999999999759
5976	0.9699999999999759
5977	0.9709999999999759
5978	0.9719999999999759
5979	0.9709999999999759
5980	0.9709999999999759
5981	0.9009999999999759
5982	0.682999999999976
5983	0.612999999999976
5984	0.576999999999976
5985	0.5399999999999759
5986	0.49499999999997596
5987	0.467999999999976
5988	0.457999999999976
5989	0.450999999999976
5990	0.461999999999976
5991	0.5349999999999759
5992	0.6339999999999759
5993	0.6579999999999759
5994	0.691999999999976
5995	0.7649999999999759
5996	0.834999999999976
5997	0.890999999999976
5998	0.9419999999999761
5999	0.9649999999999761
6000	0.9699999999999761
6001	0.9709999999999761
6002	0.9719999999999761
6003	0.9709999999999761
6004	0.9709999999999761
6005	0.9009999999999762
6006	0.6829999999999762
6007	0.6129999999999762
6008	0.5769999999999762
6009	0.5399999999999762
6010	0.4949999999999762
6011	0.4679999999999762
6012	0.4579999999999762
6013	0.4509999999999762
6014	0.4619999999999762
6015	0.5349999999999762
6016	0.6339999999999761
6017	0.6579999999999762
6018	0.6919999999999762
6019	0.7649999999999761
6020	0.8349999999999762
6021	0.8909999999999763
6022	0.9419999999999763
6023	0.9649999999999763
6024	0.9699999999999763
6025	0.9709999999999763
6026	0.9719999999999763
6027	0.9709999999999763
6028	0.9709999999999763
6029	0.9009999999999764
6030	0.6829999999999764
6031	0.6129999999999765
6032	0.5769999999999764
6033	0.5399999999999764
6034	0.4949999999999764
6035	0.46799999999997643
6036	0.4579999999999764
6037	0.4509999999999764
6038	0.46199999999997643
6039	0.5349999999999764
6040	0.6339999999999764
6041	0.6579999999999764
6042	0.6919999999999764
6043	0.7649999999999764
6044	0.8349999999999764
6045	0.8909999999999765
6046	0.9419999999999765
6047	0.9649999999999765
6048	0.9699999999999765
6049	0.9709999999999765
6050	0.9719999999999765
6051	0.9709999999999765
6052	0.9709999999999765
6053	0.9009999999999766
6054	0.6829999999999766
6055	0.6129999999999767
6056	0.5769999999999766
6057	0.5399999999999766
6058	0.4949999999999766
6059	0.46799999999997666
6060	0.45799999999997665
6061	0.45099999999997664
6062	0.46199999999997665
6063	0.5349999999999766
6064	0.6339999999999766
6065	0.6579999999999766
6066	0.6919999999999766
6067	0.7649999999999766
6068	0.8349999999999766
6069	0.8909999999999767
6070	0.9419999999999767
6071	0.9649999999999768
6072	0.9819999999999768
6073	0.9889999999999768
6074	0.9939999999999768
6075	0.9999999999999768
6076	0.9989999999999768
6077	0.9999999999999768
6078	0.9379999999999767
6079	0.7669999999999768
6080	0.7209999999999768
6081	0.6719999999999767
6082	0.6219999999999767
6083	0.5899999999999767
6084	0.5829999999999766
6085	0.6029999999999767
6086	0.6339999999999767
6087	0.6989999999999768
6088	0.7299999999999768
6089	0.7649999999999768
6090	0.8069999999999768
6091	0.8589999999999769
6092	0.8959999999999769
6093	0.9149999999999769
6094	0.946999999999977
6095	0.964999999999977
6096	0.981999999999977
6097	0.988999999999977
6098	0.993999999999977
6099	0.999999999999977
6100	0.998999999999977
6101	0.999999999999977
6102	0.937999999999977
6103	0.766999999999977
6104	0.720999999999977
6105	0.671999999999977
6106	0.6219999999999769
6107	0.5899999999999769
6108	0.5829999999999769
6109	0.6029999999999769
6110	0.6339999999999769
6111	0.698999999999977
6112	0.729999999999977
6113	0.764999999999977
6114	0.8069999999999771
6115	0.8589999999999771
6116	0.8959999999999771
6117	0.9149999999999772
6118	0.9469999999999772
6119	0.9649999999999772
6120	0.9699999999999772
6121	0.9709999999999772
6122	0.9719999999999772
6123	0.9709999999999772
6124	0.9709999999999772
6125	0.9009999999999773
6126	0.6829999999999773
6127	0.6129999999999773
6128	0.5769999999999773
6129	0.5399999999999773
6130	0.4949999999999773
6131	0.4679999999999773
6132	0.4579999999999773
6133	0.4509999999999773
6134	0.4619999999999773
6135	0.5349999999999773
6136	0.6339999999999772
6137	0.6579999999999773
6138	0.6919999999999773
6139	0.7649999999999773
6140	0.8349999999999773
6141	0.8909999999999774
6142	0.9419999999999774
6143	0.9649999999999774
6144	0.9699999999999774
6145	0.9709999999999774
6146	0.9719999999999774
6147	0.9709999999999774
6148	0.9709999999999774
6149	0.9009999999999775
6150	0.6829999999999775
6151	0.6129999999999776
6152	0.5769999999999775
6153	0.5399999999999775
6154	0.4949999999999775
6155	0.46799999999997755
6156	0.45799999999997754
6157	0.45099999999997753
6158	0.46199999999997754
6159	0.5349999999999775
6160	0.6339999999999775
6161	0.6579999999999775
6162	0.6919999999999775
6163	0.7649999999999775
6164	0.8349999999999775
6165	0.8909999999999776
6166	0.9419999999999776
6167	0.9649999999999777
6168	0.9699999999999777
6169	0.9709999999999777
6170	0.9719999999999777
6171	0.9709999999999777
6172	0.9709999999999777
6173	0.9009999999999777
6174	0.6829999999999777
6175	0.6129999999999778
6176	0.5769999999999778
6177	0.5399999999999777
6178	0.49499999999997774
6179	0.46799999999997777
6180	0.45799999999997776
6181	0.45099999999997775
6182	0.46199999999997776
6183	0.5349999999999777
6184	0.6339999999999777
6185	0.6579999999999777
6186	0.6919999999999777
6187	0.7649999999999777
6188	0.8349999999999778
6189	0.8909999999999778
6190	0.9419999999999779
6191	0.9649999999999779
6192	0.9699999999999779
6193	0.9709999999999779
6194	0.9719999999999779
6195	0.9709999999999779
6196	0.9709999999999779
6197	0.9009999999999779
6198	0.682999999999978
6199	0.612999999999978
6200	0.576999999999978
6201	0.5399999999999779
6202	0.49499999999997796
6203	0.467999999999978
6204	0.457999999999978
6205	0.450999999999978
6206	0.461999999999978
6207	0.5349999999999779
6208	0.6339999999999779
6209	0.6579999999999779
6210	0.691999999999978
6211	0.7649999999999779
6212	0.834999999999978
6213	0.890999999999978
6214	0.9419999999999781
6215	0.9649999999999781
6216	0.9699999999999781
6217	0.9709999999999781
6218	0.9719999999999781
6219	0.9709999999999781
6220	0.9709999999999781
6221	0.9009999999999782
6222	0.6829999999999782
6223	0.6129999999999782
6224	0.5769999999999782
6225	0.5399999999999782
6226	0.4949999999999782
6227	0.4679999999999782
6228	0.4579999999999782
6229	0.4509999999999782
6230	0.4619999999999782
6231	0.5349999999999782
6232	0.6339999999999781
6233	0.6579999999999782
6234	0.6919999999999782
6235	0.7649999999999781
6236	0.8349999999999782
6237	0.8909999999999783
6238	0.9419999999999783
6239	0.9649999999999783
6240	0.9819999999999783
6241	0.9889999999999783
6242	0.9939999999999783
6243	0.9999999999999784
6244	0.9989999999999783
6245	0.9999999999999784
6246	0.9379999999999783
6247	0.7669999999999784
6248	0.7209999999999783
6249	0.6719999999999783
6250	0.6219999999999782
6251	0.5899999999999782
6252	0.5829999999999782
6253	0.6029999999999782
6254	0.6339999999999782
6255	0.6989999999999783
6256	0.7299999999999783
6257	0.7649999999999784
6258	0.8069999999999784
6259	0.8589999999999784
6260	0.8959999999999785
6261	0.9149999999999785
6262	0.9469999999999785
6263	0.9649999999999785
6264	0.9819999999999786
6265	0.9889999999999786
6266	0.9939999999999786
6267	0.9999999999999786
6268	0.9989999999999786
6269	0.9999999999999786
6270	0.9379999999999785
6271	0.7669999999999786
6272	0.7209999999999785
6273	0.6719999999999785
6274	0.6219999999999785
6275	0.5899999999999784
6276	0.5829999999999784
6277	0.6029999999999784
6278	0.6339999999999785
6279	0.6989999999999785
6280	0.7299999999999786
6281	0.7649999999999786
6282	0.8069999999999786
6283	0.8589999999999787
6284	0.8959999999999787
6285	0.9149999999999787
6286	0.9469999999999787
6287	0.9649999999999788
6288	0.9699999999999788
6289	0.9709999999999788
6290	0.9719999999999788
6291	0.9709999999999788
6292	0.9709999999999788
6293	0.9009999999999788
6294	0.6829999999999788
6295	0.6129999999999789
6296	0.5769999999999789
6297	0.5399999999999788
6298	0.49499999999997885
6299	0.4679999999999789
6300	0.45799999999997887
6301	0.45099999999997886
6302	0.46199999999997887
6303	0.5349999999999788
6304	0.6339999999999788
6305	0.6579999999999788
6306	0.6919999999999789
6307	0.7649999999999788
6308	0.8349999999999789
6309	0.8909999999999789
6310	0.941999999999979
6311	0.964999999999979
6312	0.969999999999979
6313	0.970999999999979
6314	0.971999999999979
6315	0.970999999999979
6316	0.970999999999979
6317	0.900999999999979
6318	0.6829999999999791
6319	0.6129999999999791
6320	0.5769999999999791
6321	0.539999999999979
6322	0.49499999999997907
6323	0.4679999999999791
6324	0.4579999999999791
6325	0.4509999999999791
6326	0.4619999999999791
6327	0.534999999999979
6328	0.633999999999979
6329	0.657999999999979
6330	0.6919999999999791
6331	0.764999999999979
6332	0.8349999999999791
6333	0.8909999999999791
6334	0.9419999999999792
6335	0.9649999999999792
6336	0.9699999999999792
6337	0.9709999999999792
6338	0.9719999999999792
6339	0.9709999999999792
6340	0.9709999999999792
6341	0.9009999999999793
6342	0.6829999999999793
6343	0.6129999999999793
6344	0.5769999999999793
6345	0.5399999999999793
6346	0.4949999999999793
6347	0.4679999999999793
6348	0.4579999999999793
6349	0.4509999999999793
6350	0.4619999999999793
6351	0.5349999999999793
6352	0.6339999999999792
6353	0.6579999999999793
6354	0.6919999999999793
6355	0.7649999999999793
6356	0.8349999999999793
6357	0.8909999999999794
6358	0.9419999999999794
6359	0.9649999999999794
6360	0.9699999999999794
6361	0.9709999999999794
6362	0.9719999999999794
6363	0.9709999999999794
6364	0.9709999999999794
6365	0.9009999999999795
6366	0.6829999999999795
6367	0.6129999999999796
6368	0.5769999999999795
6369	0.5399999999999795
6370	0.4949999999999795
6371	0.46799999999997954
6372	0.45799999999997953
6373	0.45099999999997953
6374	0.46199999999997954
6375	0.5349999999999795
6376	0.6339999999999795
6377	0.6579999999999795
6378	0.6919999999999795
6379	0.7649999999999795
6380	0.8349999999999795
6381	0.8909999999999796
6382	0.9419999999999796
6383	0.9649999999999797
6384	0.9699999999999797
6385	0.9709999999999797
6386	0.9719999999999797
6387	0.9709999999999797
6388	0.9709999999999797
6389	0.9009999999999797
6390	0.6829999999999797
6391	0.6129999999999798
6392	0.5769999999999798
6393	0.5399999999999797
6394	0.49499999999997973
6395	0.46799999999997977
6396	0.45799999999997976
6397	0.45099999999997975
6398	0.46199999999997976
6399	0.5349999999999797
6400	0.6339999999999797
6401	0.6579999999999797
6402	0.6919999999999797
6403	0.7649999999999797
6404	0.8349999999999798
6405	0.8909999999999798
6406	0.9419999999999799
6407	0.9649999999999799
6408	0.9819999999999799
6409	0.9889999999999799
6410	0.9939999999999799
6411	0.9999999999999799
6412	0.9989999999999799
6413	0.9999999999999799
6414	0.9379999999999798
6415	0.7669999999999799
6416	0.7209999999999799
6417	0.6719999999999798
6418	0.6219999999999798
6419	0.5899999999999798
6420	0.5829999999999798
6421	0.6029999999999798
6422	0.6339999999999798
6423	0.6989999999999799
6424	0.7299999999999799
6425	0.7649999999999799
6426	0.80699999999998
6427	0.85899999999998
6428	0.89599999999998
6429	0.91499999999998
6430	0.9469999999999801
6431	0.9649999999999801
6432	0.9819999999999801
6433	0.9889999999999801
6434	0.9939999999999801
6435	0.9999999999999801
6436	0.9989999999999801
6437	0.9999999999999801
6438	0.9379999999999801
6439	0.7669999999999801
6440	0.7209999999999801
6441	0.6719999999999801
6442	0.62199999999998
6443	0.58999999999998
6444	0.58299999999998
6445	0.60299999999998
6446	0.63399999999998
6447	0.6989999999999801
6448	0.7299999999999801
6449	0.7649999999999801
6450	0.8069999999999802
6451	0.8589999999999802
6452	0.8959999999999803
6453	0.9149999999999803
6454	0.9469999999999803
6455	0.9649999999999803
6456	0.9699999999999803
6457	0.9709999999999803
6458	0.9719999999999803
6459	0.9709999999999803
6460	0.9709999999999803
6461	0.9009999999999804
6462	0.6829999999999804
6463	0.6129999999999804
6464	0.5769999999999804
6465	0.5399999999999804
6466	0.4949999999999804
6467	0.46799999999998043
6468	0.4579999999999804
6469	0.4509999999999804
6470	0.4619999999999804
6471	0.5349999999999804
6472	0.6339999999999804
6473	0.6579999999999804
6474	0.6919999999999804
6475	0.7649999999999804
6476	0.8349999999999804
6477	0.8909999999999805
6478	0.9419999999999805
6479	0.9649999999999805
6480	0.9699999999999805
6481	0.9709999999999805
6482	0.9719999999999805
6483	0.9709999999999805
6484	0.9709999999999805
6485	0.9009999999999806
6486	0.6829999999999806
6487	0.6129999999999807
6488	0.5769999999999806
6489	0.5399999999999806
6490	0.4949999999999806
6491	0.46799999999998065
6492	0.45799999999998064
6493	0.45099999999998064
6494	0.46199999999998065
6495	0.5349999999999806
6496	0.6339999999999806
6497	0.6579999999999806
6498	0.6919999999999806
6499	0.7649999999999806
6500	0.8349999999999806
6501	0.8909999999999807
6502	0.9419999999999807
6503	0.9649999999999808
6504	0.9699999999999808
6505	0.9709999999999808
6506	0.9719999999999808
6507	0.9709999999999808
6508	0.9709999999999808
6509	0.9009999999999808
6510	0.6829999999999808
6511	0.6129999999999809
6512	0.5769999999999809
6513	0.5399999999999808
6514	0.49499999999998084
6515	0.4679999999999809
6516	0.45799999999998087
6517	0.45099999999998086
6518	0.46199999999998087
6519	0.5349999999999808
6520	0.6339999999999808
6521	0.6579999999999808
6522	0.6919999999999809
6523	0.7649999999999808
6524	0.8349999999999809
6525	0.8909999999999809
6526	0.941999999999981
6527	0.964999999999981
6528	0.969999999999981
6529	0.970999999999981
6530	0.971999999999981
6531	0.970999999999981
6532	0.970999999999981
6533	0.900999999999981
6534	0.6829999999999811
6535	0.6129999999999811
6536	0.5769999999999811
6537	0.539999999999981
6538	0.49499999999998107
6539	0.4679999999999811
6540	0.4579999999999811
6541	0.4509999999999811
6542	0.4619999999999811
6543	0.534999999999981
6544	0.633999999999981
6545	0.657999999999981
6546	0.6919999999999811
6547	0.764999999999981
6548	0.8349999999999811
6549	0.8909999999999811
6550	0.9419999999999812
6551	0.9649999999999812
6552	0.9699999999999812
6553	0.9709999999999812
6554	0.9719999999999812
6555	0.9709999999999812
6556	0.9709999999999812
6557	0.9009999999999813
6558	0.6829999999999813
6559	0.6129999999999813
6560	0.5769999999999813
6561	0.5399999999999813
6562	0.4949999999999813
6563	0.4679999999999813
6564	0.4579999999999813
6565	0.4509999999999813
6566	0.4619999999999813
6567	0.5349999999999813
6568	0.6339999999999812
6569	0.6579999999999813
6570	0.6919999999999813
6571	0.7649999999999813
6572	0.8349999999999813
6573	0.8909999999999814
6574	0.9419999999999814
6575	0.9649999999999814
6576	0.9819999999999814
6577	0.9889999999999814
6578	0.9939999999999815
6579	0.9999999999999815
6580	0.9989999999999815
6581	0.9999999999999815
6582	0.9379999999999814
6583	0.7669999999999815
6584	0.7209999999999814
6585	0.6719999999999814
6586	0.6219999999999813
6587	0.5899999999999813
6588	0.5829999999999813
6589	0.6029999999999813
6590	0.6339999999999814
6591	0.6989999999999814
6592	0.7299999999999814
6593	0.7649999999999815
6594	0.8069999999999815
6595	0.8589999999999816
6596	0.8959999999999816
6597	0.9149999999999816
6598	0.9469999999999816
6599	0.9649999999999817
6600	0.9819999999999817
6601	0.9889999999999817
6602	0.9939999999999817
6603	0.9999999999999817
6604	0.9989999999999817
6605	0.9999999999999817
6606	0.9379999999999816
6607	0.7669999999999817
6608	0.7209999999999817
6609	0.6719999999999816
6610	0.6219999999999816
6611	0.5899999999999815
6612	0.5829999999999815
6613	0.6029999999999816
6614	0.6339999999999816
6615	0.6989999999999816
6616	0.7299999999999817
6617	0.7649999999999817
6618	0.8069999999999817
6619	0.8589999999999818
6620	0.8959999999999818
6621	0.9149999999999818
6622	0.9469999999999819
6623	0.9649999999999819
6624	0.9699999999999819
6625	0.9709999999999819
6626	0.9719999999999819
6627	0.9709999999999819
6628	0.9709999999999819
6629	0.9009999999999819
6630	0.682999999999982
6631	0.612999999999982
6632	0.576999999999982
6633	0.5399999999999819
6634	0.49499999999998195
6635	0.467999999999982
6636	0.457999999999982
6637	0.45099999999998197
6638	0.461999999999982
6639	0.5349999999999819
6640	0.6339999999999819
6641	0.6579999999999819
6642	0.691999999999982
6643	0.7649999999999819
6644	0.834999999999982
6645	0.890999999999982
6646	0.9419999999999821
6647	0.9649999999999821
6648	0.9699999999999821
6649	0.9709999999999821
6650	0.9719999999999821
6651	0.9709999999999821
6652	0.9709999999999821
6653	0.9009999999999821
6654	0.6829999999999822
6655	0.6129999999999822
6656	0.5769999999999822
6657	0.5399999999999822
6658	0.4949999999999822
6659	0.4679999999999822
6660	0.4579999999999822
6661	0.4509999999999822
6662	0.4619999999999822
6663	0.5349999999999822
6664	0.6339999999999821
6665	0.6579999999999822
6666	0.6919999999999822
6667	0.7649999999999821
6668	0.8349999999999822
6669	0.8909999999999823
6670	0.9419999999999823
6671	0.9649999999999823
6672	0.9699999999999823
6673	0.9709999999999823
6674	0.9719999999999823
6675	0.9709999999999823
6676	0.9709999999999823
6677	0.9009999999999824
6678	0.6829999999999824
6679	0.6129999999999824
6680	0.5769999999999824
6681	0.5399999999999824
6682	0.4949999999999824
6683	0.46799999999998243
6684	0.4579999999999824
6685	0.4509999999999824
6686	0.4619999999999824
6687	0.5349999999999824
6688	0.6339999999999824
6689	0.6579999999999824
6690	0.6919999999999824
6691	0.7649999999999824
6692	0.8349999999999824
6693	0.8909999999999825
6694	0.9419999999999825
6695	0.9649999999999825
6696	0.9699999999999825
6697	0.9709999999999825
6698	0.9719999999999825
6699	0.9709999999999825
6700	0.9709999999999825
6701	0.9009999999999826
6702	0.6829999999999826
6703	0.6129999999999827
6704	0.5769999999999826
6705	0.5399999999999826
6706	0.4949999999999826
6707	0.46799999999998265
6708	0.45799999999998264
6709	0.45099999999998264
6710	0.46199999999998265
6711	0.5349999999999826
6712	0.6339999999999826
6713	0.6579999999999826
6714	0.6919999999999826
6715	0.7649999999999826
6716	0.8349999999999826
6717	0.8909999999999827
6718	0.9419999999999827
6719	0.9649999999999828
6720	0.9699999999999828
6721	0.9709999999999828
6722	0.9719999999999828
6723	0.9709999999999828
6724	0.9709999999999828
6725	0.9009999999999828
6726	0.6829999999999828
6727	0.6129999999999829
6728	0.5769999999999829
6729	0.5399999999999828
6730	0.49499999999998284
6731	0.4679999999999829
6732	0.45799999999998287
6733	0.45099999999998286
6734	0.46199999999998287
6735	0.5349999999999828
6736	0.6339999999999828
6737	0.6579999999999828
6738	0.6919999999999829
6739	0.7649999999999828
6740	0.8349999999999829
6741	0.8909999999999829
6742	0.941999999999983
6743	0.964999999999983
6744	0.981999999999983
6745	0.988999999999983
6746	0.993999999999983
6747	0.999999999999983
6748	0.998999999999983
6749	0.999999999999983
6750	0.937999999999983
6751	0.766999999999983
6752	0.720999999999983
6753	0.6719999999999829
6754	0.6219999999999829
6755	0.5899999999999829
6756	0.5829999999999829
6757	0.6029999999999829
6758	0.6339999999999829
6759	0.698999999999983
6760	0.729999999999983
6761	0.764999999999983
6762	0.8069999999999831
6763	0.8589999999999831
6764	0.8959999999999831
6765	0.9149999999999832
6766	0.9469999999999832
6767	0.9649999999999832
6768	0.9819999999999832
6769	0.9889999999999832
6770	0.9939999999999832
6771	0.9999999999999832
6772	0.9989999999999832
6773	0.9999999999999832
6774	0.9379999999999832
6775	0.7669999999999833
6776	0.7209999999999832
6777	0.6719999999999832
6778	0.6219999999999831
6779	0.5899999999999831
6780	0.5829999999999831
6781	0.6029999999999831
6782	0.6339999999999831
6783	0.6989999999999832
6784	0.7299999999999832
6785	0.7649999999999832
6786	0.8069999999999833
6787	0.8589999999999833
6788	0.8959999999999834
6789	0.9149999999999834
6790	0.9469999999999834
6791	0.9649999999999834
6792	0.9699999999999834
6793	0.9709999999999834
6794	0.9719999999999834
6795	0.9709999999999834
6796	0.9709999999999834
6797	0.9009999999999835
6798	0.6829999999999835
6799	0.6129999999999836
6800	0.5769999999999835
6801	0.5399999999999835
6802	0.4949999999999835
6803	0.46799999999998354
6804	0.45799999999998353
6805	0.4509999999999835
6806	0.46199999999998353
6807	0.5349999999999835
6808	0.6339999999999835
6809	0.6579999999999835
6810	0.6919999999999835
6811	0.7649999999999835
6812	0.8349999999999835
6813	0.8909999999999836
6814	0.9419999999999836
6815	0.9649999999999836
6816	0.9699999999999837
6817	0.9709999999999837
6818	0.9719999999999837
6819	0.9709999999999837
6820	0.9709999999999837
6821	0.9009999999999837
6822	0.6829999999999837
6823	0.6129999999999838
6824	0.5769999999999837
6825	0.5399999999999837
6826	0.49499999999998373
6827	0.46799999999998376
6828	0.45799999999998375
6829	0.45099999999998375
6830	0.46199999999998376
6831	0.5349999999999837
6832	0.6339999999999837
6833	0.6579999999999837
6834	0.6919999999999837
6835	0.7649999999999837
6836	0.8349999999999838
6837	0.8909999999999838
6838	0.9419999999999839
6839	0.9649999999999839
6840	0.9699999999999839
6841	0.9709999999999839
6842	0.9719999999999839
6843	0.9709999999999839
6844	0.9709999999999839
6845	0.9009999999999839
6846	0.682999999999984
6847	0.612999999999984
6848	0.576999999999984
6849	0.5399999999999839
6850	0.49499999999998395
6851	0.467999999999984
6852	0.457999999999984
6853	0.45099999999998397
6854	0.461999999999984
6855	0.5349999999999839
6856	0.6339999999999839
6857	0.6579999999999839
6858	0.691999999999984
6859	0.7649999999999839
6860	0.834999999999984
6861	0.890999999999984
6862	0.9419999999999841
6863	0.9649999999999841
6864	0.9699999999999841
6865	0.9709999999999841
6866	0.9719999999999841
6867	0.9709999999999841
6868	0.9709999999999841
6869	0.9009999999999841
6870	0.6829999999999842
6871	0.6129999999999842
6872	0.5769999999999842
6873	0.5399999999999842
6874	0.4949999999999842
6875	0.4679999999999842
6876	0.4579999999999842
6877	0.4509999999999842
6878	0.4619999999999842
6879	0.5349999999999842
6880	0.6339999999999841
6881	0.6579999999999842
6882	0.6919999999999842
6883	0.7649999999999841
6884	0.8349999999999842
6885	0.8909999999999842
6886	0.9419999999999843
6887	0.9649999999999843
6888	0.9699999999999843
6889	0.9709999999999843
6890	0.9719999999999843
6891	0.9709999999999843
6892	0.9709999999999843
6893	0.9009999999999844
6894	0.6829999999999844
6895	0.6129999999999844
6896	0.5769999999999844
6897	0.5399999999999844
6898	0.4949999999999844
6899	0.46799999999998443
6900	0.4579999999999844
6901	0.4509999999999844
6902	0.4619999999999844
6903	0.5349999999999844
6904	0.6339999999999844
6905	0.6579999999999844
6906	0.6919999999999844
6907	0.7649999999999844
6908	0.8349999999999844
6909	0.8909999999999845
6910	0.9419999999999845
6911	0.9649999999999845
6912	0.9819999999999846
6913	0.9889999999999846
6914	0.9939999999999846
6915	0.9999999999999846
6916	0.9989999999999846
6917	0.9999999999999846
6918	0.9379999999999845
6919	0.7669999999999846
6920	0.7209999999999845
6921	0.6719999999999845
6922	0.6219999999999845
6923	0.5899999999999844
6924	0.5829999999999844
6925	0.6029999999999844
6926	0.6339999999999845
6927	0.6989999999999845
6928	0.7299999999999846
6929	0.7649999999999846
6930	0.8069999999999846
6931	0.8589999999999847
6932	0.8959999999999847
6933	0.9149999999999847
6934	0.9469999999999847
6935	0.9649999999999848
6936	0.9819999999999848
6937	0.9889999999999848
6938	0.9939999999999848
6939	0.9999999999999848
6940	0.9989999999999848
6941	0.9999999999999848
6942	0.9379999999999847
6943	0.7669999999999848
6944	0.7209999999999848
6945	0.6719999999999847
6946	0.6219999999999847
6947	0.5899999999999846
6948	0.5829999999999846
6949	0.6029999999999847
6950	0.6339999999999847
6951	0.6989999999999847
6952	0.7299999999999848
6953	0.7649999999999848
6954	0.8069999999999848
6955	0.8589999999999849
6956	0.8959999999999849
6957	0.9149999999999849
6958	0.946999999999985
6959	0.964999999999985
6960	0.969999999999985
6961	0.970999999999985
6962	0.971999999999985
6963	0.970999999999985
6964	0.970999999999985
6965	0.900999999999985
6966	0.6829999999999851
6967	0.6129999999999851
6968	0.5769999999999851
6969	0.539999999999985
6970	0.49499999999998506
6971	0.4679999999999851
6972	0.4579999999999851
6973	0.4509999999999851
6974	0.4619999999999851
6975	0.534999999999985
6976	0.633999999999985
6977	0.657999999999985
6978	0.6919999999999851
6979	0.764999999999985
6980	0.8349999999999851
6981	0.8909999999999851
6982	0.9419999999999852
6983	0.9649999999999852
6984	0.9699999999999852
6985	0.9709999999999852
6986	0.9719999999999852
6987	0.9709999999999852
6988	0.9709999999999852
6989	0.9009999999999853
6990	0.6829999999999853
6991	0.6129999999999853
6992	0.5769999999999853
6993	0.5399999999999853
6994	0.4949999999999853
6995	0.4679999999999853
6996	0.4579999999999853
6997	0.4509999999999853
6998	0.4619999999999853
6999	0.5349999999999853
7000	0.6339999999999852
7001	0.6579999999999853
7002	0.6919999999999853
7003	0.7649999999999852
7004	0.8349999999999853
7005	0.8909999999999854
7006	0.9419999999999854
7007	0.9649999999999854
7008	0.9699999999999854
7009	0.9709999999999854
7010	0.9719999999999854
7011	0.9709999999999854
7012	0.9709999999999854
7013	0.9009999999999855
7014	0.6829999999999855
7015	0.6129999999999856
7016	0.5769999999999855
7017	0.5399999999999855
7018	0.4949999999999855
7019	0.46799999999998554
7020	0.45799999999998553
7021	0.4509999999999855
7022	0.46199999999998553
7023	0.5349999999999855
7024	0.6339999999999855
7025	0.6579999999999855
7026	0.6919999999999855
7027	0.7649999999999855
7028	0.8349999999999855
7029	0.8909999999999856
7030	0.9419999999999856
7031	0.9649999999999856
7032	0.9699999999999857
7033	0.9709999999999857
7034	0.9719999999999857
7035	0.9709999999999857
7036	0.9709999999999857
7037	0.9009999999999857
7038	0.6829999999999857
7039	0.6129999999999858
7040	0.5769999999999857
7041	0.5399999999999857
7042	0.49499999999998573
7043	0.46799999999998576
7044	0.45799999999998575
7045	0.45099999999998575
7046	0.46199999999998576
7047	0.5349999999999857
7048	0.6339999999999857
7049	0.6579999999999857
7050	0.6919999999999857
7051	0.7649999999999857
7052	0.8349999999999858
7053	0.8909999999999858
7054	0.9419999999999858
7055	0.9649999999999859
7056	0.9699999999999859
7057	0.9709999999999859
7058	0.9719999999999859
7059	0.9709999999999859
7060	0.9709999999999859
7061	0.9009999999999859
7062	0.682999999999986
7063	0.612999999999986
7064	0.576999999999986
7065	0.5399999999999859
7066	0.49499999999998595
7067	0.467999999999986
7068	0.457999999999986
7069	0.45099999999998597
7070	0.461999999999986
7071	0.5349999999999859
7072	0.6339999999999859
7073	0.6579999999999859
7074	0.691999999999986
7075	0.7649999999999859
7076	0.834999999999986
7077	0.890999999999986
7078	0.9419999999999861
7079	0.9649999999999861
7080	0.9819999999999861
7081	0.9889999999999861
7082	0.9939999999999861
7083	0.9999999999999861
7084	0.9989999999999861
7085	0.9999999999999861
7086	0.9379999999999861
7087	0.7669999999999861
7088	0.7209999999999861
7089	0.671999999999986
7090	0.621999999999986
7091	0.589999999999986
7092	0.582999999999986
7093	0.602999999999986
7094	0.633999999999986
7095	0.6989999999999861
7096	0.7299999999999861
7097	0.7649999999999861
7098	0.8069999999999862
7099	0.8589999999999862
7100	0.8959999999999863
7101	0.9149999999999863
7102	0.9469999999999863
7103	0.9649999999999863
7104	0.9819999999999863
7105	0.9889999999999863
7106	0.9939999999999863
7107	0.9999999999999863
7108	0.9989999999999863
7109	0.9999999999999863
7110	0.9379999999999863
7111	0.7669999999999864
7112	0.7209999999999863
7113	0.6719999999999863
7114	0.6219999999999862
7115	0.5899999999999862
7116	0.5829999999999862
7117	0.6029999999999862
7118	0.6339999999999862
7119	0.6989999999999863
7120	0.7299999999999863
7121	0.7649999999999864
7122	0.8069999999999864
7123	0.8589999999999864
7124	0.8959999999999865
7125	0.9149999999999865
7126	0.9469999999999865
7127	0.9649999999999865
7128	0.9699999999999865
7129	0.9709999999999865
7130	0.9719999999999865
7131	0.9709999999999865
7132	0.9709999999999865
7133	0.9009999999999866
7134	0.6829999999999866
7135	0.6129999999999867
7136	0.5769999999999866
7137	0.5399999999999866
7138	0.4949999999999866
7139	0.46799999999998665
7140	0.45799999999998664
7141	0.45099999999998663
7142	0.46199999999998664
7143	0.5349999999999866
7144	0.6339999999999866
7145	0.6579999999999866
7146	0.6919999999999866
7147	0.7649999999999866
7148	0.8349999999999866
7149	0.8909999999999867
7150	0.9419999999999867
7151	0.9649999999999868
7152	0.9699999999999868
7153	0.9709999999999868
7154	0.9719999999999868
7155	0.9709999999999868
7156	0.9709999999999868
7157	0.9009999999999868
7158	0.6829999999999868
7159	0.6129999999999869
7160	0.5769999999999869
7161	0.5399999999999868
7162	0.49499999999998684
7163	0.46799999999998687
7164	0.45799999999998686
7165	0.45099999999998686
7166	0.46199999999998687
7167	0.5349999999999868
7168	0.6339999999999868
7169	0.6579999999999868
7170	0.6919999999999868
7171	0.7649999999999868
7172	0.8349999999999869
7173	0.8909999999999869
7174	0.941999999999987
7175	0.964999999999987
7176	0.969999999999987
7177	0.970999999999987
7178	0.971999999999987
7179	0.970999999999987
7180	0.970999999999987
7181	0.900999999999987
7182	0.6829999999999871
7183	0.6129999999999871
7184	0.5769999999999871
7185	0.539999999999987
7186	0.49499999999998706
7187	0.4679999999999871
7188	0.4579999999999871
7189	0.4509999999999871
7190	0.4619999999999871
7191	0.534999999999987
7192	0.633999999999987
7193	0.657999999999987
7194	0.6919999999999871
7195	0.764999999999987
7196	0.8349999999999871
7197	0.8909999999999871
7198	0.9419999999999872
7199	0.9649999999999872
7200	0.9699999999999872
7201	0.9709999999999872
7202	0.9719999999999872
7203	0.9709999999999872
7204	0.9709999999999872
7205	0.9009999999999873
7206	0.6829999999999873
7207	0.6129999999999873
7208	0.5769999999999873
7209	0.5399999999999873
7210	0.4949999999999873
7211	0.4679999999999873
7212	0.4579999999999873
7213	0.4509999999999873
7214	0.4619999999999873
7215	0.5349999999999873
7216	0.6339999999999872
7217	0.6579999999999873
7218	0.6919999999999873
7219	0.7649999999999872
7220	0.8349999999999873
7221	0.8909999999999874
7222	0.9419999999999874
7223	0.9649999999999874
7224	0.9699999999999874
7225	0.9709999999999874
7226	0.9719999999999874
7227	0.9709999999999874
7228	0.9709999999999874
7229	0.9009999999999875
7230	0.6829999999999875
7231	0.6129999999999876
7232	0.5769999999999875
7233	0.5399999999999875
7234	0.4949999999999875
7235	0.46799999999998754
7236	0.45799999999998753
7237	0.4509999999999875
7238	0.46199999999998753
7239	0.5349999999999875
7240	0.6339999999999875
7241	0.6579999999999875
7242	0.6919999999999875
7243	0.7649999999999875
7244	0.8349999999999875
7245	0.8909999999999876
7246	0.9419999999999876
7247	0.9649999999999876
7248	0.9819999999999877
7249	0.9889999999999877
7250	0.9939999999999877
7251	0.9999999999999877
7252	0.9989999999999877
7253	0.9999999999999877
7254	0.9379999999999876
7255	0.7669999999999877
7256	0.7209999999999877
7257	0.6719999999999876
7258	0.6219999999999876
7259	0.5899999999999875
7260	0.5829999999999875
7261	0.6029999999999875
7262	0.6339999999999876
7263	0.6989999999999876
7264	0.7299999999999877
7265	0.7649999999999877
7266	0.8069999999999877
7267	0.8589999999999878
7268	0.8959999999999878
7269	0.9149999999999878
7270	0.9469999999999879
7271	0.9649999999999879
7272	0.9819999999999879
7273	0.9889999999999879
7274	0.9939999999999879
7275	0.9999999999999879
7276	0.9989999999999879
7277	0.9999999999999879
7278	0.9379999999999878
7279	0.7669999999999879
7280	0.7209999999999879
7281	0.6719999999999878
7282	0.6219999999999878
7283	0.5899999999999878
7284	0.5829999999999878
7285	0.6029999999999878
7286	0.6339999999999878
7287	0.6989999999999879
7288	0.7299999999999879
7289	0.7649999999999879
7290	0.806999999999988
7291	0.858999999999988
7292	0.895999999999988
7293	0.914999999999988
7294	0.9469999999999881
7295	0.9649999999999881
7296	0.9699999999999881
7297	0.9709999999999881
7298	0.9719999999999881
7299	0.9709999999999881
7300	0.9709999999999881
7301	0.9009999999999881
7302	0.6829999999999882
7303	0.6129999999999882
7304	0.5769999999999882
7305	0.5399999999999882
7306	0.49499999999998817
7307	0.4679999999999882
7308	0.4579999999999882
7309	0.4509999999999882
7310	0.4619999999999882
7311	0.5349999999999882
7312	0.6339999999999881
7313	0.6579999999999881
7314	0.6919999999999882
7315	0.7649999999999881
7316	0.8349999999999882
7317	0.8909999999999882
7318	0.9419999999999883
7319	0.9649999999999883
7320	0.9699999999999883
7321	0.9709999999999883
7322	0.9719999999999883
7323	0.9709999999999883
7324	0.9709999999999883
7325	0.9009999999999884
7326	0.6829999999999884
7327	0.6129999999999884
7328	0.5769999999999884
7329	0.5399999999999884
7330	0.4949999999999884
7331	0.4679999999999884
7332	0.4579999999999884
7333	0.4509999999999884
7334	0.4619999999999884
7335	0.5349999999999884
7336	0.6339999999999884
7337	0.6579999999999884
7338	0.6919999999999884
7339	0.7649999999999884
7340	0.8349999999999884
7341	0.8909999999999885
7342	0.9419999999999885
7343	0.9649999999999885
7344	0.9699999999999885
7345	0.9709999999999885
7346	0.9719999999999885
7347	0.9709999999999885
7348	0.9709999999999885
7349	0.9009999999999886
7350	0.6829999999999886
7351	0.6129999999999887
7352	0.5769999999999886
7353	0.5399999999999886
7354	0.4949999999999886
7355	0.46799999999998865
7356	0.45799999999998864
7357	0.45099999999998863
7358	0.46199999999998864
7359	0.5349999999999886
7360	0.6339999999999886
7361	0.6579999999999886
7362	0.6919999999999886
7363	0.7649999999999886
7364	0.8349999999999886
7365	0.8909999999999887
7366	0.9419999999999887
7367	0.9649999999999888
7368	0.9699999999999888
7369	0.9709999999999888
7370	0.9719999999999888
7371	0.9709999999999888
7372	0.9709999999999888
7373	0.9009999999999888
7374	0.6829999999999888
7375	0.6129999999999889
7376	0.5769999999999889
7377	0.5399999999999888
7378	0.49499999999998884
7379	0.46799999999998887
7380	0.45799999999998886
7381	0.45099999999998885
7382	0.46199999999998886
7383	0.5349999999999888
7384	0.6339999999999888
7385	0.6579999999999888
7386	0.6919999999999888
7387	0.7649999999999888
7388	0.8349999999999889
7389	0.8909999999999889
7390	0.941999999999989
7391	0.964999999999989
7392	0.969999999999989
7393	0.970999999999989
7394	0.971999999999989
7395	0.970999999999989
7396	0.970999999999989
7397	0.900999999999989
7398	0.6829999999999891
7399	0.6129999999999891
7400	0.5769999999999891
7401	0.539999999999989
7402	0.49499999999998906
7403	0.4679999999999891
7404	0.4579999999999891
7405	0.4509999999999891
7406	0.4619999999999891
7407	0.534999999999989
7408	0.633999999999989
7409	0.657999999999989
7410	0.6919999999999891
7411	0.764999999999989
7412	0.8349999999999891
7413	0.8909999999999891
7414	0.9419999999999892
7415	0.9649999999999892
7416	0.9819999999999892
7417	0.9889999999999892
7418	0.9939999999999892
7419	0.9999999999999892
7420	0.9989999999999892
7421	0.9999999999999892
7422	0.9379999999999892
7423	0.7669999999999892
7424	0.7209999999999892
7425	0.6719999999999892
7426	0.6219999999999891
7427	0.5899999999999891
7428	0.5829999999999891
7429	0.6029999999999891
7430	0.6339999999999891
7431	0.6989999999999892
7432	0.7299999999999892
7433	0.7649999999999892
7434	0.8069999999999893
7435	0.8589999999999893
7436	0.8959999999999894
7437	0.9149999999999894
7438	0.9469999999999894
7439	0.9649999999999894
7440	0.9819999999999894
7441	0.9889999999999894
7442	0.9939999999999894
7443	0.9999999999999895
7444	0.9989999999999895
7445	0.9999999999999895
7446	0.9379999999999894
7447	0.7669999999999895
7448	0.7209999999999894
7449	0.6719999999999894
7450	0.6219999999999893
7451	0.5899999999999893
7452	0.5829999999999893
7453	0.6029999999999893
7454	0.6339999999999893
7455	0.6989999999999894
7456	0.7299999999999894
7457	0.7649999999999895
7458	0.8069999999999895
7459	0.8589999999999895
7460	0.8959999999999896
7461	0.9149999999999896
7462	0.9469999999999896
7463	0.9649999999999896
7464	0.9699999999999896
7465	0.9709999999999896
7466	0.9719999999999897
7467	0.9709999999999896
7468	0.9709999999999896
7469	0.9009999999999897
7470	0.6829999999999897
7471	0.6129999999999898
7472	0.5769999999999897
7473	0.5399999999999897
7474	0.4949999999999897
7475	0.46799999999998976
7476	0.45799999999998975
7477	0.45099999999998974
7478	0.46199999999998975
7479	0.5349999999999897
7480	0.6339999999999897
7481	0.6579999999999897
7482	0.6919999999999897
7483	0.7649999999999897
7484	0.8349999999999898
7485	0.8909999999999898
7486	0.9419999999999898
7487	0.9649999999999899
7488	0.9699999999999899
7489	0.9709999999999899
7490	0.9719999999999899
7491	0.9709999999999899
7492	0.9709999999999899
7493	0.9009999999999899
7494	0.68299999999999
7495	0.61299999999999
7496	0.57699999999999
7497	0.5399999999999899
7498	0.49499999999998995
7499	0.46799999999999
7500	0.45799999999998997
7501	0.45099999999998996
7502	0.46199999999999
7503	0.5349999999999899
7504	0.6339999999999899
7505	0.6579999999999899
7506	0.69199999999999
7507	0.7649999999999899
7508	0.83499999999999
7509	0.89099999999999
7510	0.9419999999999901
7511	0.9649999999999901
7512	0.9699999999999901
7513	0.9709999999999901
7514	0.9719999999999901
7515	0.9709999999999901
7516	0.9709999999999901
7517	0.9009999999999901
7518	0.6829999999999902
7519	0.6129999999999902
7520	0.5769999999999902
7521	0.5399999999999902
7522	0.49499999999999017
7523	0.4679999999999902
7524	0.4579999999999902
7525	0.4509999999999902
7526	0.4619999999999902
7527	0.5349999999999902
7528	0.6339999999999901
7529	0.6579999999999901
7530	0.6919999999999902
7531	0.7649999999999901
7532	0.8349999999999902
7533	0.8909999999999902
7534	0.9419999999999903
7535	0.9649999999999903
7536	0.9699999999999903
7537	0.9709999999999903
7538	0.9719999999999903
7539	0.9709999999999903
7540	0.9709999999999903
7541	0.9009999999999904
7542	0.6829999999999904
7543	0.6129999999999904
7544	0.5769999999999904
7545	0.5399999999999904
7546	0.4949999999999904
7547	0.4679999999999904
7548	0.4579999999999904
7549	0.4509999999999904
7550	0.4619999999999904
7551	0.5349999999999904
7552	0.6339999999999903
7553	0.6579999999999904
7554	0.6919999999999904
7555	0.7649999999999904
7556	0.8349999999999904
7557	0.8909999999999905
7558	0.9419999999999905
7559	0.9649999999999905
7560	0.9699999999999905
7561	0.9709999999999905
7562	0.9719999999999905
7563	0.9709999999999905
7564	0.9709999999999905
7565	0.9009999999999906
7566	0.6829999999999906
7567	0.6129999999999907
7568	0.5769999999999906
7569	0.5399999999999906
7570	0.4949999999999906
7571	0.46799999999999065
7572	0.45799999999999064
7573	0.45099999999999063
7574	0.46199999999999064
7575	0.5349999999999906
7576	0.6339999999999906
7577	0.6579999999999906
7578	0.6919999999999906
7579	0.7649999999999906
7580	0.8349999999999906
7581	0.8909999999999907
7582	0.9419999999999907
7583	0.9649999999999908
7584	0.9819999999999908
7585	0.9889999999999908
7586	0.9939999999999908
7587	0.9999999999999908
7588	0.9989999999999908
7589	0.9999999999999908
7590	0.9379999999999907
7591	0.7669999999999908
7592	0.7209999999999908
7593	0.6719999999999907
7594	0.6219999999999907
7595	0.5899999999999906
7596	0.5829999999999906
7597	0.6029999999999907
7598	0.6339999999999907
7599	0.6989999999999907
7600	0.7299999999999908
7601	0.7649999999999908
7602	0.8069999999999908
7603	0.8589999999999909
7604	0.8959999999999909
7605	0.9149999999999909
7606	0.946999999999991
7607	0.964999999999991
7608	0.981999999999991
7609	0.988999999999991
7610	0.993999999999991
7611	0.999999999999991
7612	0.998999999999991
7613	0.999999999999991
7614	0.937999999999991
7615	0.766999999999991
7616	0.720999999999991
7617	0.6719999999999909
7618	0.6219999999999909
7619	0.5899999999999909
7620	0.5829999999999909
7621	0.6029999999999909
7622	0.6339999999999909
7623	0.698999999999991
7624	0.729999999999991
7625	0.764999999999991
7626	0.8069999999999911
7627	0.8589999999999911
7628	0.8959999999999911
7629	0.9149999999999912
7630	0.9469999999999912
7631	0.9649999999999912
7632	0.9699999999999912
7633	0.9709999999999912
7634	0.9719999999999912
7635	0.9709999999999912
7636	0.9709999999999912
7637	0.9009999999999913
7638	0.6829999999999913
7639	0.6129999999999913
7640	0.5769999999999913
7641	0.5399999999999913
7642	0.4949999999999913
7643	0.4679999999999913
7644	0.4579999999999913
7645	0.4509999999999913
7646	0.4619999999999913
7647	0.5349999999999913
7648	0.6339999999999912
7649	0.6579999999999913
7650	0.6919999999999913
7651	0.7649999999999912
7652	0.8349999999999913
7653	0.8909999999999914
7654	0.9419999999999914
7655	0.9649999999999914
7656	0.9699999999999914
7657	0.9709999999999914
7658	0.9719999999999914
7659	0.9709999999999914
7660	0.9709999999999914
7661	0.9009999999999915
7662	0.6829999999999915
7663	0.6129999999999916
7664	0.5769999999999915
7665	0.5399999999999915
7666	0.4949999999999915
7667	0.46799999999999153
7668	0.4579999999999915
7669	0.4509999999999915
7670	0.46199999999999153
7671	0.5349999999999915
7672	0.6339999999999915
7673	0.6579999999999915
7674	0.6919999999999915
7675	0.7649999999999915
7676	0.8349999999999915
7677	0.8909999999999916
7678	0.9419999999999916
7679	0.9649999999999916
7680	0.9699999999999916
7681	0.9709999999999916
7682	0.9719999999999916
7683	0.9709999999999916
7684	0.9709999999999916
7685	0.9009999999999917
7686	0.6829999999999917
7687	0.6129999999999918
7688	0.5769999999999917
7689	0.5399999999999917
7690	0.4949999999999917
7691	0.46799999999999176
7692	0.45799999999999175
7693	0.45099999999999174
7694	0.46199999999999175
7695	0.5349999999999917
7696	0.6339999999999917
7697	0.6579999999999917
7698	0.6919999999999917
7699	0.7649999999999917
7700	0.8349999999999917
7701	0.8909999999999918
7702	0.9419999999999918
7703	0.9649999999999919
7704	0.9699999999999919
7705	0.9709999999999919
7706	0.9719999999999919
7707	0.9709999999999919
7708	0.9709999999999919
7709	0.9009999999999919
7710	0.682999999999992
7711	0.612999999999992
7712	0.576999999999992
7713	0.5399999999999919
7714	0.49499999999999195
7715	0.467999999999992
7716	0.45799999999999197
7717	0.45099999999999196
7718	0.461999999999992
7719	0.5349999999999919
7720	0.6339999999999919
7721	0.6579999999999919
7722	0.691999999999992
7723	0.7649999999999919
7724	0.834999999999992
7725	0.890999999999992
7726	0.9419999999999921
7727	0.9649999999999921
7728	0.9699999999999921
7729	0.9709999999999921
7730	0.9719999999999921
7731	0.9709999999999921
7732	0.9709999999999921
7733	0.9009999999999921
7734	0.6829999999999922
7735	0.6129999999999922
7736	0.5769999999999922
7737	0.5399999999999922
7738	0.49499999999999217
7739	0.4679999999999922
7740	0.4579999999999922
7741	0.4509999999999922
7742	0.4619999999999922
7743	0.5349999999999921
7744	0.6339999999999921
7745	0.6579999999999921
7746	0.6919999999999922
7747	0.7649999999999921
7748	0.8349999999999922
7749	0.8909999999999922
7750	0.9419999999999923
7751	0.9649999999999923
7752	0.9819999999999923
7753	0.9889999999999923
7754	0.9939999999999923
7755	0.9999999999999923
7756	0.9989999999999923
7757	0.9999999999999923
7758	0.9379999999999923
7759	0.7669999999999924
7760	0.7209999999999923
7761	0.6719999999999923
7762	0.6219999999999922
7763	0.5899999999999922
7764	0.5829999999999922
7765	0.6029999999999922
7766	0.6339999999999922
7767	0.6989999999999923
7768	0.7299999999999923
7769	0.7649999999999924
7770	0.8069999999999924
7771	0.8589999999999924
7772	0.8959999999999925
7773	0.9149999999999925
7774	0.9469999999999925
7775	0.9649999999999925
7776	0.9819999999999925
7777	0.9889999999999926
7778	0.9939999999999926
7779	0.9999999999999926
7780	0.9989999999999926
7781	0.9999999999999926
7782	0.9379999999999925
7783	0.7669999999999926
7784	0.7209999999999925
7785	0.6719999999999925
7786	0.6219999999999924
7787	0.5899999999999924
7788	0.5829999999999924
7789	0.6029999999999924
7790	0.6339999999999925
7791	0.6989999999999925
7792	0.7299999999999925
7793	0.7649999999999926
7794	0.8069999999999926
7795	0.8589999999999927
7796	0.8959999999999927
7797	0.9149999999999927
7798	0.9469999999999927
7799	0.9649999999999928
7800	0.9699999999999928
7801	0.9709999999999928
7802	0.9719999999999928
7803	0.9709999999999928
7804	0.9709999999999928
7805	0.9009999999999928
7806	0.6829999999999928
7807	0.6129999999999929
7808	0.5769999999999929
7809	0.5399999999999928
7810	0.49499999999999283
7811	0.46799999999999287
7812	0.45799999999999286
7813	0.45099999999999285
7814	0.46199999999999286
7815	0.5349999999999928
7816	0.6339999999999928
7817	0.6579999999999928
7818	0.6919999999999928
7819	0.7649999999999928
7820	0.8349999999999929
7821	0.8909999999999929
7822	0.941999999999993
7823	0.964999999999993
7824	0.969999999999993
7825	0.970999999999993
7826	0.971999999999993
7827	0.970999999999993
7828	0.970999999999993
7829	0.900999999999993
7830	0.6829999999999931
7831	0.6129999999999931
7832	0.5769999999999931
7833	0.539999999999993
7834	0.49499999999999306
7835	0.4679999999999931
7836	0.4579999999999931
7837	0.4509999999999931
7838	0.4619999999999931
7839	0.534999999999993
7840	0.633999999999993
7841	0.657999999999993
7842	0.6919999999999931
7843	0.764999999999993
7844	0.8349999999999931
7845	0.8909999999999931
7846	0.9419999999999932
7847	0.9649999999999932
7848	0.9699999999999932
7849	0.9709999999999932
7850	0.9719999999999932
7851	0.9709999999999932
7852	0.9709999999999932
7853	0.9009999999999933
7854	0.6829999999999933
7855	0.6129999999999933
7856	0.5769999999999933
7857	0.5399999999999933
7858	0.4949999999999933
7859	0.4679999999999933
7860	0.4579999999999933
7861	0.4509999999999933
7862	0.4619999999999933
7863	0.5349999999999933
7864	0.6339999999999932
7865	0.6579999999999933
7866	0.6919999999999933
7867	0.7649999999999932
7868	0.8349999999999933
7869	0.8909999999999934
7870	0.9419999999999934
7871	0.9649999999999934
7872	0.9699999999999934
7873	0.9709999999999934
7874	0.9719999999999934
7875	0.9709999999999934
7876	0.9709999999999934
7877	0.9009999999999935
7878	0.6829999999999935
7879	0.6129999999999936
7880	0.5769999999999935
7881	0.5399999999999935
7882	0.4949999999999935
7883	0.46799999999999353
7884	0.4579999999999935
7885	0.4509999999999935
7886	0.4619999999999935
7887	0.5349999999999935
7888	0.6339999999999935
7889	0.6579999999999935
7890	0.6919999999999935
7891	0.7649999999999935
7892	0.8349999999999935
7893	0.8909999999999936
7894	0.9419999999999936
7895	0.9649999999999936
7896	0.9699999999999936
7897	0.9709999999999936
7898	0.9719999999999936
7899	0.9709999999999936
7900	0.9709999999999936
7901	0.9009999999999937
7902	0.6829999999999937
7903	0.6129999999999938
7904	0.5769999999999937
7905	0.5399999999999937
7906	0.4949999999999937
7907	0.46799999999999375
7908	0.45799999999999375
7909	0.45099999999999374
7910	0.46199999999999375
7911	0.5349999999999937
7912	0.6339999999999937
7913	0.6579999999999937
7914	0.6919999999999937
7915	0.7649999999999937
7916	0.8349999999999937
7917	0.8909999999999938
7918	0.9419999999999938
7919	0.9649999999999939
7920	0.9819999999999939
7921	0.9889999999999939
7922	0.9939999999999939
7923	0.9999999999999939
7924	0.9989999999999939
7925	0.9999999999999939
7926	0.9379999999999938
7927	0.7669999999999939
7928	0.7209999999999939
7929	0.6719999999999938
7930	0.6219999999999938
7931	0.5899999999999938
7932	0.5829999999999937
7933	0.6029999999999938
7934	0.6339999999999938
7935	0.6989999999999938
7936	0.7299999999999939
7937	0.7649999999999939
7938	0.8069999999999939
7939	0.858999999999994
7940	0.895999999999994
7941	0.914999999999994
7942	0.9469999999999941
7943	0.9649999999999941
7944	0.9819999999999941
7945	0.9889999999999941
7946	0.9939999999999941
7947	0.9999999999999941
7948	0.9989999999999941
7949	0.9999999999999941
7950	0.9379999999999941
7951	0.7669999999999941
7952	0.7209999999999941
7953	0.671999999999994
7954	0.621999999999994
7955	0.589999999999994
7956	0.582999999999994
7957	0.602999999999994
7958	0.633999999999994
7959	0.6989999999999941
7960	0.7299999999999941
7961	0.7649999999999941
7962	0.8069999999999942
7963	0.8589999999999942
7964	0.8959999999999942
7965	0.9149999999999943
7966	0.9469999999999943
7967	0.9649999999999943
7968	0.9699999999999943
7969	0.9709999999999943
7970	0.9719999999999943
7971	0.9709999999999943
7972	0.9709999999999943
7973	0.9009999999999944
7974	0.6829999999999944
7975	0.6129999999999944
7976	0.5769999999999944
7977	0.5399999999999944
7978	0.4949999999999944
7979	0.4679999999999944
7980	0.4579999999999944
7981	0.4509999999999944
7982	0.4619999999999944
7983	0.5349999999999944
7984	0.6339999999999943
7985	0.6579999999999944
7986	0.6919999999999944
7987	0.7649999999999944
7988	0.8349999999999944
7989	0.8909999999999945
7990	0.9419999999999945
7991	0.9649999999999945
7992	0.9699999999999945
7993	0.9709999999999945
7994	0.9719999999999945
7995	0.9709999999999945
7996	0.9709999999999945
7997	0.9009999999999946
7998	0.6829999999999946
7999	0.6129999999999947
8000	0.5769999999999946
8001	0.5399999999999946
8002	0.4949999999999946
8003	0.46799999999999464
8004	0.45799999999999463
8005	0.4509999999999946
8006	0.46199999999999464
8007	0.5349999999999946
8008	0.6339999999999946
8009	0.6579999999999946
8010	0.6919999999999946
8011	0.7649999999999946
8012	0.8349999999999946
8013	0.8909999999999947
8014	0.9419999999999947
8015	0.9649999999999948
8016	0.9699999999999948
8017	0.9709999999999948
8018	0.9719999999999948
8019	0.9709999999999948
8020	0.9709999999999948
8021	0.9009999999999948
8022	0.6829999999999948
8023	0.6129999999999949
8024	0.5769999999999949
8025	0.5399999999999948
8026	0.49499999999999483
8027	0.46799999999999486
8028	0.45799999999999486
8029	0.45099999999999485
8030	0.46199999999999486
8031	0.5349999999999948
8032	0.6339999999999948
8033	0.6579999999999948
8034	0.6919999999999948
8035	0.7649999999999948
8036	0.8349999999999949
8037	0.8909999999999949
8038	0.941999999999995
8039	0.964999999999995
8040	0.969999999999995
8041	0.970999999999995
8042	0.971999999999995
8043	0.970999999999995
8044	0.970999999999995
8045	0.900999999999995
8046	0.682999999999995
8047	0.6129999999999951
8048	0.5769999999999951
8049	0.539999999999995
8050	0.49499999999999506
8051	0.4679999999999951
8052	0.4579999999999951
8053	0.45099999999999507
8054	0.4619999999999951
8055	0.534999999999995
8056	0.633999999999995
8057	0.657999999999995
8058	0.6919999999999951
8059	0.764999999999995
8060	0.8349999999999951
8061	0.8909999999999951
8062	0.9419999999999952
8063	0.9649999999999952
8064	0.9699999999999952
8065	0.9709999999999952
8066	0.9719999999999952
8067	0.9709999999999952
8068	0.9709999999999952
8069	0.9009999999999952
8070	0.6829999999999953
8071	0.6129999999999953
8072	0.5769999999999953
8073	0.5399999999999953
8074	0.4949999999999953
8075	0.4679999999999953
8076	0.4579999999999953
8077	0.4509999999999953
8078	0.4619999999999953
8079	0.5349999999999953
8080	0.6339999999999952
8081	0.6579999999999953
8082	0.6919999999999953
8083	0.7649999999999952
8084	0.8349999999999953
8085	0.8909999999999954
8086	0.9419999999999954
8087	0.9649999999999954
8088	0.9819999999999954
8089	0.9889999999999954
8090	0.9939999999999954
8091	0.9999999999999954
8092	0.9989999999999954
8093	0.9999999999999954
8094	0.9379999999999954
8095	0.7669999999999955
8096	0.7209999999999954
8097	0.6719999999999954
8098	0.6219999999999953
8099	0.5899999999999953
8100	0.5829999999999953
8101	0.6029999999999953
8102	0.6339999999999953
8103	0.6989999999999954
8104	0.7299999999999954
8105	0.7649999999999955
8106	0.8069999999999955
8107	0.8589999999999955
8108	0.8959999999999956
8109	0.9149999999999956
8110	0.9469999999999956
8111	0.9649999999999956
8112	0.9819999999999957
8113	0.9889999999999957
8114	0.9939999999999957
8115	0.9999999999999957
8116	0.9989999999999957
8117	0.9999999999999957
8118	0.9379999999999956
8119	0.7669999999999957
8120	0.7209999999999956
8121	0.6719999999999956
8122	0.6219999999999956
8123	0.5899999999999955
8124	0.5829999999999955
8125	0.6029999999999955
8126	0.6339999999999956
8127	0.6989999999999956
8128	0.7299999999999957
8129	0.7649999999999957
8130	0.8069999999999957
8131	0.8589999999999958
8132	0.8959999999999958
8133	0.9149999999999958
8134	0.9469999999999958
8135	0.9649999999999959
8136	0.9699999999999959
8137	0.9709999999999959
8138	0.9719999999999959
8139	0.9709999999999959
8140	0.9709999999999959
8141	0.9009999999999959
8142	0.6829999999999959
8143	0.612999999999996
8144	0.576999999999996
8145	0.5399999999999959
8146	0.49499999999999594
8147	0.467999999999996
8148	0.45799999999999597
8149	0.45099999999999596
8150	0.46199999999999597
8151	0.5349999999999959
8152	0.6339999999999959
8153	0.6579999999999959
8154	0.691999999999996
8155	0.7649999999999959
8156	0.834999999999996
8157	0.890999999999996
8158	0.9419999999999961
8159	0.9649999999999961
8160	0.9699999999999961
8161	0.9709999999999961
8162	0.9719999999999961
8163	0.9709999999999961
8164	0.9709999999999961
8165	0.9009999999999961
8166	0.6829999999999962
8167	0.6129999999999962
8168	0.5769999999999962
8169	0.5399999999999961
8170	0.49499999999999617
8171	0.4679999999999962
8172	0.4579999999999962
8173	0.4509999999999962
8174	0.4619999999999962
8175	0.5349999999999961
8176	0.6339999999999961
8177	0.6579999999999961
8178	0.6919999999999962
8179	0.7649999999999961
8180	0.8349999999999962
8181	0.8909999999999962
8182	0.9419999999999963
8183	0.9649999999999963
8184	0.9699999999999963
8185	0.9709999999999963
8186	0.9719999999999963
8187	0.9709999999999963
8188	0.9709999999999963
8189	0.9009999999999964
8190	0.6829999999999964
8191	0.6129999999999964
8192	0.5769999999999964
8193	0.5399999999999964
8194	0.4949999999999964
8195	0.4679999999999964
8196	0.4579999999999964
8197	0.4509999999999964
8198	0.4619999999999964
8199	0.5349999999999964
8200	0.6339999999999963
8201	0.6579999999999964
8202	0.6919999999999964
8203	0.7649999999999963
8204	0.8349999999999964
8205	0.8909999999999965
8206	0.9419999999999965
8207	0.9649999999999965
8208	0.9699999999999965
8209	0.9709999999999965
8210	0.9719999999999965
8211	0.9709999999999965
8212	0.9709999999999965
8213	0.9009999999999966
8214	0.6829999999999966
8215	0.6129999999999967
8216	0.5769999999999966
8217	0.5399999999999966
8218	0.4949999999999966
8219	0.46799999999999664
8220	0.45799999999999663
8221	0.4509999999999966
8222	0.46199999999999664
8223	0.5349999999999966
8224	0.6339999999999966
8225	0.6579999999999966
8226	0.6919999999999966
8227	0.7649999999999966
8228	0.8349999999999966
8229	0.8909999999999967
8230	0.9419999999999967
8231	0.9649999999999967
8232	0.9699999999999968
8233	0.9709999999999968
8234	0.9719999999999968
8235	0.9709999999999968
8236	0.9709999999999968
8237	0.9009999999999968
8238	0.6829999999999968
8239	0.6129999999999969
8240	0.5769999999999968
8241	0.5399999999999968
8242	0.49499999999999683
8243	0.46799999999999686
8244	0.45799999999999685
8245	0.45099999999999685
8246	0.46199999999999686
8247	0.5349999999999968
8248	0.6339999999999968
8249	0.6579999999999968
8250	0.6919999999999968
8251	0.7649999999999968
8252	0.8349999999999969
8253	0.8909999999999969
8254	0.941999999999997
8255	0.964999999999997
8256	0.981999999999997
8257	0.988999999999997
8258	0.993999999999997
8259	0.999999999999997
8260	0.998999999999997
8261	0.999999999999997
8262	0.937999999999997
8263	0.766999999999997
8264	0.720999999999997
8265	0.6719999999999969
8266	0.6219999999999969
8267	0.5899999999999969
8268	0.5829999999999969
8269	0.6029999999999969
8270	0.6339999999999969
8271	0.698999999999997
8272	0.729999999999997
8273	0.764999999999997
8274	0.806999999999997
8275	0.8589999999999971
8276	0.8959999999999971
8277	0.9149999999999971
8278	0.9469999999999972
8279	0.9649999999999972
8280	0.9819999999999972
8281	0.9889999999999972
8282	0.9939999999999972
8283	0.9999999999999972
8284	0.9989999999999972
8285	0.9999999999999972
8286	0.9379999999999972
8287	0.7669999999999972
8288	0.7209999999999972
8289	0.6719999999999972
8290	0.6219999999999971
8291	0.5899999999999971
8292	0.5829999999999971
8293	0.6029999999999971
8294	0.6339999999999971
8295	0.6989999999999972
8296	0.7299999999999972
8297	0.7649999999999972
8298	0.8069999999999973
8299	0.8589999999999973
8300	0.8959999999999974
8301	0.9149999999999974
8302	0.9469999999999974
8303	0.9649999999999974
8304	0.9699999999999974
8305	0.9709999999999974
8306	0.9719999999999974
8307	0.9709999999999974
8308	0.9709999999999974
8309	0.9009999999999975
8310	0.6829999999999975
8311	0.6129999999999975
8312	0.5769999999999975
8313	0.5399999999999975
8314	0.4949999999999975
8315	0.46799999999999753
8316	0.4579999999999975
8317	0.4509999999999975
8318	0.4619999999999975
8319	0.5349999999999975
8320	0.6339999999999975
8321	0.6579999999999975
8322	0.6919999999999975
8323	0.7649999999999975
8324	0.8349999999999975
8325	0.8909999999999976
8326	0.9419999999999976
8327	0.9649999999999976
8328	0.9699999999999976
8329	0.9709999999999976
8330	0.9719999999999976
8331	0.9709999999999976
8332	0.9709999999999976
8333	0.9009999999999977
8334	0.6829999999999977
8335	0.6129999999999978
8336	0.5769999999999977
8337	0.5399999999999977
8338	0.4949999999999977
8339	0.46799999999999775
8340	0.45799999999999774
8341	0.45099999999999774
8342	0.46199999999999775
8343	0.5349999999999977
8344	0.6339999999999977
8345	0.6579999999999977
8346	0.6919999999999977
8347	0.7649999999999977
8348	0.8349999999999977
8349	0.8909999999999978
8350	0.9419999999999978
8351	0.9649999999999979
8352	0.9699999999999979
8353	0.9709999999999979
8354	0.9719999999999979
8355	0.9709999999999979
8356	0.9709999999999979
8357	0.9009999999999979
8358	0.6829999999999979
8359	0.612999999999998
8360	0.576999999999998
8361	0.5399999999999979
8362	0.49499999999999794
8363	0.467999999999998
8364	0.45799999999999796
8365	0.45099999999999796
8366	0.46199999999999797
8367	0.5349999999999979
8368	0.6339999999999979
8369	0.6579999999999979
8370	0.691999999999998
8371	0.7649999999999979
8372	0.834999999999998
8373	0.890999999999998
8374	0.9419999999999981
8375	0.9649999999999981
8376	0.9699999999999981
8377	0.9709999999999981
8378	0.9719999999999981
8379	0.9709999999999981
8380	0.9709999999999981
8381	0.9009999999999981
8382	0.6829999999999982
8383	0.6129999999999982
8384	0.5769999999999982
8385	0.5399999999999981
8386	0.49499999999999816
8387	0.4679999999999982
8388	0.4579999999999982
8389	0.4509999999999982
8390	0.4619999999999982
8391	0.5349999999999981
8392	0.6339999999999981
8393	0.6579999999999981
8394	0.6919999999999982
8395	0.7649999999999981
8396	0.8349999999999982
8397	0.8909999999999982
8398	0.9419999999999983
8399	0.9649999999999983
8400	0.9699999999999983
8401	0.9709999999999983
8402	0.9719999999999983
8403	0.9709999999999983
8404	0.9709999999999983
8405	0.9009999999999984
8406	0.6829999999999984
8407	0.6129999999999984
8408	0.5769999999999984
8409	0.5399999999999984
8410	0.4949999999999984
8411	0.4679999999999984
8412	0.4579999999999984
8413	0.4509999999999984
8414	0.4619999999999984
8415	0.5349999999999984
8416	0.6339999999999983
8417	0.6579999999999984
8418	0.6919999999999984
8419	0.7649999999999983
8420	0.8349999999999984
8421	0.8909999999999985
8422	0.9419999999999985
8423	0.9649999999999985
8424	0.9819999999999985
8425	0.9889999999999985
8426	0.9939999999999986
8427	0.9999999999999986
8428	0.9989999999999986
8429	0.9999999999999986
8430	0.9379999999999985
8431	0.7669999999999986
8432	0.7209999999999985
8433	0.6719999999999985
8434	0.6219999999999984
8435	0.5899999999999984
8436	0.5829999999999984
8437	0.6029999999999984
8438	0.6339999999999985
8439	0.6989999999999985
8440	0.7299999999999985
8441	0.7649999999999986
8442	0.8069999999999986
8443	0.8589999999999987
8444	0.8959999999999987
8445	0.9149999999999987
8446	0.9469999999999987
8447	0.9649999999999987
8448	0.9819999999999988
8449	0.9889999999999988
8450	0.9939999999999988
8451	0.9999999999999988
8452	0.9989999999999988
8453	0.9999999999999988
8454	0.9379999999999987
8455	0.7669999999999988
8456	0.7209999999999988
8457	0.6719999999999987
8458	0.6219999999999987
8459	0.5899999999999986
8460	0.5829999999999986
8461	0.6029999999999986
8462	0.6339999999999987
8463	0.6989999999999987
8464	0.7299999999999988
8465	0.7649999999999988
8466	0.8069999999999988
8467	0.8589999999999989
8468	0.8959999999999989
8469	0.9149999999999989
8470	0.946999999999999
8471	0.964999999999999
8472	0.969999999999999
8473	0.970999999999999
8474	0.971999999999999
8475	0.970999999999999
8476	0.970999999999999
8477	0.900999999999999
8478	0.682999999999999
8479	0.6129999999999991
8480	0.5769999999999991
8481	0.539999999999999
8482	0.49499999999999905
8483	0.4679999999999991
8484	0.4579999999999991
8485	0.45099999999999907
8486	0.4619999999999991
8487	0.534999999999999
8488	0.633999999999999
8489	0.657999999999999
8490	0.6919999999999991
8491	0.764999999999999
8492	0.8349999999999991
8493	0.8909999999999991
8494	0.9419999999999992
8495	0.9649999999999992
8496	0.9699999999999992
8497	0.9709999999999992
8498	0.9719999999999992
8499	0.9709999999999992
8500	0.9709999999999992
8501	0.9009999999999992
8502	0.6829999999999993
8503	0.6129999999999993
8504	0.5769999999999993
8505	0.5399999999999993
8506	0.4949999999999993
8507	0.4679999999999993
8508	0.4579999999999993
8509	0.4509999999999993
8510	0.4619999999999993
8511	0.5349999999999993
8512	0.6339999999999992
8513	0.6579999999999993
8514	0.6919999999999993
8515	0.7649999999999992
8516	0.8349999999999993
8517	0.8909999999999993
8518	0.9419999999999994
8519	0.9649999999999994
8520	0.9699999999999994
8521	0.9709999999999994
8522	0.9719999999999994
8523	0.9709999999999994
8524	0.9709999999999994
8525	0.9009999999999995
8526	0.6829999999999995
8527	0.6129999999999995
8528	0.5769999999999995
8529	0.5399999999999995
8530	0.4949999999999995
8531	0.4679999999999995
8532	0.4579999999999995
8533	0.4509999999999995
8534	0.4619999999999995
8535	0.5349999999999995
8536	0.6339999999999995
8537	0.6579999999999995
8538	0.6919999999999995
8539	0.7649999999999995
8540	0.8349999999999995
8541	0.8909999999999996
8542	0.9419999999999996
8543	0.9649999999999996
8544	0.9699999999999996
8545	0.9709999999999996
8546	0.9719999999999996
8547	0.9709999999999996
8548	0.9709999999999996
8549	0.9009999999999997
8550	0.6829999999999997
8551	0.6129999999999998
8552	0.5769999999999997
8553	0.5399999999999997
8554	0.4949999999999997
8555	0.46799999999999975
8556	0.45799999999999974
8557	0.45099999999999973
8558	0.46199999999999974
8559	0.5349999999999997
8560	0.6339999999999997
8561	0.6579999999999997
8562	0.6919999999999997
8563	0.7649999999999997
8564	0.8349999999999997
8565	0.8909999999999998
8566	0.9419999999999998
8567	0.9649999999999999
8568	0.9699999999999999
8569	0.9709999999999999
8570	0.9719999999999999
8571	0.9709999999999999
8572	0.9709999999999999
8573	0.9009999999999999
8574	0.6829999999999999
8575	0.613
8576	0.577
8577	0.5399999999999999
8578	0.49499999999999994
8579	0.46799999999999997
8580	0.45799999999999996
8581	0.45099999999999996
8582	0.46199999999999997
8583	0.5349999999999999
8584	0.6339999999999999
8585	0.6579999999999999
8586	0.692
8587	0.7649999999999999
8588	0.835
8589	0.891
8590	0.9420000000000001
8591	0.9650000000000001
8592	0.9820000000000001
8593	0.9890000000000001
8594	0.9940000000000001
8595	1.0
8596	0.999
8597	1.0
8598	0.938
8599	0.7669999999999999
8600	0.7209999999999999
8601	0.6719999999999998
8602	0.6219999999999998
8603	0.5899999999999997
8604	0.5829999999999997
8605	0.6029999999999998
8606	0.6339999999999998
8607	0.6989999999999998
8608	0.7299999999999999
8609	0.7649999999999999
8610	0.8069999999999999
8611	0.859
8612	0.896
8613	0.915
8614	0.9470000000000001
8615	0.9650000000000001
8616	0.9820000000000001
8617	0.9890000000000001
8618	0.9940000000000001
8619	1.0
8620	0.999
8621	1.0
8622	0.938
8623	0.7669999999999999
8624	0.7209999999999999
8625	0.6719999999999998
8626	0.6219999999999998
8627	0.5899999999999997
8628	0.5829999999999997
8629	0.6029999999999998
8630	0.6339999999999998
8631	0.6989999999999998
8632	0.7299999999999999
8633	0.7649999999999999
8634	0.8069999999999999
8635	0.859
8636	0.896
8637	0.915
8638	0.9470000000000001
8639	0.9650000000000001
8640	0.9700000000000001
8641	0.9710000000000001
8642	0.9720000000000001
8643	0.9710000000000001
8644	0.9710000000000001
8645	0.9010000000000001
8646	0.6830000000000002
8647	0.6130000000000002
8648	0.5770000000000002
8649	0.5400000000000001
8650	0.49500000000000016
8651	0.4680000000000002
8652	0.4580000000000002
8653	0.4510000000000002
8654	0.4620000000000002
8655	0.5350000000000001
8656	0.6340000000000001
8657	0.6580000000000001
8658	0.6920000000000002
8659	0.7650000000000001
8660	0.8350000000000002
8661	0.8910000000000002
8662	0.9420000000000003
8663	0.9650000000000003
8664	0.9700000000000003
8665	0.9710000000000003
8666	0.9720000000000003
8667	0.9710000000000003
8668	0.9710000000000003
8669	0.9010000000000004
8670	0.6830000000000004
8671	0.6130000000000004
8672	0.5770000000000004
8673	0.5400000000000004
8674	0.4950000000000004
8675	0.4680000000000004
8676	0.4580000000000004
8677	0.4510000000000004
8678	0.4620000000000004
8679	0.5350000000000004
8680	0.6340000000000003
8681	0.6580000000000004
8682	0.6920000000000004
8683	0.7650000000000003
8684	0.8350000000000004
8685	0.8910000000000005
8686	0.9420000000000005
8687	0.9650000000000005
8688	0.9700000000000005
8689	0.9710000000000005
8690	0.9720000000000005
8691	0.9710000000000005
8692	0.9710000000000005
8693	0.9010000000000006
8694	0.6830000000000006
8695	0.6130000000000007
8696	0.5770000000000006
8697	0.5400000000000006
8698	0.4950000000000006
8699	0.46800000000000064
8700	0.45800000000000063
8701	0.4510000000000006
8702	0.46200000000000063
8703	0.5350000000000006
8704	0.6340000000000006
8705	0.6580000000000006
8706	0.6920000000000006
8707	0.7650000000000006
8708	0.8350000000000006
8709	0.8910000000000007
8710	0.9420000000000007
8711	0.9650000000000007
8712	0.9700000000000008
8713	0.9710000000000008
8714	0.9720000000000008
8715	0.9710000000000008
8716	0.9710000000000008
8717	0.9010000000000008
8718	0.6830000000000008
8719	0.6130000000000009
8720	0.5770000000000008
8721	0.5400000000000008
8722	0.49500000000000083
8723	0.46800000000000086
8724	0.45800000000000085
8725	0.45100000000000084
8726	0.46200000000000085
8727	0.5350000000000008
8728	0.6340000000000008
8729	0.6580000000000008
8730	0.6920000000000008
8731	0.7650000000000008
8732	0.8350000000000009
8733	0.8910000000000009
8734	0.942000000000001
8735	0.965000000000001
8736	0.970000000000001
8737	0.971000000000001
8738	0.972000000000001
8739	0.971000000000001
8740	0.971000000000001
8741	0.901000000000001
8742	0.683000000000001
8743	0.6130000000000011
8744	0.5770000000000011
8745	0.540000000000001
8746	0.49500000000000105
8747	0.4680000000000011
8748	0.4580000000000011
8749	0.45100000000000107
8750	0.4620000000000011
8751	0.535000000000001
8752	0.634000000000001
8753	0.658000000000001
8754	0.6920000000000011
8755	0.765000000000001
8756	0.8350000000000011
8757	0.8910000000000011
8758	0.9420000000000012
8759	0.9650000000000012
