0	0.0004420036323959273
1	0.0003246575352996634
2	0.0002307806576226521
3	0.00016558838145806122
4	0.00012125763366613933
5	8.73576500605521e-05
6	6.388843064129894e-05
7	4.954612988508914e-05
8	4.5634593315213614e-05
9	5.606535750154828e-05
10	7.692688587421742e-05
11	0.0001160422515729722
12	0.00017210760907452035
13	0.0002516421859953212
14	0.0003403036815791653
15	0.0004315728682095925
16	0.0005098035996071019
17	0.0005697804936785261
18	0.0005854266399580278
19	0.0005554381929223157
20	0.00048503053466455727
21	0.0003768113562313365
22	0.00029727677931053523
23	0.00028814986064749237
24	0.00041025694550838313
25	0.00028414360195874353
26	0.00018782640237591992
27	0.0001274416881692224
28	8.371014035996779e-05
29	6.101071569408579e-05
30	4.356970352227125e-05
31	3.577064108914253e-05
32	5.2509310128764786e-05
33	5.6103474766114844e-05
34	5.531410215884636e-05
35	7.20527711984686e-05
36	9.317497748270933e-05
37	0.00011517205901639904
38	0.0001415526777947071
39	0.00026433599879801807
40	0.0005299728592234886
41	0.0006063083966954355
42	0.0005257664345948143
43	0.0005495178471260886
44	0.0005794025474008789
45	0.0005707255560525095
46	0.0005410164415607675
47	0.000470114902365936
48	0.0004078347214649155
49	0.00028246597170288257
50	0.00018671744460490837
51	0.00012668925161792634
52	8.32159020128005e-05
53	6.0650498459298316e-05
54	4.331246087325863e-05
55	3.555944537912474e-05
56	5.219928658158954e-05
57	5.5772230683623646e-05
58	5.498751866121427e-05
59	7.162735986367905e-05
60	9.262485719058727e-05
61	0.00011449206436051453
62	0.00014071692765488513
63	0.00026277531586783837
64	0.0005268438128635161
65	0.0006027286528487784
66	0.0005226622236531916
67	0.0005462734039638309
68	0.0005759816600849513
69	0.0005673558991113485
70	0.000537822192086122
71	0.000467339267164216
72	0.0004078347214649155
73	0.00028246597170288257
74	0.00018671744460490837
75	0.00012668925161792634
76	8.32159020128005e-05
77	6.0650498459298316e-05
78	4.331246087325863e-05
79	3.555944537912474e-05
80	5.219928658158954e-05
81	5.5772230683623646e-05
82	5.498751866121427e-05
83	7.162735986367905e-05
84	9.262485719058727e-05
85	0.00011449206436051453
86	0.00014071692765488513
87	0.00026277531586783837
88	0.0005268438128635161
89	0.0006027286528487784
90	0.0005226622236531916
91	0.0005462734039638309
92	0.0005759816600849513
93	0.0005673558991113485
94	0.000537822192086122
95	0.000467339267164216
96	0.0004078347214649155
97	0.00028246597170288257
98	0.00018671744460490837
99	0.00012668925161792634
100	8.32159020128005e-05
101	6.0650498459298316e-05
102	4.331246087325863e-05
103	3.555944537912474e-05
104	5.219928658158954e-05
105	5.5772230683623646e-05
106	5.498751866121427e-05
107	7.162735986367905e-05
108	9.262485719058727e-05
109	0.00011449206436051453
110	0.00014071692765488513
111	0.00026277531586783837
112	0.0005268438128635161
113	0.0006027286528487784
114	0.0005226622236531916
115	0.0005462734039638309
116	0.0005759816600849513
117	0.0005673558991113485
118	0.000537822192086122
119	0.000467339267164216
120	0.0004078347214649155
121	0.00028246597170288257
122	0.00018671744460490837
123	0.00012668925161792634
124	8.32159020128005e-05
125	6.0650498459298316e-05
126	4.331246087325863e-05
127	3.555944537912474e-05
128	5.219928658158954e-05
129	5.5772230683623646e-05
130	5.498751866121427e-05
131	7.162735986367905e-05
132	9.262485719058727e-05
133	0.00011449206436051453
134	0.00014071692765488513
135	0.00026277531586783837
136	0.0005268438128635161
137	0.0006027286528487784
138	0.0005226622236531916
139	0.0005462734039638309
140	0.0005759816600849513
141	0.0005673558991113485
142	0.000537822192086122
143	0.000467339267164216
144	0.0004078347214649155
145	0.00028246597170288257
146	0.00018671744460490837
147	0.00012668925161792634
148	8.32159020128005e-05
149	6.0650498459298316e-05
150	4.331246087325863e-05
151	3.555944537912474e-05
152	5.219928658158954e-05
153	5.5772230683623646e-05
154	5.498751866121427e-05
155	7.162735986367905e-05
156	9.262485719058727e-05
157	0.00011449206436051453
158	0.00014071692765488513
159	0.00026277531586783837
160	0.0005268438128635161
161	0.0006027286528487784
162	0.0005226622236531916
163	0.0005462734039638309
164	0.0005759816600849513
165	0.0005673558991113485
166	0.000537822192086122
167	0.000467339267164216
168	0.0004420036323959273
169	0.0003246575352996634
170	0.0002307806576226521
171	0.00016558838145806122
172	0.00012125763366613933
173	8.73576500605521e-05
174	6.388843064129894e-05
175	4.954612988508914e-05
176	4.5634593315213614e-05
177	5.606535750154828e-05
178	7.692688587421742e-05
179	0.0001160422515729722
180	0.00017210760907452035
181	0.0002516421859953212
182	0.0003403036815791653
183	0.0004315728682095925
184	0.0005098035996071019
185	0.0005697804936785261
186	0.0005854266399580278
187	0.0005554381929223157
188	0.00048503053466455727
189	0.0003768113562313365
190	0.00029727677931053523
191	0.00028814986064749237
192	0.00041025694550838313
193	0.00028414360195874353
194	0.00018782640237591992
195	0.0001274416881692224
196	8.371014035996779e-05
197	6.101071569408579e-05
198	4.356970352227125e-05
199	3.577064108914253e-05
200	5.2509310128764786e-05
201	5.6103474766114844e-05
202	5.531410215884636e-05
203	7.20527711984686e-05
204	9.317497748270933e-05
205	0.00011517205901639904
206	0.0001415526777947071
207	0.00026433599879801807
208	0.0005299728592234886
209	0.0006063083966954355
210	0.0005257664345948143
211	0.0005495178471260886
212	0.0005794025474008789
213	0.0005707255560525095
214	0.0005410164415607675
215	0.000470114902365936
216	0.0004078347214649155
217	0.00028246597170288257
218	0.00018671744460490837
219	0.00012668925161792634
220	8.32159020128005e-05
221	6.0650498459298316e-05
222	4.331246087325863e-05
223	3.555944537912474e-05
224	5.219928658158954e-05
225	5.5772230683623646e-05
226	5.498751866121427e-05
227	7.162735986367905e-05
228	9.262485719058727e-05
229	0.00011449206436051453
230	0.00014071692765488513
231	0.00026277531586783837
232	0.0005268438128635161
233	0.0006027286528487784
234	0.0005226622236531916
235	0.0005462734039638309
236	0.0005759816600849513
237	0.0005673558991113485
238	0.000537822192086122
239	0.000467339267164216
240	0.0004078347214649155
241	0.00028246597170288257
242	0.00018671744460490837
243	0.00012668925161792634
244	8.32159020128005e-05
245	6.0650498459298316e-05
246	4.331246087325863e-05
247	3.555944537912474e-05
248	5.219928658158954e-05
249	5.5772230683623646e-05
250	5.498751866121427e-05
251	7.162735986367905e-05
252	9.262485719058727e-05
253	0.00011449206436051453
254	0.00014071692765488513
255	0.00026277531586783837
256	0.0005268438128635161
257	0.0006027286528487784
258	0.0005226622236531916
259	0.0005462734039638309
260	0.0005759816600849513
261	0.0005673558991113485
262	0.000537822192086122
263	0.000467339267164216
264	0.0004078347214649155
265	0.00028246597170288257
266	0.00018671744460490837
267	0.00012668925161792634
268	8.32159020128005e-05
269	6.0650498459298316e-05
270	4.331246087325863e-05
271	3.555944537912474e-05
272	5.219928658158954e-05
273	5.5772230683623646e-05
274	5.498751866121427e-05
275	7.162735986367905e-05
276	9.262485719058727e-05
277	0.00011449206436051453
278	0.00014071692765488513
279	0.00026277531586783837
280	0.0005268438128635161
281	0.0006027286528487784
282	0.0005226622236531916
283	0.0005462734039638309
284	0.0005759816600849513
285	0.0005673558991113485
286	0.000537822192086122
287	0.000467339267164216
288	0.0004078347214649155
289	0.00028246597170288257
290	0.00018671744460490837
291	0.00012668925161792634
292	8.32159020128005e-05
293	6.0650498459298316e-05
294	4.331246087325863e-05
295	3.555944537912474e-05
296	5.219928658158954e-05
297	5.5772230683623646e-05
298	5.498751866121427e-05
299	7.162735986367905e-05
300	9.262485719058727e-05
301	0.00011449206436051453
302	0.00014071692765488513
303	0.00026277531586783837
304	0.0005268438128635161
305	0.0006027286528487784
306	0.0005226622236531916
307	0.0005462734039638309
308	0.0005759816600849513
309	0.0005673558991113485
310	0.000537822192086122
311	0.000467339267164216
312	0.0004078347214649155
313	0.00028246597170288257
314	0.00018671744460490837
315	0.00012668925161792634
316	8.32159020128005e-05
317	6.0650498459298316e-05
318	4.331246087325863e-05
319	3.555944537912474e-05
320	5.219928658158954e-05
321	5.5772230683623646e-05
322	5.498751866121427e-05
323	7.162735986367905e-05
324	9.262485719058727e-05
325	0.00011449206436051453
326	0.00014071692765488513
327	0.00026277531586783837
328	0.0005268438128635161
329	0.0006027286528487784
330	0.0005226622236531916
331	0.0005462734039638309
332	0.0005759816600849513
333	0.0005673558991113485
334	0.000537822192086122
335	0.000467339267164216
336	0.0004420036323959273
337	0.0003246575352996634
338	0.0002307806576226521
339	0.00016558838145806122
340	0.00012125763366613933
341	8.73576500605521e-05
342	6.388843064129894e-05
343	4.954612988508914e-05
344	4.5634593315213614e-05
345	5.606535750154828e-05
346	7.692688587421742e-05
347	0.0001160422515729722
348	0.00017210760907452035
349	0.0002516421859953212
350	0.0003403036815791653
351	0.0004315728682095925
352	0.0005098035996071019
353	0.0005697804936785261
354	0.0005854266399580278
355	0.0005554381929223157
356	0.00048503053466455727
357	0.0003768113562313365
358	0.00029727677931053523
359	0.00028814986064749237
360	0.00041025694550838313
361	0.00028414360195874353
362	0.00018782640237591992
363	0.0001274416881692224
364	8.371014035996779e-05
365	6.101071569408579e-05
366	4.356970352227125e-05
367	3.577064108914253e-05
368	5.2509310128764786e-05
369	5.6103474766114844e-05
370	5.531410215884636e-05
371	7.20527711984686e-05
372	9.317497748270933e-05
373	0.00011517205901639904
374	0.0001415526777947071
375	0.00026433599879801807
376	0.0005299728592234886
377	0.0006063083966954355
378	0.0005257664345948143
379	0.0005495178471260886
380	0.0005794025474008789
381	0.0005707255560525095
382	0.0005410164415607675
383	0.000470114902365936
384	0.0004078347214649155
385	0.00028246597170288257
386	0.00018671744460490837
387	0.00012668925161792634
388	8.32159020128005e-05
389	6.0650498459298316e-05
390	4.331246087325863e-05
391	3.555944537912474e-05
392	5.219928658158954e-05
393	5.5772230683623646e-05
394	5.498751866121427e-05
395	7.162735986367905e-05
396	9.262485719058727e-05
397	0.00011449206436051453
398	0.00014071692765488513
399	0.00026277531586783837
400	0.0005268438128635161
401	0.0006027286528487784
402	0.0005226622236531916
403	0.0005462734039638309
404	0.0005759816600849513
405	0.0005673558991113485
406	0.000537822192086122
407	0.000467339267164216
408	0.0004078347214649155
409	0.00028246597170288257
410	0.00018671744460490837
411	0.00012668925161792634
412	8.32159020128005e-05
413	6.0650498459298316e-05
414	4.331246087325863e-05
415	3.555944537912474e-05
416	5.219928658158954e-05
417	5.5772230683623646e-05
418	5.498751866121427e-05
419	7.162735986367905e-05
420	9.262485719058727e-05
421	0.00011449206436051453
422	0.00014071692765488513
423	0.00026277531586783837
424	0.0005268438128635161
425	0.0006027286528487784
426	0.0005226622236531916
427	0.0005462734039638309
428	0.0005759816600849513
429	0.0005673558991113485
430	0.000537822192086122
431	0.000467339267164216
432	0.0004078347214649155
433	0.00028246597170288257
434	0.00018671744460490837
435	0.00012668925161792634
436	8.32159020128005e-05
437	6.0650498459298316e-05
438	4.331246087325863e-05
439	3.555944537912474e-05
440	5.219928658158954e-05
441	5.5772230683623646e-05
442	5.498751866121427e-05
443	7.162735986367905e-05
444	9.262485719058727e-05
445	0.00011449206436051453
446	0.00014071692765488513
447	0.00026277531586783837
448	0.0005268438128635161
449	0.0006027286528487784
450	0.0005226622236531916
451	0.0005462734039638309
452	0.0005759816600849513
453	0.0005673558991113485
454	0.000537822192086122
455	0.000467339267164216
456	0.0004078347214649155
457	0.00028246597170288257
458	0.00018671744460490837
459	0.00012668925161792634
460	8.32159020128005e-05
461	6.0650498459298316e-05
462	4.331246087325863e-05
463	3.555944537912474e-05
464	5.219928658158954e-05
465	5.5772230683623646e-05
466	5.498751866121427e-05
467	7.162735986367905e-05
468	9.262485719058727e-05
469	0.00011449206436051453
470	0.00014071692765488513
471	0.00026277531586783837
472	0.0005268438128635161
473	0.0006027286528487784
474	0.0005226622236531916
475	0.0005462734039638309
476	0.0005759816600849513
477	0.0005673558991113485
478	0.000537822192086122
479	0.000467339267164216
480	0.0004078347214649155
481	0.00028246597170288257
482	0.00018671744460490837
483	0.00012668925161792634
484	8.32159020128005e-05
485	6.0650498459298316e-05
486	4.331246087325863e-05
487	3.555944537912474e-05
488	5.219928658158954e-05
489	5.5772230683623646e-05
490	5.498751866121427e-05
491	7.162735986367905e-05
492	9.262485719058727e-05
493	0.00011449206436051453
494	0.00014071692765488513
495	0.00026277531586783837
496	0.0005268438128635161
497	0.0006027286528487784
498	0.0005226622236531916
499	0.0005462734039638309
500	0.0005759816600849513
501	0.0005673558991113485
502	0.000537822192086122
503	0.000467339267164216
504	0.0004420036323959273
505	0.0003246575352996634
506	0.0002307806576226521
507	0.00016558838145806122
508	0.00012125763366613933
509	8.73576500605521e-05
510	6.388843064129894e-05
511	4.954612988508914e-05
512	4.5634593315213614e-05
513	5.606535750154828e-05
514	7.692688587421742e-05
515	0.0001160422515729722
516	0.00017210760907452035
517	0.0002516421859953212
518	0.0003403036815791653
519	0.0004315728682095925
520	0.0005098035996071019
521	0.0005697804936785261
522	0.0005854266399580278
523	0.0005554381929223157
524	0.00048503053466455727
525	0.0003768113562313365
526	0.00029727677931053523
527	0.00028814986064749237
528	0.00041025694550838313
529	0.00028414360195874353
530	0.00018782640237591992
531	0.0001274416881692224
532	8.371014035996779e-05
533	6.101071569408579e-05
534	4.356970352227125e-05
535	3.577064108914253e-05
536	5.2509310128764786e-05
537	5.6103474766114844e-05
538	5.531410215884636e-05
539	7.20527711984686e-05
540	9.317497748270933e-05
541	0.00011517205901639904
542	0.0001415526777947071
543	0.00026433599879801807
544	0.0005299728592234886
545	0.0006063083966954355
546	0.0005257664345948143
547	0.0005495178471260886
548	0.0005794025474008789
549	0.0005707255560525095
550	0.0005410164415607675
551	0.000470114902365936
552	0.0004078347214649155
553	0.00028246597170288257
554	0.00018671744460490837
555	0.00012668925161792634
556	8.32159020128005e-05
557	6.0650498459298316e-05
558	4.331246087325863e-05
559	3.555944537912474e-05
560	5.219928658158954e-05
561	5.5772230683623646e-05
562	5.498751866121427e-05
563	7.162735986367905e-05
564	9.262485719058727e-05
565	0.00011449206436051453
566	0.00014071692765488513
567	0.00026277531586783837
568	0.0005268438128635161
569	0.0006027286528487784
570	0.0005226622236531916
571	0.0005462734039638309
572	0.0005759816600849513
573	0.0005673558991113485
574	0.000537822192086122
575	0.000467339267164216
576	0.0004078347214649155
577	0.00028246597170288257
578	0.00018671744460490837
579	0.00012668925161792634
580	8.32159020128005e-05
581	6.0650498459298316e-05
582	4.331246087325863e-05
583	3.555944537912474e-05
584	5.219928658158954e-05
585	5.5772230683623646e-05
586	5.498751866121427e-05
587	7.162735986367905e-05
588	9.262485719058727e-05
589	0.00011449206436051453
590	0.00014071692765488513
591	0.00026277531586783837
592	0.0005268438128635161
593	0.0006027286528487784
594	0.0005226622236531916
595	0.0005462734039638309
596	0.0005759816600849513
597	0.0005673558991113485
598	0.000537822192086122
599	0.000467339267164216
600	0.0004078347214649155
601	0.00028246597170288257
602	0.00018671744460490837
603	0.00012668925161792634
604	8.32159020128005e-05
605	6.0650498459298316e-05
606	4.331246087325863e-05
607	3.555944537912474e-05
608	5.219928658158954e-05
609	5.5772230683623646e-05
610	5.498751866121427e-05
611	7.162735986367905e-05
612	9.262485719058727e-05
613	0.00011449206436051453
614	0.00014071692765488513
615	0.00026277531586783837
616	0.0005268438128635161
617	0.0006027286528487784
618	0.0005226622236531916
619	0.0005462734039638309
620	0.0005759816600849513
621	0.0005673558991113485
622	0.000537822192086122
623	0.000467339267164216
624	0.0004078347214649155
625	0.00028246597170288257
626	0.00018671744460490837
627	0.00012668925161792634
628	8.32159020128005e-05
629	6.0650498459298316e-05
630	4.331246087325863e-05
631	3.555944537912474e-05
632	5.219928658158954e-05
633	5.5772230683623646e-05
634	5.498751866121427e-05
635	7.162735986367905e-05
636	9.262485719058727e-05
637	0.00011449206436051453
638	0.00014071692765488513
639	0.00026277531586783837
640	0.0005268438128635161
641	0.0006027286528487784
642	0.0005226622236531916
643	0.0005462734039638309
644	0.0005759816600849513
645	0.0005673558991113485
646	0.000537822192086122
647	0.000467339267164216
648	0.0004078347214649155
649	0.00028246597170288257
650	0.00018671744460490837
651	0.00012668925161792634
652	8.32159020128005e-05
653	6.0650498459298316e-05
654	4.331246087325863e-05
655	3.555944537912474e-05
656	5.219928658158954e-05
657	5.5772230683623646e-05
658	5.498751866121427e-05
659	7.162735986367905e-05
660	9.262485719058727e-05
661	0.00011449206436051453
662	0.00014071692765488513
663	0.00026277531586783837
664	0.0005268438128635161
665	0.0006027286528487784
666	0.0005226622236531916
667	0.0005462734039638309
668	0.0005759816600849513
669	0.0005673558991113485
670	0.000537822192086122
671	0.000467339267164216
672	0.0004420036323959273
673	0.0003246575352996634
674	0.0002307806576226521
675	0.00016558838145806122
676	0.00012125763366613933
677	8.73576500605521e-05
678	6.388843064129894e-05
679	4.954612988508914e-05
680	4.5634593315213614e-05
681	5.606535750154828e-05
682	7.692688587421742e-05
683	0.0001160422515729722
684	0.00017210760907452035
685	0.0002516421859953212
686	0.0003403036815791653
687	0.0004315728682095925
688	0.0005098035996071019
689	0.0005697804936785261
690	0.0005854266399580278
691	0.0005554381929223157
692	0.00048503053466455727
693	0.0003768113562313365
694	0.00029727677931053523
695	0.00028814986064749237
696	0.00041025694550838313
697	0.00028414360195874353
698	0.00018782640237591992
699	0.0001274416881692224
700	8.371014035996779e-05
701	6.101071569408579e-05
702	4.356970352227125e-05
703	3.577064108914253e-05
704	5.2509310128764786e-05
705	5.6103474766114844e-05
706	5.531410215884636e-05
707	7.20527711984686e-05
708	9.317497748270933e-05
709	0.00011517205901639904
710	0.0001415526777947071
711	0.00026433599879801807
712	0.0005299728592234886
713	0.0006063083966954355
714	0.0005257664345948143
715	0.0005495178471260886
716	0.0005794025474008789
717	0.0005707255560525095
718	0.0005410164415607675
719	0.000470114902365936
720	0.0004078347214649155
721	0.00028246597170288257
722	0.00018671744460490837
723	0.00012668925161792634
724	8.32159020128005e-05
725	6.0650498459298316e-05
726	4.331246087325863e-05
727	3.555944537912474e-05
728	5.219928658158954e-05
729	5.5772230683623646e-05
730	5.498751866121427e-05
731	7.162735986367905e-05
732	9.262485719058727e-05
733	0.00011449206436051453
734	0.00014071692765488513
735	0.00026277531586783837
736	0.0005268438128635161
737	0.0006027286528487784
738	0.0005226622236531916
739	0.0005462734039638309
740	0.0005759816600849513
741	0.0005673558991113485
742	0.000537822192086122
743	0.000467339267164216
744	0.0004078347214649155
745	0.00028246597170288257
746	0.00018671744460490837
747	0.00012668925161792634
748	8.32159020128005e-05
749	6.0650498459298316e-05
750	4.331246087325863e-05
751	3.555944537912474e-05
752	5.219928658158954e-05
753	5.5772230683623646e-05
754	5.498751866121427e-05
755	7.162735986367905e-05
756	9.262485719058727e-05
757	0.00011449206436051453
758	0.00014071692765488513
759	0.00026277531586783837
760	0.0005268438128635161
761	0.0006027286528487784
762	0.0005226622236531916
763	0.0005462734039638309
764	0.0005759816600849513
765	0.0005673558991113485
766	0.000537822192086122
767	0.000467339267164216
768	0.0004078347214649155
769	0.00028246597170288257
770	0.00018671744460490837
771	0.00012668925161792634
772	8.32159020128005e-05
773	6.0650498459298316e-05
774	4.331246087325863e-05
775	3.555944537912474e-05
776	5.219928658158954e-05
777	5.5772230683623646e-05
778	5.498751866121427e-05
779	7.162735986367905e-05
780	9.262485719058727e-05
781	0.00011449206436051453
782	0.00014071692765488513
783	0.00026277531586783837
784	0.0005268438128635161
785	0.0006027286528487784
786	0.0005226622236531916
787	0.0005462734039638309
788	0.0005759816600849513
789	0.0005673558991113485
790	0.000537822192086122
791	0.000467339267164216
792	0.0004078347214649155
793	0.00028246597170288257
794	0.00018671744460490837
795	0.00012668925161792634
796	8.32159020128005e-05
797	6.0650498459298316e-05
798	4.331246087325863e-05
799	3.555944537912474e-05
800	5.219928658158954e-05
801	5.5772230683623646e-05
802	5.498751866121427e-05
803	7.162735986367905e-05
804	9.262485719058727e-05
805	0.00011449206436051453
806	0.00014071692765488513
807	0.00026277531586783837
808	0.0005268438128635161
809	0.0006027286528487784
810	0.0005226622236531916
811	0.0005462734039638309
812	0.0005759816600849513
813	0.0005673558991113485
814	0.000537822192086122
815	0.000467339267164216
816	0.0004078347214649155
817	0.00028246597170288257
818	0.00018671744460490837
819	0.00012668925161792634
820	8.32159020128005e-05
821	6.0650498459298316e-05
822	4.331246087325863e-05
823	3.555944537912474e-05
824	5.219928658158954e-05
825	5.5772230683623646e-05
826	5.498751866121427e-05
827	7.162735986367905e-05
828	9.262485719058727e-05
829	0.00011449206436051453
830	0.00014071692765488513
831	0.00026277531586783837
832	0.0005268438128635161
833	0.0006027286528487784
834	0.0005226622236531916
835	0.0005462734039638309
836	0.0005759816600849513
837	0.0005673558991113485
838	0.000537822192086122
839	0.000467339267164216
840	0.0004420036323959273
841	0.0003246575352996634
842	0.0002307806576226521
843	0.00016558838145806122
844	0.00012125763366613933
845	8.73576500605521e-05
846	6.388843064129894e-05
847	4.954612988508914e-05
848	4.5634593315213614e-05
849	5.606535750154828e-05
850	7.692688587421742e-05
851	0.0001160422515729722
852	0.00017210760907452035
853	0.0002516421859953212
854	0.0003403036815791653
855	0.0004315728682095925
856	0.0005098035996071019
857	0.0005697804936785261
858	0.0005854266399580278
859	0.0005554381929223157
860	0.00048503053466455727
861	0.0003768113562313365
862	0.00029727677931053523
863	0.00028814986064749237
864	0.00041025694550838313
865	0.00028414360195874353
866	0.00018782640237591992
867	0.0001274416881692224
868	8.371014035996779e-05
869	6.101071569408579e-05
870	4.356970352227125e-05
871	3.577064108914253e-05
872	5.2509310128764786e-05
873	5.6103474766114844e-05
874	5.531410215884636e-05
875	7.20527711984686e-05
876	9.317497748270933e-05
877	0.00011517205901639904
878	0.0001415526777947071
879	0.00026433599879801807
880	0.0005299728592234886
881	0.0006063083966954355
882	0.0005257664345948143
883	0.0005495178471260886
884	0.0005794025474008789
885	0.0005707255560525095
886	0.0005410164415607675
887	0.000470114902365936
888	0.0004078347214649155
889	0.00028246597170288257
890	0.00018671744460490837
891	0.00012668925161792634
892	8.32159020128005e-05
893	6.0650498459298316e-05
894	4.331246087325863e-05
895	3.555944537912474e-05
896	5.219928658158954e-05
897	5.5772230683623646e-05
898	5.498751866121427e-05
899	7.162735986367905e-05
900	9.262485719058727e-05
901	0.00011449206436051453
902	0.00014071692765488513
903	0.00026277531586783837
904	0.0005268438128635161
905	0.0006027286528487784
906	0.0005226622236531916
907	0.0005462734039638309
908	0.0005759816600849513
909	0.0005673558991113485
910	0.000537822192086122
911	0.000467339267164216
912	0.0004078347214649155
913	0.00028246597170288257
914	0.00018671744460490837
915	0.00012668925161792634
916	8.32159020128005e-05
917	6.0650498459298316e-05
918	4.331246087325863e-05
919	3.555944537912474e-05
920	5.219928658158954e-05
921	5.5772230683623646e-05
922	5.498751866121427e-05
923	7.162735986367905e-05
924	9.262485719058727e-05
925	0.00011449206436051453
926	0.00014071692765488513
927	0.00026277531586783837
928	0.0005268438128635161
929	0.0006027286528487784
930	0.0005226622236531916
931	0.0005462734039638309
932	0.0005759816600849513
933	0.0005673558991113485
934	0.000537822192086122
935	0.000467339267164216
936	0.0004078347214649155
937	0.00028246597170288257
938	0.00018671744460490837
939	0.00012668925161792634
940	8.32159020128005e-05
941	6.0650498459298316e-05
942	4.331246087325863e-05
943	3.555944537912474e-05
944	5.219928658158954e-05
945	5.5772230683623646e-05
946	5.498751866121427e-05
947	7.162735986367905e-05
948	9.262485719058727e-05
949	0.00011449206436051453
950	0.00014071692765488513
951	0.00026277531586783837
952	0.0005268438128635161
953	0.0006027286528487784
954	0.0005226622236531916
955	0.0005462734039638309
956	0.0005759816600849513
957	0.0005673558991113485
958	0.000537822192086122
959	0.000467339267164216
960	0.0004078347214649155
961	0.00028246597170288257
962	0.00018671744460490837
963	0.00012668925161792634
964	8.32159020128005e-05
965	6.0650498459298316e-05
966	4.331246087325863e-05
967	3.555944537912474e-05
968	5.219928658158954e-05
969	5.5772230683623646e-05
970	5.498751866121427e-05
971	7.162735986367905e-05
972	9.262485719058727e-05
973	0.00011449206436051453
974	0.00014071692765488513
975	0.00026277531586783837
976	0.0005268438128635161
977	0.0006027286528487784
978	0.0005226622236531916
979	0.0005462734039638309
980	0.0005759816600849513
981	0.0005673558991113485
982	0.000537822192086122
983	0.000467339267164216
984	0.0004078347214649155
985	0.00028246597170288257
986	0.00018671744460490837
987	0.00012668925161792634
988	8.32159020128005e-05
989	6.0650498459298316e-05
990	4.331246087325863e-05
991	3.555944537912474e-05
992	5.219928658158954e-05
993	5.5772230683623646e-05
994	5.498751866121427e-05
995	7.162735986367905e-05
996	9.262485719058727e-05
997	0.00011449206436051453
998	0.00014071692765488513
999	0.00026277531586783837
1000	0.0005268438128635161
1001	0.0006027286528487784
1002	0.0005226622236531916
1003	0.0005462734039638309
1004	0.0005759816600849513
1005	0.0005673558991113485
1006	0.000537822192086122
1007	0.000467339267164216
1008	0.0004420036323959273
1009	0.0003246575352996634
1010	0.0002307806576226521
1011	0.00016558838145806122
1012	0.00012125763366613933
1013	8.73576500605521e-05
1014	6.388843064129894e-05
1015	4.954612988508914e-05
1016	4.5634593315213614e-05
1017	5.606535750154828e-05
1018	7.692688587421742e-05
1019	0.0001160422515729722
1020	0.00017210760907452035
1021	0.0002516421859953212
1022	0.0003403036815791653
1023	0.0004315728682095925
1024	0.0005098035996071019
1025	0.0005697804936785261
1026	0.0005854266399580278
1027	0.0005554381929223157
1028	0.00048503053466455727
1029	0.0003768113562313365
1030	0.00029727677931053523
1031	0.00028814986064749237
1032	0.00041025694550838313
1033	0.00028414360195874353
1034	0.00018782640237591992
1035	0.0001274416881692224
1036	8.371014035996779e-05
1037	6.101071569408579e-05
1038	4.356970352227125e-05
1039	3.577064108914253e-05
1040	5.2509310128764786e-05
1041	5.6103474766114844e-05
1042	5.531410215884636e-05
1043	7.20527711984686e-05
1044	9.317497748270933e-05
1045	0.00011517205901639904
1046	0.0001415526777947071
1047	0.00026433599879801807
1048	0.0005299728592234886
1049	0.0006063083966954355
1050	0.0005257664345948143
1051	0.0005495178471260886
1052	0.0005794025474008789
1053	0.0005707255560525095
1054	0.0005410164415607675
1055	0.000470114902365936
1056	0.0004078347214649155
1057	0.00028246597170288257
1058	0.00018671744460490837
1059	0.00012668925161792634
1060	8.32159020128005e-05
1061	6.0650498459298316e-05
1062	4.331246087325863e-05
1063	3.555944537912474e-05
1064	5.219928658158954e-05
1065	5.5772230683623646e-05
1066	5.498751866121427e-05
1067	7.162735986367905e-05
1068	9.262485719058727e-05
1069	0.00011449206436051453
1070	0.00014071692765488513
1071	0.00026277531586783837
1072	0.0005268438128635161
1073	0.0006027286528487784
1074	0.0005226622236531916
1075	0.0005462734039638309
1076	0.0005759816600849513
1077	0.0005673558991113485
1078	0.000537822192086122
1079	0.000467339267164216
1080	0.0004078347214649155
1081	0.00028246597170288257
1082	0.00018671744460490837
1083	0.00012668925161792634
1084	8.32159020128005e-05
1085	6.0650498459298316e-05
1086	4.331246087325863e-05
1087	3.555944537912474e-05
1088	5.219928658158954e-05
1089	5.5772230683623646e-05
1090	5.498751866121427e-05
1091	7.162735986367905e-05
1092	9.262485719058727e-05
1093	0.00011449206436051453
1094	0.00014071692765488513
1095	0.00026277531586783837
1096	0.0005268438128635161
1097	0.0006027286528487784
1098	0.0005226622236531916
1099	0.0005462734039638309
1100	0.0005759816600849513
1101	0.0005673558991113485
1102	0.000537822192086122
1103	0.000467339267164216
1104	0.0004078347214649155
1105	0.00028246597170288257
1106	0.00018671744460490837
1107	0.00012668925161792634
1108	8.32159020128005e-05
1109	6.0650498459298316e-05
1110	4.331246087325863e-05
1111	3.555944537912474e-05
1112	5.219928658158954e-05
1113	5.5772230683623646e-05
1114	5.498751866121427e-05
1115	7.162735986367905e-05
1116	9.262485719058727e-05
1117	0.00011449206436051453
1118	0.00014071692765488513
1119	0.00026277531586783837
1120	0.0005268438128635161
1121	0.0006027286528487784
1122	0.0005226622236531916
1123	0.0005462734039638309
1124	0.0005759816600849513
1125	0.0005673558991113485
1126	0.000537822192086122
1127	0.000467339267164216
1128	0.0004078347214649155
1129	0.00028246597170288257
1130	0.00018671744460490837
1131	0.00012668925161792634
1132	8.32159020128005e-05
1133	6.0650498459298316e-05
1134	4.331246087325863e-05
1135	3.555944537912474e-05
1136	5.219928658158954e-05
1137	5.5772230683623646e-05
1138	5.498751866121427e-05
1139	7.162735986367905e-05
1140	9.262485719058727e-05
1141	0.00011449206436051453
1142	0.00014071692765488513
1143	0.00026277531586783837
1144	0.0005268438128635161
1145	0.0006027286528487784
1146	0.0005226622236531916
1147	0.0005462734039638309
1148	0.0005759816600849513
1149	0.0005673558991113485
1150	0.000537822192086122
1151	0.000467339267164216
1152	0.0004078347214649155
1153	0.00028246597170288257
1154	0.00018671744460490837
1155	0.00012668925161792634
1156	8.32159020128005e-05
1157	6.0650498459298316e-05
1158	4.331246087325863e-05
1159	3.555944537912474e-05
1160	5.219928658158954e-05
1161	5.5772230683623646e-05
1162	5.498751866121427e-05
1163	7.162735986367905e-05
1164	9.262485719058727e-05
1165	0.00011449206436051453
1166	0.00014071692765488513
1167	0.00026277531586783837
1168	0.0005268438128635161
1169	0.0006027286528487784
1170	0.0005226622236531916
1171	0.0005462734039638309
1172	0.0005759816600849513
1173	0.0005673558991113485
1174	0.000537822192086122
1175	0.000467339267164216
1176	0.0004420036323959273
1177	0.0003246575352996634
1178	0.0002307806576226521
1179	0.00016558838145806122
1180	0.00012125763366613933
1181	8.73576500605521e-05
1182	6.388843064129894e-05
1183	4.954612988508914e-05
1184	4.5634593315213614e-05
1185	5.606535750154828e-05
1186	7.692688587421742e-05
1187	0.0001160422515729722
1188	0.00017210760907452035
1189	0.0002516421859953212
1190	0.0003403036815791653
1191	0.0004315728682095925
1192	0.0005098035996071019
1193	0.0005697804936785261
1194	0.0005854266399580278
1195	0.0005554381929223157
1196	0.00048503053466455727
1197	0.0003768113562313365
1198	0.00029727677931053523
1199	0.00028814986064749237
1200	0.00041025694550838313
1201	0.00028414360195874353
1202	0.00018782640237591992
1203	0.0001274416881692224
1204	8.371014035996779e-05
1205	6.101071569408579e-05
1206	4.356970352227125e-05
1207	3.577064108914253e-05
1208	5.2509310128764786e-05
1209	5.6103474766114844e-05
1210	5.531410215884636e-05
1211	7.20527711984686e-05
1212	9.317497748270933e-05
1213	0.00011517205901639904
1214	0.0001415526777947071
1215	0.00026433599879801807
1216	0.0005299728592234886
1217	0.0006063083966954355
1218	0.0005257664345948143
1219	0.0005495178471260886
1220	0.0005794025474008789
1221	0.0005707255560525095
1222	0.0005410164415607675
1223	0.000470114902365936
1224	0.0004078347214649155
1225	0.00028246597170288257
1226	0.00018671744460490837
1227	0.00012668925161792634
1228	8.32159020128005e-05
1229	6.0650498459298316e-05
1230	4.331246087325863e-05
1231	3.555944537912474e-05
1232	5.219928658158954e-05
1233	5.5772230683623646e-05
1234	5.498751866121427e-05
1235	7.162735986367905e-05
1236	9.262485719058727e-05
1237	0.00011449206436051453
1238	0.00014071692765488513
1239	0.00026277531586783837
1240	0.0005268438128635161
1241	0.0006027286528487784
1242	0.0005226622236531916
1243	0.0005462734039638309
1244	0.0005759816600849513
1245	0.0005673558991113485
1246	0.000537822192086122
1247	0.000467339267164216
1248	0.0004078347214649155
1249	0.00028246597170288257
1250	0.00018671744460490837
1251	0.00012668925161792634
1252	8.32159020128005e-05
1253	6.0650498459298316e-05
1254	4.331246087325863e-05
1255	3.555944537912474e-05
1256	5.219928658158954e-05
1257	5.5772230683623646e-05
1258	5.498751866121427e-05
1259	7.162735986367905e-05
1260	9.262485719058727e-05
1261	0.00011449206436051453
1262	0.00014071692765488513
1263	0.00026277531586783837
1264	0.0005268438128635161
1265	0.0006027286528487784
1266	0.0005226622236531916
1267	0.0005462734039638309
1268	0.0005759816600849513
1269	0.0005673558991113485
1270	0.000537822192086122
1271	0.000467339267164216
1272	0.0004078347214649155
1273	0.00028246597170288257
1274	0.00018671744460490837
1275	0.00012668925161792634
1276	8.32159020128005e-05
1277	6.0650498459298316e-05
1278	4.331246087325863e-05
1279	3.555944537912474e-05
1280	5.219928658158954e-05
1281	5.5772230683623646e-05
1282	5.498751866121427e-05
1283	7.162735986367905e-05
1284	9.262485719058727e-05
1285	0.00011449206436051453
1286	0.00014071692765488513
1287	0.00026277531586783837
1288	0.0005268438128635161
1289	0.0006027286528487784
1290	0.0005226622236531916
1291	0.0005462734039638309
1292	0.0005759816600849513
1293	0.0005673558991113485
1294	0.000537822192086122
1295	0.000467339267164216
1296	0.0004078347214649155
1297	0.00028246597170288257
1298	0.00018671744460490837
1299	0.00012668925161792634
1300	8.32159020128005e-05
1301	6.0650498459298316e-05
1302	4.331246087325863e-05
1303	3.555944537912474e-05
1304	5.219928658158954e-05
1305	5.5772230683623646e-05
1306	5.498751866121427e-05
1307	7.162735986367905e-05
1308	9.262485719058727e-05
1309	0.00011449206436051453
1310	0.00014071692765488513
1311	0.00026277531586783837
1312	0.0005268438128635161
1313	0.0006027286528487784
1314	0.0005226622236531916
1315	0.0005462734039638309
1316	0.0005759816600849513
1317	0.0005673558991113485
1318	0.000537822192086122
1319	0.000467339267164216
1320	0.0004078347214649155
1321	0.00028246597170288257
1322	0.00018671744460490837
1323	0.00012668925161792634
1324	8.32159020128005e-05
1325	6.0650498459298316e-05
1326	4.331246087325863e-05
1327	3.555944537912474e-05
1328	5.219928658158954e-05
1329	5.5772230683623646e-05
1330	5.498751866121427e-05
1331	7.162735986367905e-05
1332	9.262485719058727e-05
1333	0.00011449206436051453
1334	0.00014071692765488513
1335	0.00026277531586783837
1336	0.0005268438128635161
1337	0.0006027286528487784
1338	0.0005226622236531916
1339	0.0005462734039638309
1340	0.0005759816600849513
1341	0.0005673558991113485
1342	0.000537822192086122
1343	0.000467339267164216
1344	0.0004420036323959273
1345	0.0003246575352996634
1346	0.0002307806576226521
1347	0.00016558838145806122
1348	0.00012125763366613933
1349	8.73576500605521e-05
1350	6.388843064129894e-05
1351	4.954612988508914e-05
1352	4.5634593315213614e-05
1353	5.606535750154828e-05
1354	7.692688587421742e-05
1355	0.0001160422515729722
1356	0.00017210760907452035
1357	0.0002516421859953212
1358	0.0003403036815791653
1359	0.0004315728682095925
1360	0.0005098035996071019
1361	0.0005697804936785261
1362	0.0005854266399580278
1363	0.0005554381929223157
1364	0.00048503053466455727
1365	0.0003768113562313365
1366	0.00029727677931053523
1367	0.00028814986064749237
1368	0.00041025694550838313
1369	0.00028414360195874353
1370	0.00018782640237591992
1371	0.0001274416881692224
1372	8.371014035996779e-05
1373	6.101071569408579e-05
1374	4.356970352227125e-05
1375	3.577064108914253e-05
1376	5.2509310128764786e-05
1377	5.6103474766114844e-05
1378	5.531410215884636e-05
1379	7.20527711984686e-05
1380	9.317497748270933e-05
1381	0.00011517205901639904
1382	0.0001415526777947071
1383	0.00026433599879801807
1384	0.0005299728592234886
1385	0.0006063083966954355
1386	0.0005257664345948143
1387	0.0005495178471260886
1388	0.0005794025474008789
1389	0.0005707255560525095
1390	0.0005410164415607675
1391	0.000470114902365936
1392	0.0004078347214649155
1393	0.00028246597170288257
1394	0.00018671744460490837
1395	0.00012668925161792634
1396	8.32159020128005e-05
1397	6.0650498459298316e-05
1398	4.331246087325863e-05
1399	3.555944537912474e-05
1400	5.219928658158954e-05
1401	5.5772230683623646e-05
1402	5.498751866121427e-05
1403	7.162735986367905e-05
1404	9.262485719058727e-05
1405	0.00011449206436051453
1406	0.00014071692765488513
1407	0.00026277531586783837
1408	0.0005268438128635161
1409	0.0006027286528487784
1410	0.0005226622236531916
1411	0.0005462734039638309
1412	0.0005759816600849513
1413	0.0005673558991113485
1414	0.000537822192086122
1415	0.000467339267164216
1416	0.0004078347214649155
1417	0.00028246597170288257
1418	0.00018671744460490837
1419	0.00012668925161792634
1420	8.32159020128005e-05
1421	6.0650498459298316e-05
1422	4.331246087325863e-05
1423	3.555944537912474e-05
1424	5.219928658158954e-05
1425	5.5772230683623646e-05
1426	5.498751866121427e-05
1427	7.162735986367905e-05
1428	9.262485719058727e-05
1429	0.00011449206436051453
1430	0.00014071692765488513
1431	0.00026277531586783837
1432	0.0005268438128635161
1433	0.0006027286528487784
1434	0.0005226622236531916
1435	0.0005462734039638309
1436	0.0005759816600849513
1437	0.0005673558991113485
1438	0.000537822192086122
1439	0.000467339267164216
1440	0.0004078347214649155
1441	0.00028246597170288257
1442	0.00018671744460490837
1443	0.00012668925161792634
1444	8.32159020128005e-05
1445	6.0650498459298316e-05
1446	4.331246087325863e-05
1447	3.555944537912474e-05
1448	5.219928658158954e-05
1449	5.5772230683623646e-05
1450	5.498751866121427e-05
1451	7.162735986367905e-05
1452	9.262485719058727e-05
1453	0.00011449206436051453
1454	0.00014071692765488513
1455	0.00026277531586783837
1456	0.0005268438128635161
1457	0.0006027286528487784
1458	0.0005226622236531916
1459	0.0005462734039638309
1460	0.0005759816600849513
1461	0.0005673558991113485
1462	0.000537822192086122
1463	0.000467339267164216
1464	0.0004078347214649155
1465	0.00028246597170288257
1466	0.00018671744460490837
1467	0.00012668925161792634
1468	8.32159020128005e-05
1469	6.0650498459298316e-05
1470	4.331246087325863e-05
1471	3.555944537912474e-05
1472	5.219928658158954e-05
1473	5.5772230683623646e-05
1474	5.498751866121427e-05
1475	7.162735986367905e-05
1476	9.262485719058727e-05
1477	0.00011449206436051453
1478	0.00014071692765488513
1479	0.00026277531586783837
1480	0.0005268438128635161
1481	0.0006027286528487784
1482	0.0005226622236531916
1483	0.0005462734039638309
1484	0.0005759816600849513
1485	0.0005673558991113485
1486	0.000537822192086122
1487	0.000467339267164216
1488	0.0004078347214649155
1489	0.00028246597170288257
1490	0.00018671744460490837
1491	0.00012668925161792634
1492	8.32159020128005e-05
1493	6.0650498459298316e-05
1494	4.331246087325863e-05
1495	3.555944537912474e-05
1496	5.219928658158954e-05
1497	5.5772230683623646e-05
1498	5.498751866121427e-05
1499	7.162735986367905e-05
1500	9.262485719058727e-05
1501	0.00011449206436051453
1502	0.00014071692765488513
1503	0.00026277531586783837
1504	0.0005268438128635161
1505	0.0006027286528487784
1506	0.0005226622236531916
1507	0.0005462734039638309
1508	0.0005759816600849513
1509	0.0005673558991113485
1510	0.000537822192086122
1511	0.000467339267164216
1512	0.0004420036323959273
1513	0.0003246575352996634
1514	0.0002307806576226521
1515	0.00016558838145806122
1516	0.00012125763366613933
1517	8.73576500605521e-05
1518	6.388843064129894e-05
1519	4.954612988508914e-05
1520	4.5634593315213614e-05
1521	5.606535750154828e-05
1522	7.692688587421742e-05
1523	0.0001160422515729722
1524	0.00017210760907452035
1525	0.0002516421859953212
1526	0.0003403036815791653
1527	0.0004315728682095925
1528	0.0005098035996071019
1529	0.0005697804936785261
1530	0.0005854266399580278
1531	0.0005554381929223157
1532	0.00048503053466455727
1533	0.0003768113562313365
1534	0.00029727677931053523
1535	0.00028814986064749237
1536	0.00041025694550838313
1537	0.00028414360195874353
1538	0.00018782640237591992
1539	0.0001274416881692224
1540	8.371014035996779e-05
1541	6.101071569408579e-05
1542	4.356970352227125e-05
1543	3.577064108914253e-05
1544	5.2509310128764786e-05
1545	5.6103474766114844e-05
1546	5.531410215884636e-05
1547	7.20527711984686e-05
1548	9.317497748270933e-05
1549	0.00011517205901639904
1550	0.0001415526777947071
1551	0.00026433599879801807
1552	0.0005299728592234886
1553	0.0006063083966954355
1554	0.0005257664345948143
1555	0.0005495178471260886
1556	0.0005794025474008789
1557	0.0005707255560525095
1558	0.0005410164415607675
1559	0.000470114902365936
1560	0.0004078347214649155
1561	0.00028246597170288257
1562	0.00018671744460490837
1563	0.00012668925161792634
1564	8.32159020128005e-05
1565	6.0650498459298316e-05
1566	4.331246087325863e-05
1567	3.555944537912474e-05
1568	5.219928658158954e-05
1569	5.5772230683623646e-05
1570	5.498751866121427e-05
1571	7.162735986367905e-05
1572	9.262485719058727e-05
1573	0.00011449206436051453
1574	0.00014071692765488513
1575	0.00026277531586783837
1576	0.0005268438128635161
1577	0.0006027286528487784
1578	0.0005226622236531916
1579	0.0005462734039638309
1580	0.0005759816600849513
1581	0.0005673558991113485
1582	0.000537822192086122
1583	0.000467339267164216
1584	0.0004078347214649155
1585	0.00028246597170288257
1586	0.00018671744460490837
1587	0.00012668925161792634
1588	8.32159020128005e-05
1589	6.0650498459298316e-05
1590	4.331246087325863e-05
1591	3.555944537912474e-05
1592	5.219928658158954e-05
1593	5.5772230683623646e-05
1594	5.498751866121427e-05
1595	7.162735986367905e-05
1596	9.262485719058727e-05
1597	0.00011449206436051453
1598	0.00014071692765488513
1599	0.00026277531586783837
1600	0.0005268438128635161
1601	0.0006027286528487784
1602	0.0005226622236531916
1603	0.0005462734039638309
1604	0.0005759816600849513
1605	0.0005673558991113485
1606	0.000537822192086122
1607	0.000467339267164216
1608	0.0004078347214649155
1609	0.00028246597170288257
1610	0.00018671744460490837
1611	0.00012668925161792634
1612	8.32159020128005e-05
1613	6.0650498459298316e-05
1614	4.331246087325863e-05
1615	3.555944537912474e-05
1616	5.219928658158954e-05
1617	5.5772230683623646e-05
1618	5.498751866121427e-05
1619	7.162735986367905e-05
1620	9.262485719058727e-05
1621	0.00011449206436051453
1622	0.00014071692765488513
1623	0.00026277531586783837
1624	0.0005268438128635161
1625	0.0006027286528487784
1626	0.0005226622236531916
1627	0.0005462734039638309
1628	0.0005759816600849513
1629	0.0005673558991113485
1630	0.000537822192086122
1631	0.000467339267164216
1632	0.0004078347214649155
1633	0.00028246597170288257
1634	0.00018671744460490837
1635	0.00012668925161792634
1636	8.32159020128005e-05
1637	6.0650498459298316e-05
1638	4.331246087325863e-05
1639	3.555944537912474e-05
1640	5.219928658158954e-05
1641	5.5772230683623646e-05
1642	5.498751866121427e-05
1643	7.162735986367905e-05
1644	9.262485719058727e-05
1645	0.00011449206436051453
1646	0.00014071692765488513
1647	0.00026277531586783837
1648	0.0005268438128635161
1649	0.0006027286528487784
1650	0.0005226622236531916
1651	0.0005462734039638309
1652	0.0005759816600849513
1653	0.0005673558991113485
1654	0.000537822192086122
1655	0.000467339267164216
1656	0.0004078347214649155
1657	0.00028246597170288257
1658	0.00018671744460490837
1659	0.00012668925161792634
1660	8.32159020128005e-05
1661	6.0650498459298316e-05
1662	4.331246087325863e-05
1663	3.555944537912474e-05
1664	5.219928658158954e-05
1665	5.5772230683623646e-05
1666	5.498751866121427e-05
1667	7.162735986367905e-05
1668	9.262485719058727e-05
1669	0.00011449206436051453
1670	0.00014071692765488513
1671	0.00026277531586783837
1672	0.0005268438128635161
1673	0.0006027286528487784
1674	0.0005226622236531916
1675	0.0005462734039638309
1676	0.0005759816600849513
1677	0.0005673558991113485
1678	0.000537822192086122
1679	0.000467339267164216
1680	0.0004420036323959273
1681	0.0003246575352996634
1682	0.0002307806576226521
1683	0.00016558838145806122
1684	0.00012125763366613933
1685	8.73576500605521e-05
1686	6.388843064129894e-05
1687	4.954612988508914e-05
1688	4.5634593315213614e-05
1689	5.606535750154828e-05
1690	7.692688587421742e-05
1691	0.0001160422515729722
1692	0.00017210760907452035
1693	0.0002516421859953212
1694	0.0003403036815791653
1695	0.0004315728682095925
1696	0.0005098035996071019
1697	0.0005697804936785261
1698	0.0005854266399580278
1699	0.0005554381929223157
1700	0.00048503053466455727
1701	0.0003768113562313365
1702	0.00029727677931053523
1703	0.00028814986064749237
1704	0.00041025694550838313
1705	0.00028414360195874353
1706	0.00018782640237591992
1707	0.0001274416881692224
1708	8.371014035996779e-05
1709	6.101071569408579e-05
1710	4.356970352227125e-05
1711	3.577064108914253e-05
1712	5.2509310128764786e-05
1713	5.6103474766114844e-05
1714	5.531410215884636e-05
1715	7.20527711984686e-05
1716	9.317497748270933e-05
1717	0.00011517205901639904
1718	0.0001415526777947071
1719	0.00026433599879801807
1720	0.0005299728592234886
1721	0.0006063083966954355
1722	0.0005257664345948143
1723	0.0005495178471260886
1724	0.0005794025474008789
1725	0.0005707255560525095
1726	0.0005410164415607675
1727	0.000470114902365936
1728	0.0004078347214649155
1729	0.00028246597170288257
1730	0.00018671744460490837
1731	0.00012668925161792634
1732	8.32159020128005e-05
1733	6.0650498459298316e-05
1734	4.331246087325863e-05
1735	3.555944537912474e-05
1736	5.219928658158954e-05
1737	5.5772230683623646e-05
1738	5.498751866121427e-05
1739	7.162735986367905e-05
1740	9.262485719058727e-05
1741	0.00011449206436051453
1742	0.00014071692765488513
1743	0.00026277531586783837
1744	0.0005268438128635161
1745	0.0006027286528487784
1746	0.0005226622236531916
1747	0.0005462734039638309
1748	0.0005759816600849513
1749	0.0005673558991113485
1750	0.000537822192086122
1751	0.000467339267164216
1752	0.0004078347214649155
1753	0.00028246597170288257
1754	0.00018671744460490837
1755	0.00012668925161792634
1756	8.32159020128005e-05
1757	6.0650498459298316e-05
1758	4.331246087325863e-05
1759	3.555944537912474e-05
1760	5.219928658158954e-05
1761	5.5772230683623646e-05
1762	5.498751866121427e-05
1763	7.162735986367905e-05
1764	9.262485719058727e-05
1765	0.00011449206436051453
1766	0.00014071692765488513
1767	0.00026277531586783837
1768	0.0005268438128635161
1769	0.0006027286528487784
1770	0.0005226622236531916
1771	0.0005462734039638309
1772	0.0005759816600849513
1773	0.0005673558991113485
1774	0.000537822192086122
1775	0.000467339267164216
1776	0.0004078347214649155
1777	0.00028246597170288257
1778	0.00018671744460490837
1779	0.00012668925161792634
1780	8.32159020128005e-05
1781	6.0650498459298316e-05
1782	4.331246087325863e-05
1783	3.555944537912474e-05
1784	5.219928658158954e-05
1785	5.5772230683623646e-05
1786	5.498751866121427e-05
1787	7.162735986367905e-05
1788	9.262485719058727e-05
1789	0.00011449206436051453
1790	0.00014071692765488513
1791	0.00026277531586783837
1792	0.0005268438128635161
1793	0.0006027286528487784
1794	0.0005226622236531916
1795	0.0005462734039638309
1796	0.0005759816600849513
1797	0.0005673558991113485
1798	0.000537822192086122
1799	0.000467339267164216
1800	0.0004078347214649155
1801	0.00028246597170288257
1802	0.00018671744460490837
1803	0.00012668925161792634
1804	8.32159020128005e-05
1805	6.0650498459298316e-05
1806	4.331246087325863e-05
1807	3.555944537912474e-05
1808	5.219928658158954e-05
1809	5.5772230683623646e-05
1810	5.498751866121427e-05
1811	7.162735986367905e-05
1812	9.262485719058727e-05
1813	0.00011449206436051453
1814	0.00014071692765488513
1815	0.00026277531586783837
1816	0.0005268438128635161
1817	0.0006027286528487784
1818	0.0005226622236531916
1819	0.0005462734039638309
1820	0.0005759816600849513
1821	0.0005673558991113485
1822	0.000537822192086122
1823	0.000467339267164216
1824	0.0004078347214649155
1825	0.00028246597170288257
1826	0.00018671744460490837
1827	0.00012668925161792634
1828	8.32159020128005e-05
1829	6.0650498459298316e-05
1830	4.331246087325863e-05
1831	3.555944537912474e-05
1832	5.219928658158954e-05
1833	5.5772230683623646e-05
1834	5.498751866121427e-05
1835	7.162735986367905e-05
1836	9.262485719058727e-05
1837	0.00011449206436051453
1838	0.00014071692765488513
1839	0.00026277531586783837
1840	0.0005268438128635161
1841	0.0006027286528487784
1842	0.0005226622236531916
1843	0.0005462734039638309
1844	0.0005759816600849513
1845	0.0005673558991113485
1846	0.000537822192086122
1847	0.000467339267164216
1848	0.0004420036323959273
1849	0.0003246575352996634
1850	0.0002307806576226521
1851	0.00016558838145806122
1852	0.00012125763366613933
1853	8.73576500605521e-05
1854	6.388843064129894e-05
1855	4.954612988508914e-05
1856	4.5634593315213614e-05
1857	5.606535750154828e-05
1858	7.692688587421742e-05
1859	0.0001160422515729722
1860	0.00017210760907452035
1861	0.0002516421859953212
1862	0.0003403036815791653
1863	0.0004315728682095925
1864	0.0005098035996071019
1865	0.0005697804936785261
1866	0.0005854266399580278
1867	0.0005554381929223157
1868	0.00048503053466455727
1869	0.0003768113562313365
1870	0.00029727677931053523
1871	0.00028814986064749237
1872	0.00041025694550838313
1873	0.00028414360195874353
1874	0.00018782640237591992
1875	0.0001274416881692224
1876	8.371014035996779e-05
1877	6.101071569408579e-05
1878	4.356970352227125e-05
1879	3.577064108914253e-05
1880	5.2509310128764786e-05
1881	5.6103474766114844e-05
1882	5.531410215884636e-05
1883	7.20527711984686e-05
1884	9.317497748270933e-05
1885	0.00011517205901639904
1886	0.0001415526777947071
1887	0.00026433599879801807
1888	0.0005299728592234886
1889	0.0006063083966954355
1890	0.0005257664345948143
1891	0.0005495178471260886
1892	0.0005794025474008789
1893	0.0005707255560525095
1894	0.0005410164415607675
1895	0.000470114902365936
1896	0.0004078347214649155
1897	0.00028246597170288257
1898	0.00018671744460490837
1899	0.00012668925161792634
1900	8.32159020128005e-05
1901	6.0650498459298316e-05
1902	4.331246087325863e-05
1903	3.555944537912474e-05
1904	5.219928658158954e-05
1905	5.5772230683623646e-05
1906	5.498751866121427e-05
1907	7.162735986367905e-05
1908	9.262485719058727e-05
1909	0.00011449206436051453
1910	0.00014071692765488513
1911	0.00026277531586783837
1912	0.0005268438128635161
1913	0.0006027286528487784
1914	0.0005226622236531916
1915	0.0005462734039638309
1916	0.0005759816600849513
1917	0.0005673558991113485
1918	0.000537822192086122
1919	0.000467339267164216
1920	0.0004078347214649155
1921	0.00028246597170288257
1922	0.00018671744460490837
1923	0.00012668925161792634
1924	8.32159020128005e-05
1925	6.0650498459298316e-05
1926	4.331246087325863e-05
1927	3.555944537912474e-05
1928	5.219928658158954e-05
1929	5.5772230683623646e-05
1930	5.498751866121427e-05
1931	7.162735986367905e-05
1932	9.262485719058727e-05
1933	0.00011449206436051453
1934	0.00014071692765488513
1935	0.00026277531586783837
1936	0.0005268438128635161
1937	0.0006027286528487784
1938	0.0005226622236531916
1939	0.0005462734039638309
1940	0.0005759816600849513
1941	0.0005673558991113485
1942	0.000537822192086122
1943	0.000467339267164216
1944	0.0004078347214649155
1945	0.00028246597170288257
1946	0.00018671744460490837
1947	0.00012668925161792634
1948	8.32159020128005e-05
1949	6.0650498459298316e-05
1950	4.331246087325863e-05
1951	3.555944537912474e-05
1952	5.219928658158954e-05
1953	5.5772230683623646e-05
1954	5.498751866121427e-05
1955	7.162735986367905e-05
1956	9.262485719058727e-05
1957	0.00011449206436051453
1958	0.00014071692765488513
1959	0.00026277531586783837
1960	0.0005268438128635161
1961	0.0006027286528487784
1962	0.0005226622236531916
1963	0.0005462734039638309
1964	0.0005759816600849513
1965	0.0005673558991113485
1966	0.000537822192086122
1967	0.000467339267164216
1968	0.0004078347214649155
1969	0.00028246597170288257
1970	0.00018671744460490837
1971	0.00012668925161792634
1972	8.32159020128005e-05
1973	6.0650498459298316e-05
1974	4.331246087325863e-05
1975	3.555944537912474e-05
1976	5.219928658158954e-05
1977	5.5772230683623646e-05
1978	5.498751866121427e-05
1979	7.162735986367905e-05
1980	9.262485719058727e-05
1981	0.00011449206436051453
1982	0.00014071692765488513
1983	0.00026277531586783837
1984	0.0005268438128635161
1985	0.0006027286528487784
1986	0.0005226622236531916
1987	0.0005462734039638309
1988	0.0005759816600849513
1989	0.0005673558991113485
1990	0.000537822192086122
1991	0.000467339267164216
1992	0.0004078347214649155
1993	0.00028246597170288257
1994	0.00018671744460490837
1995	0.00012668925161792634
1996	8.32159020128005e-05
1997	6.0650498459298316e-05
1998	4.331246087325863e-05
1999	3.555944537912474e-05
2000	5.219928658158954e-05
2001	5.5772230683623646e-05
2002	5.498751866121427e-05
2003	7.162735986367905e-05
2004	9.262485719058727e-05
2005	0.00011449206436051453
2006	0.00014071692765488513
2007	0.00026277531586783837
2008	0.0005268438128635161
2009	0.0006027286528487784
2010	0.0005226622236531916
2011	0.0005462734039638309
2012	0.0005759816600849513
2013	0.0005673558991113485
2014	0.000537822192086122
2015	0.000467339267164216
2016	0.0004420036323959273
2017	0.0003246575352996634
2018	0.0002307806576226521
2019	0.00016558838145806122
2020	0.00012125763366613933
2021	8.73576500605521e-05
2022	6.388843064129894e-05
2023	4.954612988508914e-05
2024	4.5634593315213614e-05
2025	5.606535750154828e-05
2026	7.692688587421742e-05
2027	0.0001160422515729722
2028	0.00017210760907452035
2029	0.0002516421859953212
2030	0.0003403036815791653
2031	0.0004315728682095925
2032	0.0005098035996071019
2033	0.0005697804936785261
2034	0.0005854266399580278
2035	0.0005554381929223157
2036	0.00048503053466455727
2037	0.0003768113562313365
2038	0.00029727677931053523
2039	0.00028814986064749237
2040	0.00041025694550838313
2041	0.00028414360195874353
2042	0.00018782640237591992
2043	0.0001274416881692224
2044	8.371014035996779e-05
2045	6.101071569408579e-05
2046	4.356970352227125e-05
2047	3.577064108914253e-05
2048	5.2509310128764786e-05
2049	5.6103474766114844e-05
2050	5.531410215884636e-05
2051	7.20527711984686e-05
2052	9.317497748270933e-05
2053	0.00011517205901639904
2054	0.0001415526777947071
2055	0.00026433599879801807
2056	0.0005299728592234886
2057	0.0006063083966954355
2058	0.0005257664345948143
2059	0.0005495178471260886
2060	0.0005794025474008789
2061	0.0005707255560525095
2062	0.0005410164415607675
2063	0.000470114902365936
2064	0.0004078347214649155
2065	0.00028246597170288257
2066	0.00018671744460490837
2067	0.00012668925161792634
2068	8.32159020128005e-05
2069	6.0650498459298316e-05
2070	4.331246087325863e-05
2071	3.555944537912474e-05
2072	5.219928658158954e-05
2073	5.5772230683623646e-05
2074	5.498751866121427e-05
2075	7.162735986367905e-05
2076	9.262485719058727e-05
2077	0.00011449206436051453
2078	0.00014071692765488513
2079	0.00026277531586783837
2080	0.0005268438128635161
2081	0.0006027286528487784
2082	0.0005226622236531916
2083	0.0005462734039638309
2084	0.0005759816600849513
2085	0.0005673558991113485
2086	0.000537822192086122
2087	0.000467339267164216
2088	0.0004078347214649155
2089	0.00028246597170288257
2090	0.00018671744460490837
2091	0.00012668925161792634
2092	8.32159020128005e-05
2093	6.0650498459298316e-05
2094	4.331246087325863e-05
2095	3.555944537912474e-05
2096	5.219928658158954e-05
2097	5.5772230683623646e-05
2098	5.498751866121427e-05
2099	7.162735986367905e-05
2100	9.262485719058727e-05
2101	0.00011449206436051453
2102	0.00014071692765488513
2103	0.00026277531586783837
2104	0.0005268438128635161
2105	0.0006027286528487784
2106	0.0005226622236531916
2107	0.0005462734039638309
2108	0.0005759816600849513
2109	0.0005673558991113485
2110	0.000537822192086122
2111	0.000467339267164216
2112	0.0004078347214649155
2113	0.00028246597170288257
2114	0.00018671744460490837
2115	0.00012668925161792634
2116	8.32159020128005e-05
2117	6.0650498459298316e-05
2118	4.331246087325863e-05
2119	3.555944537912474e-05
2120	5.219928658158954e-05
2121	5.5772230683623646e-05
2122	5.498751866121427e-05
2123	7.162735986367905e-05
2124	9.262485719058727e-05
2125	0.00011449206436051453
2126	0.00014071692765488513
2127	0.00026277531586783837
2128	0.0005268438128635161
2129	0.0006027286528487784
2130	0.0005226622236531916
2131	0.0005462734039638309
2132	0.0005759816600849513
2133	0.0005673558991113485
2134	0.000537822192086122
2135	0.000467339267164216
2136	0.0004078347214649155
2137	0.00028246597170288257
2138	0.00018671744460490837
2139	0.00012668925161792634
2140	8.32159020128005e-05
2141	6.0650498459298316e-05
2142	4.331246087325863e-05
2143	3.555944537912474e-05
2144	5.219928658158954e-05
2145	5.5772230683623646e-05
2146	5.498751866121427e-05
2147	7.162735986367905e-05
2148	9.262485719058727e-05
2149	0.00011449206436051453
2150	0.00014071692765488513
2151	0.00026277531586783837
2152	0.0005268438128635161
2153	0.0006027286528487784
2154	0.0005226622236531916
2155	0.0005462734039638309
2156	0.0005759816600849513
2157	0.0005673558991113485
2158	0.000537822192086122
2159	0.000467339267164216
2160	0.0004078347214649155
2161	0.00028246597170288257
2162	0.00018671744460490837
2163	0.00012668925161792634
2164	8.32159020128005e-05
2165	6.0650498459298316e-05
2166	4.331246087325863e-05
2167	3.555944537912474e-05
2168	5.219928658158954e-05
2169	5.5772230683623646e-05
2170	5.498751866121427e-05
2171	7.162735986367905e-05
2172	9.262485719058727e-05
2173	0.00011449206436051453
2174	0.00014071692765488513
2175	0.00026277531586783837
2176	0.0005268438128635161
2177	0.0006027286528487784
2178	0.0005226622236531916
2179	0.0005462734039638309
2180	0.0005759816600849513
2181	0.0005673558991113485
2182	0.000537822192086122
2183	0.000467339267164216
2184	0.0004420036323959273
2185	0.0003246575352996634
2186	0.0002307806576226521
2187	0.00016558838145806122
2188	0.00012125763366613933
2189	8.73576500605521e-05
2190	6.388843064129894e-05
2191	4.954612988508914e-05
2192	4.5634593315213614e-05
2193	5.606535750154828e-05
2194	7.692688587421742e-05
2195	0.0001160422515729722
2196	0.00017210760907452035
2197	0.0002516421859953212
2198	0.0003403036815791653
2199	0.0004315728682095925
2200	0.0005098035996071019
2201	0.0005697804936785261
2202	0.0005854266399580278
2203	0.0005554381929223157
2204	0.00048503053466455727
2205	0.0003768113562313365
2206	0.00029727677931053523
2207	0.00028814986064749237
2208	0.00041025694550838313
2209	0.00028414360195874353
2210	0.00018782640237591992
2211	0.0001274416881692224
2212	8.371014035996779e-05
2213	6.101071569408579e-05
2214	4.356970352227125e-05
2215	3.577064108914253e-05
2216	5.2509310128764786e-05
2217	5.6103474766114844e-05
2218	5.531410215884636e-05
2219	7.20527711984686e-05
2220	9.317497748270933e-05
2221	0.00011517205901639904
2222	0.0001415526777947071
2223	0.00026433599879801807
2224	0.0005299728592234886
2225	0.0006063083966954355
2226	0.0005257664345948143
2227	0.0005495178471260886
2228	0.0005794025474008789
2229	0.0005707255560525095
2230	0.0005410164415607675
2231	0.000470114902365936
2232	0.0004078347214649155
2233	0.00028246597170288257
2234	0.00018671744460490837
2235	0.00012668925161792634
2236	8.32159020128005e-05
2237	6.0650498459298316e-05
2238	4.331246087325863e-05
2239	3.555944537912474e-05
2240	5.219928658158954e-05
2241	5.5772230683623646e-05
2242	5.498751866121427e-05
2243	7.162735986367905e-05
2244	9.262485719058727e-05
2245	0.00011449206436051453
2246	0.00014071692765488513
2247	0.00026277531586783837
2248	0.0005268438128635161
2249	0.0006027286528487784
2250	0.0005226622236531916
2251	0.0005462734039638309
2252	0.0005759816600849513
2253	0.0005673558991113485
2254	0.000537822192086122
2255	0.000467339267164216
2256	0.0004078347214649155
2257	0.00028246597170288257
2258	0.00018671744460490837
2259	0.00012668925161792634
2260	8.32159020128005e-05
2261	6.0650498459298316e-05
2262	4.331246087325863e-05
2263	3.555944537912474e-05
2264	5.219928658158954e-05
2265	5.5772230683623646e-05
2266	5.498751866121427e-05
2267	7.162735986367905e-05
2268	9.262485719058727e-05
2269	0.00011449206436051453
2270	0.00014071692765488513
2271	0.00026277531586783837
2272	0.0005268438128635161
2273	0.0006027286528487784
2274	0.0005226622236531916
2275	0.0005462734039638309
2276	0.0005759816600849513
2277	0.0005673558991113485
2278	0.000537822192086122
2279	0.000467339267164216
2280	0.0004078347214649155
2281	0.00028246597170288257
2282	0.00018671744460490837
2283	0.00012668925161792634
2284	8.32159020128005e-05
2285	6.0650498459298316e-05
2286	4.331246087325863e-05
2287	3.555944537912474e-05
2288	5.219928658158954e-05
2289	5.5772230683623646e-05
2290	5.498751866121427e-05
2291	7.162735986367905e-05
2292	9.262485719058727e-05
2293	0.00011449206436051453
2294	0.00014071692765488513
2295	0.00026277531586783837
2296	0.0005268438128635161
2297	0.0006027286528487784
2298	0.0005226622236531916
2299	0.0005462734039638309
2300	0.0005759816600849513
2301	0.0005673558991113485
2302	0.000537822192086122
2303	0.000467339267164216
2304	0.0004078347214649155
2305	0.00028246597170288257
2306	0.00018671744460490837
2307	0.00012668925161792634
2308	8.32159020128005e-05
2309	6.0650498459298316e-05
2310	4.331246087325863e-05
2311	3.555944537912474e-05
2312	5.219928658158954e-05
2313	5.5772230683623646e-05
2314	5.498751866121427e-05
2315	7.162735986367905e-05
2316	9.262485719058727e-05
2317	0.00011449206436051453
2318	0.00014071692765488513
2319	0.00026277531586783837
2320	0.0005268438128635161
2321	0.0006027286528487784
2322	0.0005226622236531916
2323	0.0005462734039638309
2324	0.0005759816600849513
2325	0.0005673558991113485
2326	0.000537822192086122
2327	0.000467339267164216
2328	0.0004078347214649155
2329	0.00028246597170288257
2330	0.00018671744460490837
2331	0.00012668925161792634
2332	8.32159020128005e-05
2333	6.0650498459298316e-05
2334	4.331246087325863e-05
2335	3.555944537912474e-05
2336	5.219928658158954e-05
2337	5.5772230683623646e-05
2338	5.498751866121427e-05
2339	7.162735986367905e-05
2340	9.262485719058727e-05
2341	0.00011449206436051453
2342	0.00014071692765488513
2343	0.00026277531586783837
2344	0.0005268438128635161
2345	0.0006027286528487784
2346	0.0005226622236531916
2347	0.0005462734039638309
2348	0.0005759816600849513
2349	0.0005673558991113485
2350	0.000537822192086122
2351	0.000467339267164216
2352	0.0004420036323959273
2353	0.0003246575352996634
2354	0.0002307806576226521
2355	0.00016558838145806122
2356	0.00012125763366613933
2357	8.73576500605521e-05
2358	6.388843064129894e-05
2359	4.954612988508914e-05
2360	4.5634593315213614e-05
2361	5.606535750154828e-05
2362	7.692688587421742e-05
2363	0.0001160422515729722
2364	0.00017210760907452035
2365	0.0002516421859953212
2366	0.0003403036815791653
2367	0.0004315728682095925
2368	0.0005098035996071019
2369	0.0005697804936785261
2370	0.0005854266399580278
2371	0.0005554381929223157
2372	0.00048503053466455727
2373	0.0003768113562313365
2374	0.00029727677931053523
2375	0.00028814986064749237
2376	0.00041025694550838313
2377	0.00028414360195874353
2378	0.00018782640237591992
2379	0.0001274416881692224
2380	8.371014035996779e-05
2381	6.101071569408579e-05
2382	4.356970352227125e-05
2383	3.577064108914253e-05
2384	5.2509310128764786e-05
2385	5.6103474766114844e-05
2386	5.531410215884636e-05
2387	7.20527711984686e-05
2388	9.317497748270933e-05
2389	0.00011517205901639904
2390	0.0001415526777947071
2391	0.00026433599879801807
2392	0.0005299728592234886
2393	0.0006063083966954355
2394	0.0005257664345948143
2395	0.0005495178471260886
2396	0.0005794025474008789
2397	0.0005707255560525095
2398	0.0005410164415607675
2399	0.000470114902365936
2400	0.0004078347214649155
2401	0.00028246597170288257
2402	0.00018671744460490837
2403	0.00012668925161792634
2404	8.32159020128005e-05
2405	6.0650498459298316e-05
2406	4.331246087325863e-05
2407	3.555944537912474e-05
2408	5.219928658158954e-05
2409	5.5772230683623646e-05
2410	5.498751866121427e-05
2411	7.162735986367905e-05
2412	9.262485719058727e-05
2413	0.00011449206436051453
2414	0.00014071692765488513
2415	0.00026277531586783837
2416	0.0005268438128635161
2417	0.0006027286528487784
2418	0.0005226622236531916
2419	0.0005462734039638309
2420	0.0005759816600849513
2421	0.0005673558991113485
2422	0.000537822192086122
2423	0.000467339267164216
2424	0.0004078347214649155
2425	0.00028246597170288257
2426	0.00018671744460490837
2427	0.00012668925161792634
2428	8.32159020128005e-05
2429	6.0650498459298316e-05
2430	4.331246087325863e-05
2431	3.555944537912474e-05
2432	5.219928658158954e-05
2433	5.5772230683623646e-05
2434	5.498751866121427e-05
2435	7.162735986367905e-05
2436	9.262485719058727e-05
2437	0.00011449206436051453
2438	0.00014071692765488513
2439	0.00026277531586783837
2440	0.0005268438128635161
2441	0.0006027286528487784
2442	0.0005226622236531916
2443	0.0005462734039638309
2444	0.0005759816600849513
2445	0.0005673558991113485
2446	0.000537822192086122
2447	0.000467339267164216
2448	0.0004078347214649155
2449	0.00028246597170288257
2450	0.00018671744460490837
2451	0.00012668925161792634
2452	8.32159020128005e-05
2453	6.0650498459298316e-05
2454	4.331246087325863e-05
2455	3.555944537912474e-05
2456	5.219928658158954e-05
2457	5.5772230683623646e-05
2458	5.498751866121427e-05
2459	7.162735986367905e-05
2460	9.262485719058727e-05
2461	0.00011449206436051453
2462	0.00014071692765488513
2463	0.00026277531586783837
2464	0.0005268438128635161
2465	0.0006027286528487784
2466	0.0005226622236531916
2467	0.0005462734039638309
2468	0.0005759816600849513
2469	0.0005673558991113485
2470	0.000537822192086122
2471	0.000467339267164216
2472	0.0004078347214649155
2473	0.00028246597170288257
2474	0.00018671744460490837
2475	0.00012668925161792634
2476	8.32159020128005e-05
2477	6.0650498459298316e-05
2478	4.331246087325863e-05
2479	3.555944537912474e-05
2480	5.219928658158954e-05
2481	5.5772230683623646e-05
2482	5.498751866121427e-05
2483	7.162735986367905e-05
2484	9.262485719058727e-05
2485	0.00011449206436051453
2486	0.00014071692765488513
2487	0.00026277531586783837
2488	0.0005268438128635161
2489	0.0006027286528487784
2490	0.0005226622236531916
2491	0.0005462734039638309
2492	0.0005759816600849513
2493	0.0005673558991113485
2494	0.000537822192086122
2495	0.000467339267164216
2496	0.0004078347214649155
2497	0.00028246597170288257
2498	0.00018671744460490837
2499	0.00012668925161792634
2500	8.32159020128005e-05
2501	6.0650498459298316e-05
2502	4.331246087325863e-05
2503	3.555944537912474e-05
2504	5.219928658158954e-05
2505	5.5772230683623646e-05
2506	5.498751866121427e-05
2507	7.162735986367905e-05
2508	9.262485719058727e-05
2509	0.00011449206436051453
2510	0.00014071692765488513
2511	0.00026277531586783837
2512	0.0005268438128635161
2513	0.0006027286528487784
2514	0.0005226622236531916
2515	0.0005462734039638309
2516	0.0005759816600849513
2517	0.0005673558991113485
2518	0.000537822192086122
2519	0.000467339267164216
2520	0.0004420036323959273
2521	0.0003246575352996634
2522	0.0002307806576226521
2523	0.00016558838145806122
2524	0.00012125763366613933
2525	8.73576500605521e-05
2526	6.388843064129894e-05
2527	4.954612988508914e-05
2528	4.5634593315213614e-05
2529	5.606535750154828e-05
2530	7.692688587421742e-05
2531	0.0001160422515729722
2532	0.00017210760907452035
2533	0.0002516421859953212
2534	0.0003403036815791653
2535	0.0004315728682095925
2536	0.0005098035996071019
2537	0.0005697804936785261
2538	0.0005854266399580278
2539	0.0005554381929223157
2540	0.00048503053466455727
2541	0.0003768113562313365
2542	0.00029727677931053523
2543	0.00028814986064749237
2544	0.00041025694550838313
2545	0.00028414360195874353
2546	0.00018782640237591992
2547	0.0001274416881692224
2548	8.371014035996779e-05
2549	6.101071569408579e-05
2550	4.356970352227125e-05
2551	3.577064108914253e-05
2552	5.2509310128764786e-05
2553	5.6103474766114844e-05
2554	5.531410215884636e-05
2555	7.20527711984686e-05
2556	9.317497748270933e-05
2557	0.00011517205901639904
2558	0.0001415526777947071
2559	0.00026433599879801807
2560	0.0005299728592234886
2561	0.0006063083966954355
2562	0.0005257664345948143
2563	0.0005495178471260886
2564	0.0005794025474008789
2565	0.0005707255560525095
2566	0.0005410164415607675
2567	0.000470114902365936
2568	0.0004078347214649155
2569	0.00028246597170288257
2570	0.00018671744460490837
2571	0.00012668925161792634
2572	8.32159020128005e-05
2573	6.0650498459298316e-05
2574	4.331246087325863e-05
2575	3.555944537912474e-05
2576	5.219928658158954e-05
2577	5.5772230683623646e-05
2578	5.498751866121427e-05
2579	7.162735986367905e-05
2580	9.262485719058727e-05
2581	0.00011449206436051453
2582	0.00014071692765488513
2583	0.00026277531586783837
2584	0.0005268438128635161
2585	0.0006027286528487784
2586	0.0005226622236531916
2587	0.0005462734039638309
2588	0.0005759816600849513
2589	0.0005673558991113485
2590	0.000537822192086122
2591	0.000467339267164216
2592	0.0004078347214649155
2593	0.00028246597170288257
2594	0.00018671744460490837
2595	0.00012668925161792634
2596	8.32159020128005e-05
2597	6.0650498459298316e-05
2598	4.331246087325863e-05
2599	3.555944537912474e-05
2600	5.219928658158954e-05
2601	5.5772230683623646e-05
2602	5.498751866121427e-05
2603	7.162735986367905e-05
2604	9.262485719058727e-05
2605	0.00011449206436051453
2606	0.00014071692765488513
2607	0.00026277531586783837
2608	0.0005268438128635161
2609	0.0006027286528487784
2610	0.0005226622236531916
2611	0.0005462734039638309
2612	0.0005759816600849513
2613	0.0005673558991113485
2614	0.000537822192086122
2615	0.000467339267164216
2616	0.0004078347214649155
2617	0.00028246597170288257
2618	0.00018671744460490837
2619	0.00012668925161792634
2620	8.32159020128005e-05
2621	6.0650498459298316e-05
2622	4.331246087325863e-05
2623	3.555944537912474e-05
2624	5.219928658158954e-05
2625	5.5772230683623646e-05
2626	5.498751866121427e-05
2627	7.162735986367905e-05
2628	9.262485719058727e-05
2629	0.00011449206436051453
2630	0.00014071692765488513
2631	0.00026277531586783837
2632	0.0005268438128635161
2633	0.0006027286528487784
2634	0.0005226622236531916
2635	0.0005462734039638309
2636	0.0005759816600849513
2637	0.0005673558991113485
2638	0.000537822192086122
2639	0.000467339267164216
2640	0.0004078347214649155
2641	0.00028246597170288257
2642	0.00018671744460490837
2643	0.00012668925161792634
2644	8.32159020128005e-05
2645	6.0650498459298316e-05
2646	4.331246087325863e-05
2647	3.555944537912474e-05
2648	5.219928658158954e-05
2649	5.5772230683623646e-05
2650	5.498751866121427e-05
2651	7.162735986367905e-05
2652	9.262485719058727e-05
2653	0.00011449206436051453
2654	0.00014071692765488513
2655	0.00026277531586783837
2656	0.0005268438128635161
2657	0.0006027286528487784
2658	0.0005226622236531916
2659	0.0005462734039638309
2660	0.0005759816600849513
2661	0.0005673558991113485
2662	0.000537822192086122
2663	0.000467339267164216
2664	0.0004078347214649155
2665	0.00028246597170288257
2666	0.00018671744460490837
2667	0.00012668925161792634
2668	8.32159020128005e-05
2669	6.0650498459298316e-05
2670	4.331246087325863e-05
2671	3.555944537912474e-05
2672	5.219928658158954e-05
2673	5.5772230683623646e-05
2674	5.498751866121427e-05
2675	7.162735986367905e-05
2676	9.262485719058727e-05
2677	0.00011449206436051453
2678	0.00014071692765488513
2679	0.00026277531586783837
2680	0.0005268438128635161
2681	0.0006027286528487784
2682	0.0005226622236531916
2683	0.0005462734039638309
2684	0.0005759816600849513
2685	0.0005673558991113485
2686	0.000537822192086122
2687	0.000467339267164216
2688	0.0004420036323959273
2689	0.0003246575352996634
2690	0.0002307806576226521
2691	0.00016558838145806122
2692	0.00012125763366613933
2693	8.73576500605521e-05
2694	6.388843064129894e-05
2695	4.954612988508914e-05
2696	4.5634593315213614e-05
2697	5.606535750154828e-05
2698	7.692688587421742e-05
2699	0.0001160422515729722
2700	0.00017210760907452035
2701	0.0002516421859953212
2702	0.0003403036815791653
2703	0.0004315728682095925
2704	0.0005098035996071019
2705	0.0005697804936785261
2706	0.0005854266399580278
2707	0.0005554381929223157
2708	0.00048503053466455727
2709	0.0003768113562313365
2710	0.00029727677931053523
2711	0.00028814986064749237
2712	0.00041025694550838313
2713	0.00028414360195874353
2714	0.00018782640237591992
2715	0.0001274416881692224
2716	8.371014035996779e-05
2717	6.101071569408579e-05
2718	4.356970352227125e-05
2719	3.577064108914253e-05
2720	5.2509310128764786e-05
2721	5.6103474766114844e-05
2722	5.531410215884636e-05
2723	7.20527711984686e-05
2724	9.317497748270933e-05
2725	0.00011517205901639904
2726	0.0001415526777947071
2727	0.00026433599879801807
2728	0.0005299728592234886
2729	0.0006063083966954355
2730	0.0005257664345948143
2731	0.0005495178471260886
2732	0.0005794025474008789
2733	0.0005707255560525095
2734	0.0005410164415607675
2735	0.000470114902365936
2736	0.0004078347214649155
2737	0.00028246597170288257
2738	0.00018671744460490837
2739	0.00012668925161792634
2740	8.32159020128005e-05
2741	6.0650498459298316e-05
2742	4.331246087325863e-05
2743	3.555944537912474e-05
2744	5.219928658158954e-05
2745	5.5772230683623646e-05
2746	5.498751866121427e-05
2747	7.162735986367905e-05
2748	9.262485719058727e-05
2749	0.00011449206436051453
2750	0.00014071692765488513
2751	0.00026277531586783837
2752	0.0005268438128635161
2753	0.0006027286528487784
2754	0.0005226622236531916
2755	0.0005462734039638309
2756	0.0005759816600849513
2757	0.0005673558991113485
2758	0.000537822192086122
2759	0.000467339267164216
2760	0.0004078347214649155
2761	0.00028246597170288257
2762	0.00018671744460490837
2763	0.00012668925161792634
2764	8.32159020128005e-05
2765	6.0650498459298316e-05
2766	4.331246087325863e-05
2767	3.555944537912474e-05
2768	5.219928658158954e-05
2769	5.5772230683623646e-05
2770	5.498751866121427e-05
2771	7.162735986367905e-05
2772	9.262485719058727e-05
2773	0.00011449206436051453
2774	0.00014071692765488513
2775	0.00026277531586783837
2776	0.0005268438128635161
2777	0.0006027286528487784
2778	0.0005226622236531916
2779	0.0005462734039638309
2780	0.0005759816600849513
2781	0.0005673558991113485
2782	0.000537822192086122
2783	0.000467339267164216
2784	0.0004078347214649155
2785	0.00028246597170288257
2786	0.00018671744460490837
2787	0.00012668925161792634
2788	8.32159020128005e-05
2789	6.0650498459298316e-05
2790	4.331246087325863e-05
2791	3.555944537912474e-05
2792	5.219928658158954e-05
2793	5.5772230683623646e-05
2794	5.498751866121427e-05
2795	7.162735986367905e-05
2796	9.262485719058727e-05
2797	0.00011449206436051453
2798	0.00014071692765488513
2799	0.00026277531586783837
2800	0.0005268438128635161
2801	0.0006027286528487784
2802	0.0005226622236531916
2803	0.0005462734039638309
2804	0.0005759816600849513
2805	0.0005673558991113485
2806	0.000537822192086122
2807	0.000467339267164216
2808	0.0004078347214649155
2809	0.00028246597170288257
2810	0.00018671744460490837
2811	0.00012668925161792634
2812	8.32159020128005e-05
2813	6.0650498459298316e-05
2814	4.331246087325863e-05
2815	3.555944537912474e-05
2816	5.219928658158954e-05
2817	5.5772230683623646e-05
2818	5.498751866121427e-05
2819	7.162735986367905e-05
2820	9.262485719058727e-05
2821	0.00011449206436051453
2822	0.00014071692765488513
2823	0.00026277531586783837
2824	0.0005268438128635161
2825	0.0006027286528487784
2826	0.0005226622236531916
2827	0.0005462734039638309
2828	0.0005759816600849513
2829	0.0005673558991113485
2830	0.000537822192086122
2831	0.000467339267164216
2832	0.0004078347214649155
2833	0.00028246597170288257
2834	0.00018671744460490837
2835	0.00012668925161792634
2836	8.32159020128005e-05
2837	6.0650498459298316e-05
2838	4.331246087325863e-05
2839	3.555944537912474e-05
2840	5.219928658158954e-05
2841	5.5772230683623646e-05
2842	5.498751866121427e-05
2843	7.162735986367905e-05
2844	9.262485719058727e-05
2845	0.00011449206436051453
2846	0.00014071692765488513
2847	0.00026277531586783837
2848	0.0005268438128635161
2849	0.0006027286528487784
2850	0.0005226622236531916
2851	0.0005462734039638309
2852	0.0005759816600849513
2853	0.0005673558991113485
2854	0.000537822192086122
2855	0.000467339267164216
2856	0.0004420036323959273
2857	0.0003246575352996634
2858	0.0002307806576226521
2859	0.00016558838145806122
2860	0.00012125763366613933
2861	8.73576500605521e-05
2862	6.388843064129894e-05
2863	4.954612988508914e-05
2864	4.5634593315213614e-05
2865	5.606535750154828e-05
2866	7.692688587421742e-05
2867	0.0001160422515729722
2868	0.00017210760907452035
2869	0.0002516421859953212
2870	0.0003403036815791653
2871	0.0004315728682095925
2872	0.0005098035996071019
2873	0.0005697804936785261
2874	0.0005854266399580278
2875	0.0005554381929223157
2876	0.00048503053466455727
2877	0.0003768113562313365
2878	0.00029727677931053523
2879	0.00028814986064749237
2880	0.00041025694550838313
2881	0.00028414360195874353
2882	0.00018782640237591992
2883	0.0001274416881692224
2884	8.371014035996779e-05
2885	6.101071569408579e-05
2886	4.356970352227125e-05
2887	3.577064108914253e-05
2888	5.2509310128764786e-05
2889	5.6103474766114844e-05
2890	5.531410215884636e-05
2891	7.20527711984686e-05
2892	9.317497748270933e-05
2893	0.00011517205901639904
2894	0.0001415526777947071
2895	0.00026433599879801807
2896	0.0005299728592234886
2897	0.0006063083966954355
2898	0.0005257664345948143
2899	0.0005495178471260886
2900	0.0005794025474008789
2901	0.0005707255560525095
2902	0.0005410164415607675
2903	0.000470114902365936
2904	0.0004078347214649155
2905	0.00028246597170288257
2906	0.00018671744460490837
2907	0.00012668925161792634
2908	8.32159020128005e-05
2909	6.0650498459298316e-05
2910	4.331246087325863e-05
2911	3.555944537912474e-05
2912	5.219928658158954e-05
2913	5.5772230683623646e-05
2914	5.498751866121427e-05
2915	7.162735986367905e-05
2916	9.262485719058727e-05
2917	0.00011449206436051453
2918	0.00014071692765488513
2919	0.00026277531586783837
2920	0.0005268438128635161
2921	0.0006027286528487784
2922	0.0005226622236531916
2923	0.0005462734039638309
2924	0.0005759816600849513
2925	0.0005673558991113485
2926	0.000537822192086122
2927	0.000467339267164216
2928	0.0004078347214649155
2929	0.00028246597170288257
2930	0.00018671744460490837
2931	0.00012668925161792634
2932	8.32159020128005e-05
2933	6.0650498459298316e-05
2934	4.331246087325863e-05
2935	3.555944537912474e-05
2936	5.219928658158954e-05
2937	5.5772230683623646e-05
2938	5.498751866121427e-05
2939	7.162735986367905e-05
2940	9.262485719058727e-05
2941	0.00011449206436051453
2942	0.00014071692765488513
2943	0.00026277531586783837
2944	0.0005268438128635161
2945	0.0006027286528487784
2946	0.0005226622236531916
2947	0.0005462734039638309
2948	0.0005759816600849513
2949	0.0005673558991113485
2950	0.000537822192086122
2951	0.000467339267164216
2952	0.0004078347214649155
2953	0.00028246597170288257
2954	0.00018671744460490837
2955	0.00012668925161792634
2956	8.32159020128005e-05
2957	6.0650498459298316e-05
2958	4.331246087325863e-05
2959	3.555944537912474e-05
2960	5.219928658158954e-05
2961	5.5772230683623646e-05
2962	5.498751866121427e-05
2963	7.162735986367905e-05
2964	9.262485719058727e-05
2965	0.00011449206436051453
2966	0.00014071692765488513
2967	0.00026277531586783837
2968	0.0005268438128635161
2969	0.0006027286528487784
2970	0.0005226622236531916
2971	0.0005462734039638309
2972	0.0005759816600849513
2973	0.0005673558991113485
2974	0.000537822192086122
2975	0.000467339267164216
2976	0.0004078347214649155
2977	0.00028246597170288257
2978	0.00018671744460490837
2979	0.00012668925161792634
2980	8.32159020128005e-05
2981	6.0650498459298316e-05
2982	4.331246087325863e-05
2983	3.555944537912474e-05
2984	5.219928658158954e-05
2985	5.5772230683623646e-05
2986	5.498751866121427e-05
2987	7.162735986367905e-05
2988	9.262485719058727e-05
2989	0.00011449206436051453
2990	0.00014071692765488513
2991	0.00026277531586783837
2992	0.0005268438128635161
2993	0.0006027286528487784
2994	0.0005226622236531916
2995	0.0005462734039638309
2996	0.0005759816600849513
2997	0.0005673558991113485
2998	0.000537822192086122
2999	0.000467339267164216
3000	0.0004078347214649155
3001	0.00028246597170288257
3002	0.00018671744460490837
3003	0.00012668925161792634
3004	8.32159020128005e-05
3005	6.0650498459298316e-05
3006	4.331246087325863e-05
3007	3.555944537912474e-05
3008	5.219928658158954e-05
3009	5.5772230683623646e-05
3010	5.498751866121427e-05
3011	7.162735986367905e-05
3012	9.262485719058727e-05
3013	0.00011449206436051453
3014	0.00014071692765488513
3015	0.00026277531586783837
3016	0.0005268438128635161
3017	0.0006027286528487784
3018	0.0005226622236531916
3019	0.0005462734039638309
3020	0.0005759816600849513
3021	0.0005673558991113485
3022	0.000537822192086122
3023	0.000467339267164216
3024	0.0004420036323959273
3025	0.0003246575352996634
3026	0.0002307806576226521
3027	0.00016558838145806122
3028	0.00012125763366613933
3029	8.73576500605521e-05
3030	6.388843064129894e-05
3031	4.954612988508914e-05
3032	4.5634593315213614e-05
3033	5.606535750154828e-05
3034	7.692688587421742e-05
3035	0.0001160422515729722
3036	0.00017210760907452035
3037	0.0002516421859953212
3038	0.0003403036815791653
3039	0.0004315728682095925
3040	0.0005098035996071019
3041	0.0005697804936785261
3042	0.0005854266399580278
3043	0.0005554381929223157
3044	0.00048503053466455727
3045	0.0003768113562313365
3046	0.00029727677931053523
3047	0.00028814986064749237
3048	0.00041025694550838313
3049	0.00028414360195874353
3050	0.00018782640237591992
3051	0.0001274416881692224
3052	8.371014035996779e-05
3053	6.101071569408579e-05
3054	4.356970352227125e-05
3055	3.577064108914253e-05
3056	5.2509310128764786e-05
3057	5.6103474766114844e-05
3058	5.531410215884636e-05
3059	7.20527711984686e-05
3060	9.317497748270933e-05
3061	0.00011517205901639904
3062	0.0001415526777947071
3063	0.00026433599879801807
3064	0.0005299728592234886
3065	0.0006063083966954355
3066	0.0005257664345948143
3067	0.0005495178471260886
3068	0.0005794025474008789
3069	0.0005707255560525095
3070	0.0005410164415607675
3071	0.000470114902365936
3072	0.0004078347214649155
3073	0.00028246597170288257
3074	0.00018671744460490837
3075	0.00012668925161792634
3076	8.32159020128005e-05
3077	6.0650498459298316e-05
3078	4.331246087325863e-05
3079	3.555944537912474e-05
3080	5.219928658158954e-05
3081	5.5772230683623646e-05
3082	5.498751866121427e-05
3083	7.162735986367905e-05
3084	9.262485719058727e-05
3085	0.00011449206436051453
3086	0.00014071692765488513
3087	0.00026277531586783837
3088	0.0005268438128635161
3089	0.0006027286528487784
3090	0.0005226622236531916
3091	0.0005462734039638309
3092	0.0005759816600849513
3093	0.0005673558991113485
3094	0.000537822192086122
3095	0.000467339267164216
3096	0.0004078347214649155
3097	0.00028246597170288257
3098	0.00018671744460490837
3099	0.00012668925161792634
3100	8.32159020128005e-05
3101	6.0650498459298316e-05
3102	4.331246087325863e-05
3103	3.555944537912474e-05
3104	5.219928658158954e-05
3105	5.5772230683623646e-05
3106	5.498751866121427e-05
3107	7.162735986367905e-05
3108	9.262485719058727e-05
3109	0.00011449206436051453
3110	0.00014071692765488513
3111	0.00026277531586783837
3112	0.0005268438128635161
3113	0.0006027286528487784
3114	0.0005226622236531916
3115	0.0005462734039638309
3116	0.0005759816600849513
3117	0.0005673558991113485
3118	0.000537822192086122
3119	0.000467339267164216
3120	0.0004078347214649155
3121	0.00028246597170288257
3122	0.00018671744460490837
3123	0.00012668925161792634
3124	8.32159020128005e-05
3125	6.0650498459298316e-05
3126	4.331246087325863e-05
3127	3.555944537912474e-05
3128	5.219928658158954e-05
3129	5.5772230683623646e-05
3130	5.498751866121427e-05
3131	7.162735986367905e-05
3132	9.262485719058727e-05
3133	0.00011449206436051453
3134	0.00014071692765488513
3135	0.00026277531586783837
3136	0.0005268438128635161
3137	0.0006027286528487784
3138	0.0005226622236531916
3139	0.0005462734039638309
3140	0.0005759816600849513
3141	0.0005673558991113485
3142	0.000537822192086122
3143	0.000467339267164216
3144	0.0004078347214649155
3145	0.00028246597170288257
3146	0.00018671744460490837
3147	0.00012668925161792634
3148	8.32159020128005e-05
3149	6.0650498459298316e-05
3150	4.331246087325863e-05
3151	3.555944537912474e-05
3152	5.219928658158954e-05
3153	5.5772230683623646e-05
3154	5.498751866121427e-05
3155	7.162735986367905e-05
3156	9.262485719058727e-05
3157	0.00011449206436051453
3158	0.00014071692765488513
3159	0.00026277531586783837
3160	0.0005268438128635161
3161	0.0006027286528487784
3162	0.0005226622236531916
3163	0.0005462734039638309
3164	0.0005759816600849513
3165	0.0005673558991113485
3166	0.000537822192086122
3167	0.000467339267164216
3168	0.0004078347214649155
3169	0.00028246597170288257
3170	0.00018671744460490837
3171	0.00012668925161792634
3172	8.32159020128005e-05
3173	6.0650498459298316e-05
3174	4.331246087325863e-05
3175	3.555944537912474e-05
3176	5.219928658158954e-05
3177	5.5772230683623646e-05
3178	5.498751866121427e-05
3179	7.162735986367905e-05
3180	9.262485719058727e-05
3181	0.00011449206436051453
3182	0.00014071692765488513
3183	0.00026277531586783837
3184	0.0005268438128635161
3185	0.0006027286528487784
3186	0.0005226622236531916
3187	0.0005462734039638309
3188	0.0005759816600849513
3189	0.0005673558991113485
3190	0.000537822192086122
3191	0.000467339267164216
3192	0.0004420036323959273
3193	0.0003246575352996634
3194	0.0002307806576226521
3195	0.00016558838145806122
3196	0.00012125763366613933
3197	8.73576500605521e-05
3198	6.388843064129894e-05
3199	4.954612988508914e-05
3200	4.5634593315213614e-05
3201	5.606535750154828e-05
3202	7.692688587421742e-05
3203	0.0001160422515729722
3204	0.00017210760907452035
3205	0.0002516421859953212
3206	0.0003403036815791653
3207	0.0004315728682095925
3208	0.0005098035996071019
3209	0.0005697804936785261
3210	0.0005854266399580278
3211	0.0005554381929223157
3212	0.00048503053466455727
3213	0.0003768113562313365
3214	0.00029727677931053523
3215	0.00028814986064749237
3216	0.00041025694550838313
3217	0.00028414360195874353
3218	0.00018782640237591992
3219	0.0001274416881692224
3220	8.371014035996779e-05
3221	6.101071569408579e-05
3222	4.356970352227125e-05
3223	3.577064108914253e-05
3224	5.2509310128764786e-05
3225	5.6103474766114844e-05
3226	5.531410215884636e-05
3227	7.20527711984686e-05
3228	9.317497748270933e-05
3229	0.00011517205901639904
3230	0.0001415526777947071
3231	0.00026433599879801807
3232	0.0005299728592234886
3233	0.0006063083966954355
3234	0.0005257664345948143
3235	0.0005495178471260886
3236	0.0005794025474008789
3237	0.0005707255560525095
3238	0.0005410164415607675
3239	0.000470114902365936
3240	0.0004078347214649155
3241	0.00028246597170288257
3242	0.00018671744460490837
3243	0.00012668925161792634
3244	8.32159020128005e-05
3245	6.0650498459298316e-05
3246	4.331246087325863e-05
3247	3.555944537912474e-05
3248	5.219928658158954e-05
3249	5.5772230683623646e-05
3250	5.498751866121427e-05
3251	7.162735986367905e-05
3252	9.262485719058727e-05
3253	0.00011449206436051453
3254	0.00014071692765488513
3255	0.00026277531586783837
3256	0.0005268438128635161
3257	0.0006027286528487784
3258	0.0005226622236531916
3259	0.0005462734039638309
3260	0.0005759816600849513
3261	0.0005673558991113485
3262	0.000537822192086122
3263	0.000467339267164216
3264	0.0004078347214649155
3265	0.00028246597170288257
3266	0.00018671744460490837
3267	0.00012668925161792634
3268	8.32159020128005e-05
3269	6.0650498459298316e-05
3270	4.331246087325863e-05
3271	3.555944537912474e-05
3272	5.219928658158954e-05
3273	5.5772230683623646e-05
3274	5.498751866121427e-05
3275	7.162735986367905e-05
3276	9.262485719058727e-05
3277	0.00011449206436051453
3278	0.00014071692765488513
3279	0.00026277531586783837
3280	0.0005268438128635161
3281	0.0006027286528487784
3282	0.0005226622236531916
3283	0.0005462734039638309
3284	0.0005759816600849513
3285	0.0005673558991113485
3286	0.000537822192086122
3287	0.000467339267164216
3288	0.0004078347214649155
3289	0.00028246597170288257
3290	0.00018671744460490837
3291	0.00012668925161792634
3292	8.32159020128005e-05
3293	6.0650498459298316e-05
3294	4.331246087325863e-05
3295	3.555944537912474e-05
3296	5.219928658158954e-05
3297	5.5772230683623646e-05
3298	5.498751866121427e-05
3299	7.162735986367905e-05
3300	9.262485719058727e-05
3301	0.00011449206436051453
3302	0.00014071692765488513
3303	0.00026277531586783837
3304	0.0005268438128635161
3305	0.0006027286528487784
3306	0.0005226622236531916
3307	0.0005462734039638309
3308	0.0005759816600849513
3309	0.0005673558991113485
3310	0.000537822192086122
3311	0.000467339267164216
3312	0.0004078347214649155
3313	0.00028246597170288257
3314	0.00018671744460490837
3315	0.00012668925161792634
3316	8.32159020128005e-05
3317	6.0650498459298316e-05
3318	4.331246087325863e-05
3319	3.555944537912474e-05
3320	5.219928658158954e-05
3321	5.5772230683623646e-05
3322	5.498751866121427e-05
3323	7.162735986367905e-05
3324	9.262485719058727e-05
3325	0.00011449206436051453
3326	0.00014071692765488513
3327	0.00026277531586783837
3328	0.0005268438128635161
3329	0.0006027286528487784
3330	0.0005226622236531916
3331	0.0005462734039638309
3332	0.0005759816600849513
3333	0.0005673558991113485
3334	0.000537822192086122
3335	0.000467339267164216
3336	0.0004078347214649155
3337	0.00028246597170288257
3338	0.00018671744460490837
3339	0.00012668925161792634
3340	8.32159020128005e-05
3341	6.0650498459298316e-05
3342	4.331246087325863e-05
3343	3.555944537912474e-05
3344	5.219928658158954e-05
3345	5.5772230683623646e-05
3346	5.498751866121427e-05
3347	7.162735986367905e-05
3348	9.262485719058727e-05
3349	0.00011449206436051453
3350	0.00014071692765488513
3351	0.00026277531586783837
3352	0.0005268438128635161
3353	0.0006027286528487784
3354	0.0005226622236531916
3355	0.0005462734039638309
3356	0.0005759816600849513
3357	0.0005673558991113485
3358	0.000537822192086122
3359	0.000467339267164216
3360	0.0004420036323959273
3361	0.0003246575352996634
3362	0.0002307806576226521
3363	0.00016558838145806122
3364	0.00012125763366613933
3365	8.73576500605521e-05
3366	6.388843064129894e-05
3367	4.954612988508914e-05
3368	4.5634593315213614e-05
3369	5.606535750154828e-05
3370	7.692688587421742e-05
3371	0.0001160422515729722
3372	0.00017210760907452035
3373	0.0002516421859953212
3374	0.0003403036815791653
3375	0.0004315728682095925
3376	0.0005098035996071019
3377	0.0005697804936785261
3378	0.0005854266399580278
3379	0.0005554381929223157
3380	0.00048503053466455727
3381	0.0003768113562313365
3382	0.00029727677931053523
3383	0.00028814986064749237
3384	0.00041025694550838313
3385	0.00028414360195874353
3386	0.00018782640237591992
3387	0.0001274416881692224
3388	8.371014035996779e-05
3389	6.101071569408579e-05
3390	4.356970352227125e-05
3391	3.577064108914253e-05
3392	5.2509310128764786e-05
3393	5.6103474766114844e-05
3394	5.531410215884636e-05
3395	7.20527711984686e-05
3396	9.317497748270933e-05
3397	0.00011517205901639904
3398	0.0001415526777947071
3399	0.00026433599879801807
3400	0.0005299728592234886
3401	0.0006063083966954355
3402	0.0005257664345948143
3403	0.0005495178471260886
3404	0.0005794025474008789
3405	0.0005707255560525095
3406	0.0005410164415607675
3407	0.000470114902365936
3408	0.0004078347214649155
3409	0.00028246597170288257
3410	0.00018671744460490837
3411	0.00012668925161792634
3412	8.32159020128005e-05
3413	6.0650498459298316e-05
3414	4.331246087325863e-05
3415	3.555944537912474e-05
3416	5.219928658158954e-05
3417	5.5772230683623646e-05
3418	5.498751866121427e-05
3419	7.162735986367905e-05
3420	9.262485719058727e-05
3421	0.00011449206436051453
3422	0.00014071692765488513
3423	0.00026277531586783837
3424	0.0005268438128635161
3425	0.0006027286528487784
3426	0.0005226622236531916
3427	0.0005462734039638309
3428	0.0005759816600849513
3429	0.0005673558991113485
3430	0.000537822192086122
3431	0.000467339267164216
3432	0.0004078347214649155
3433	0.00028246597170288257
3434	0.00018671744460490837
3435	0.00012668925161792634
3436	8.32159020128005e-05
3437	6.0650498459298316e-05
3438	4.331246087325863e-05
3439	3.555944537912474e-05
3440	5.219928658158954e-05
3441	5.5772230683623646e-05
3442	5.498751866121427e-05
3443	7.162735986367905e-05
3444	9.262485719058727e-05
3445	0.00011449206436051453
3446	0.00014071692765488513
3447	0.00026277531586783837
3448	0.0005268438128635161
3449	0.0006027286528487784
3450	0.0005226622236531916
3451	0.0005462734039638309
3452	0.0005759816600849513
3453	0.0005673558991113485
3454	0.000537822192086122
3455	0.000467339267164216
3456	0.0004078347214649155
3457	0.00028246597170288257
3458	0.00018671744460490837
3459	0.00012668925161792634
3460	8.32159020128005e-05
3461	6.0650498459298316e-05
3462	4.331246087325863e-05
3463	3.555944537912474e-05
3464	5.219928658158954e-05
3465	5.5772230683623646e-05
3466	5.498751866121427e-05
3467	7.162735986367905e-05
3468	9.262485719058727e-05
3469	0.00011449206436051453
3470	0.00014071692765488513
3471	0.00026277531586783837
3472	0.0005268438128635161
3473	0.0006027286528487784
3474	0.0005226622236531916
3475	0.0005462734039638309
3476	0.0005759816600849513
3477	0.0005673558991113485
3478	0.000537822192086122
3479	0.000467339267164216
3480	0.0004078347214649155
3481	0.00028246597170288257
3482	0.00018671744460490837
3483	0.00012668925161792634
3484	8.32159020128005e-05
3485	6.0650498459298316e-05
3486	4.331246087325863e-05
3487	3.555944537912474e-05
3488	5.219928658158954e-05
3489	5.5772230683623646e-05
3490	5.498751866121427e-05
3491	7.162735986367905e-05
3492	9.262485719058727e-05
3493	0.00011449206436051453
3494	0.00014071692765488513
3495	0.00026277531586783837
3496	0.0005268438128635161
3497	0.0006027286528487784
3498	0.0005226622236531916
3499	0.0005462734039638309
3500	0.0005759816600849513
3501	0.0005673558991113485
3502	0.000537822192086122
3503	0.000467339267164216
3504	0.0004078347214649155
3505	0.00028246597170288257
3506	0.00018671744460490837
3507	0.00012668925161792634
3508	8.32159020128005e-05
3509	6.0650498459298316e-05
3510	4.331246087325863e-05
3511	3.555944537912474e-05
3512	5.219928658158954e-05
3513	5.5772230683623646e-05
3514	5.498751866121427e-05
3515	7.162735986367905e-05
3516	9.262485719058727e-05
3517	0.00011449206436051453
3518	0.00014071692765488513
3519	0.00026277531586783837
3520	0.0005268438128635161
3521	0.0006027286528487784
3522	0.0005226622236531916
3523	0.0005462734039638309
3524	0.0005759816600849513
3525	0.0005673558991113485
3526	0.000537822192086122
3527	0.000467339267164216
3528	0.0004420036323959273
3529	0.0003246575352996634
3530	0.0002307806576226521
3531	0.00016558838145806122
3532	0.00012125763366613933
3533	8.73576500605521e-05
3534	6.388843064129894e-05
3535	4.954612988508914e-05
3536	4.5634593315213614e-05
3537	5.606535750154828e-05
3538	7.692688587421742e-05
3539	0.0001160422515729722
3540	0.00017210760907452035
3541	0.0002516421859953212
3542	0.0003403036815791653
3543	0.0004315728682095925
3544	0.0005098035996071019
3545	0.0005697804936785261
3546	0.0005854266399580278
3547	0.0005554381929223157
3548	0.00048503053466455727
3549	0.0003768113562313365
3550	0.00029727677931053523
3551	0.00028814986064749237
3552	0.00041025694550838313
3553	0.00028414360195874353
3554	0.00018782640237591992
3555	0.0001274416881692224
3556	8.371014035996779e-05
3557	6.101071569408579e-05
3558	4.356970352227125e-05
3559	3.577064108914253e-05
3560	5.2509310128764786e-05
3561	5.6103474766114844e-05
3562	5.531410215884636e-05
3563	7.20527711984686e-05
3564	9.317497748270933e-05
3565	0.00011517205901639904
3566	0.0001415526777947071
3567	0.00026433599879801807
3568	0.0005299728592234886
3569	0.0006063083966954355
3570	0.0005257664345948143
3571	0.0005495178471260886
3572	0.0005794025474008789
3573	0.0005707255560525095
3574	0.0005410164415607675
3575	0.000470114902365936
3576	0.0004078347214649155
3577	0.00028246597170288257
3578	0.00018671744460490837
3579	0.00012668925161792634
3580	8.32159020128005e-05
3581	6.0650498459298316e-05
3582	4.331246087325863e-05
3583	3.555944537912474e-05
3584	5.219928658158954e-05
3585	5.5772230683623646e-05
3586	5.498751866121427e-05
3587	7.162735986367905e-05
3588	9.262485719058727e-05
3589	0.00011449206436051453
3590	0.00014071692765488513
3591	0.00026277531586783837
3592	0.0005268438128635161
3593	0.0006027286528487784
3594	0.0005226622236531916
3595	0.0005462734039638309
3596	0.0005759816600849513
3597	0.0005673558991113485
3598	0.000537822192086122
3599	0.000467339267164216
3600	0.0004078347214649155
3601	0.00028246597170288257
3602	0.00018671744460490837
3603	0.00012668925161792634
3604	8.32159020128005e-05
3605	6.0650498459298316e-05
3606	4.331246087325863e-05
3607	3.555944537912474e-05
3608	5.219928658158954e-05
3609	5.5772230683623646e-05
3610	5.498751866121427e-05
3611	7.162735986367905e-05
3612	9.262485719058727e-05
3613	0.00011449206436051453
3614	0.00014071692765488513
3615	0.00026277531586783837
3616	0.0005268438128635161
3617	0.0006027286528487784
3618	0.0005226622236531916
3619	0.0005462734039638309
3620	0.0005759816600849513
3621	0.0005673558991113485
3622	0.000537822192086122
3623	0.000467339267164216
3624	0.0004078347214649155
3625	0.00028246597170288257
3626	0.00018671744460490837
3627	0.00012668925161792634
3628	8.32159020128005e-05
3629	6.0650498459298316e-05
3630	4.331246087325863e-05
3631	3.555944537912474e-05
3632	5.219928658158954e-05
3633	5.5772230683623646e-05
3634	5.498751866121427e-05
3635	7.162735986367905e-05
3636	9.262485719058727e-05
3637	0.00011449206436051453
3638	0.00014071692765488513
3639	0.00026277531586783837
3640	0.0005268438128635161
3641	0.0006027286528487784
3642	0.0005226622236531916
3643	0.0005462734039638309
3644	0.0005759816600849513
3645	0.0005673558991113485
3646	0.000537822192086122
3647	0.000467339267164216
3648	0.0004078347214649155
3649	0.00028246597170288257
3650	0.00018671744460490837
3651	0.00012668925161792634
3652	8.32159020128005e-05
3653	6.0650498459298316e-05
3654	4.331246087325863e-05
3655	3.555944537912474e-05
3656	5.219928658158954e-05
3657	5.5772230683623646e-05
3658	5.498751866121427e-05
3659	7.162735986367905e-05
3660	9.262485719058727e-05
3661	0.00011449206436051453
3662	0.00014071692765488513
3663	0.00026277531586783837
3664	0.0005268438128635161
3665	0.0006027286528487784
3666	0.0005226622236531916
3667	0.0005462734039638309
3668	0.0005759816600849513
3669	0.0005673558991113485
3670	0.000537822192086122
3671	0.000467339267164216
3672	0.0004078347214649155
3673	0.00028246597170288257
3674	0.00018671744460490837
3675	0.00012668925161792634
3676	8.32159020128005e-05
3677	6.0650498459298316e-05
3678	4.331246087325863e-05
3679	3.555944537912474e-05
3680	5.219928658158954e-05
3681	5.5772230683623646e-05
3682	5.498751866121427e-05
3683	7.162735986367905e-05
3684	9.262485719058727e-05
3685	0.00011449206436051453
3686	0.00014071692765488513
3687	0.00026277531586783837
3688	0.0005268438128635161
3689	0.0006027286528487784
3690	0.0005226622236531916
3691	0.0005462734039638309
3692	0.0005759816600849513
3693	0.0005673558991113485
3694	0.000537822192086122
3695	0.000467339267164216
3696	0.0004420036323959273
3697	0.0003246575352996634
3698	0.0002307806576226521
3699	0.00016558838145806122
3700	0.00012125763366613933
3701	8.73576500605521e-05
3702	6.388843064129894e-05
3703	4.954612988508914e-05
3704	4.5634593315213614e-05
3705	5.606535750154828e-05
3706	7.692688587421742e-05
3707	0.0001160422515729722
3708	0.00017210760907452035
3709	0.0002516421859953212
3710	0.0003403036815791653
3711	0.0004315728682095925
3712	0.0005098035996071019
3713	0.0005697804936785261
3714	0.0005854266399580278
3715	0.0005554381929223157
3716	0.00048503053466455727
3717	0.0003768113562313365
3718	0.00029727677931053523
3719	0.00028814986064749237
3720	0.00041025694550838313
3721	0.00028414360195874353
3722	0.00018782640237591992
3723	0.0001274416881692224
3724	8.371014035996779e-05
3725	6.101071569408579e-05
3726	4.356970352227125e-05
3727	3.577064108914253e-05
3728	5.2509310128764786e-05
3729	5.6103474766114844e-05
3730	5.531410215884636e-05
3731	7.20527711984686e-05
3732	9.317497748270933e-05
3733	0.00011517205901639904
3734	0.0001415526777947071
3735	0.00026433599879801807
3736	0.0005299728592234886
3737	0.0006063083966954355
3738	0.0005257664345948143
3739	0.0005495178471260886
3740	0.0005794025474008789
3741	0.0005707255560525095
3742	0.0005410164415607675
3743	0.000470114902365936
3744	0.0004078347214649155
3745	0.00028246597170288257
3746	0.00018671744460490837
3747	0.00012668925161792634
3748	8.32159020128005e-05
3749	6.0650498459298316e-05
3750	4.331246087325863e-05
3751	3.555944537912474e-05
3752	5.219928658158954e-05
3753	5.5772230683623646e-05
3754	5.498751866121427e-05
3755	7.162735986367905e-05
3756	9.262485719058727e-05
3757	0.00011449206436051453
3758	0.00014071692765488513
3759	0.00026277531586783837
3760	0.0005268438128635161
3761	0.0006027286528487784
3762	0.0005226622236531916
3763	0.0005462734039638309
3764	0.0005759816600849513
3765	0.0005673558991113485
3766	0.000537822192086122
3767	0.000467339267164216
3768	0.0004078347214649155
3769	0.00028246597170288257
3770	0.00018671744460490837
3771	0.00012668925161792634
3772	8.32159020128005e-05
3773	6.0650498459298316e-05
3774	4.331246087325863e-05
3775	3.555944537912474e-05
3776	5.219928658158954e-05
3777	5.5772230683623646e-05
3778	5.498751866121427e-05
3779	7.162735986367905e-05
3780	9.262485719058727e-05
3781	0.00011449206436051453
3782	0.00014071692765488513
3783	0.00026277531586783837
3784	0.0005268438128635161
3785	0.0006027286528487784
3786	0.0005226622236531916
3787	0.0005462734039638309
3788	0.0005759816600849513
3789	0.0005673558991113485
3790	0.000537822192086122
3791	0.000467339267164216
3792	0.0004078347214649155
3793	0.00028246597170288257
3794	0.00018671744460490837
3795	0.00012668925161792634
3796	8.32159020128005e-05
3797	6.0650498459298316e-05
3798	4.331246087325863e-05
3799	3.555944537912474e-05
3800	5.219928658158954e-05
3801	5.5772230683623646e-05
3802	5.498751866121427e-05
3803	7.162735986367905e-05
3804	9.262485719058727e-05
3805	0.00011449206436051453
3806	0.00014071692765488513
3807	0.00026277531586783837
3808	0.0005268438128635161
3809	0.0006027286528487784
3810	0.0005226622236531916
3811	0.0005462734039638309
3812	0.0005759816600849513
3813	0.0005673558991113485
3814	0.000537822192086122
3815	0.000467339267164216
3816	0.0004078347214649155
3817	0.00028246597170288257
3818	0.00018671744460490837
3819	0.00012668925161792634
3820	8.32159020128005e-05
3821	6.0650498459298316e-05
3822	4.331246087325863e-05
3823	3.555944537912474e-05
3824	5.219928658158954e-05
3825	5.5772230683623646e-05
3826	5.498751866121427e-05
3827	7.162735986367905e-05
3828	9.262485719058727e-05
3829	0.00011449206436051453
3830	0.00014071692765488513
3831	0.00026277531586783837
3832	0.0005268438128635161
3833	0.0006027286528487784
3834	0.0005226622236531916
3835	0.0005462734039638309
3836	0.0005759816600849513
3837	0.0005673558991113485
3838	0.000537822192086122
3839	0.000467339267164216
3840	0.0004078347214649155
3841	0.00028246597170288257
3842	0.00018671744460490837
3843	0.00012668925161792634
3844	8.32159020128005e-05
3845	6.0650498459298316e-05
3846	4.331246087325863e-05
3847	3.555944537912474e-05
3848	5.219928658158954e-05
3849	5.5772230683623646e-05
3850	5.498751866121427e-05
3851	7.162735986367905e-05
3852	9.262485719058727e-05
3853	0.00011449206436051453
3854	0.00014071692765488513
3855	0.00026277531586783837
3856	0.0005268438128635161
3857	0.0006027286528487784
3858	0.0005226622236531916
3859	0.0005462734039638309
3860	0.0005759816600849513
3861	0.0005673558991113485
3862	0.000537822192086122
3863	0.000467339267164216
3864	0.0004420036323959273
3865	0.0003246575352996634
3866	0.0002307806576226521
3867	0.00016558838145806122
3868	0.00012125763366613933
3869	8.73576500605521e-05
3870	6.388843064129894e-05
3871	4.954612988508914e-05
3872	4.5634593315213614e-05
3873	5.606535750154828e-05
3874	7.692688587421742e-05
3875	0.0001160422515729722
3876	0.00017210760907452035
3877	0.0002516421859953212
3878	0.0003403036815791653
3879	0.0004315728682095925
3880	0.0005098035996071019
3881	0.0005697804936785261
3882	0.0005854266399580278
3883	0.0005554381929223157
3884	0.00048503053466455727
3885	0.0003768113562313365
3886	0.00029727677931053523
3887	0.00028814986064749237
3888	0.00041025694550838313
3889	0.00028414360195874353
3890	0.00018782640237591992
3891	0.0001274416881692224
3892	8.371014035996779e-05
3893	6.101071569408579e-05
3894	4.356970352227125e-05
3895	3.577064108914253e-05
3896	5.2509310128764786e-05
3897	5.6103474766114844e-05
3898	5.531410215884636e-05
3899	7.20527711984686e-05
3900	9.317497748270933e-05
3901	0.00011517205901639904
3902	0.0001415526777947071
3903	0.00026433599879801807
3904	0.0005299728592234886
3905	0.0006063083966954355
3906	0.0005257664345948143
3907	0.0005495178471260886
3908	0.0005794025474008789
3909	0.0005707255560525095
3910	0.0005410164415607675
3911	0.000470114902365936
3912	0.0004078347214649155
3913	0.00028246597170288257
3914	0.00018671744460490837
3915	0.00012668925161792634
3916	8.32159020128005e-05
3917	6.0650498459298316e-05
3918	4.331246087325863e-05
3919	3.555944537912474e-05
3920	5.219928658158954e-05
3921	5.5772230683623646e-05
3922	5.498751866121427e-05
3923	7.162735986367905e-05
3924	9.262485719058727e-05
3925	0.00011449206436051453
3926	0.00014071692765488513
3927	0.00026277531586783837
3928	0.0005268438128635161
3929	0.0006027286528487784
3930	0.0005226622236531916
3931	0.0005462734039638309
3932	0.0005759816600849513
3933	0.0005673558991113485
3934	0.000537822192086122
3935	0.000467339267164216
3936	0.0004078347214649155
3937	0.00028246597170288257
3938	0.00018671744460490837
3939	0.00012668925161792634
3940	8.32159020128005e-05
3941	6.0650498459298316e-05
3942	4.331246087325863e-05
3943	3.555944537912474e-05
3944	5.219928658158954e-05
3945	5.5772230683623646e-05
3946	5.498751866121427e-05
3947	7.162735986367905e-05
3948	9.262485719058727e-05
3949	0.00011449206436051453
3950	0.00014071692765488513
3951	0.00026277531586783837
3952	0.0005268438128635161
3953	0.0006027286528487784
3954	0.0005226622236531916
3955	0.0005462734039638309
3956	0.0005759816600849513
3957	0.0005673558991113485
3958	0.000537822192086122
3959	0.000467339267164216
3960	0.0004078347214649155
3961	0.00028246597170288257
3962	0.00018671744460490837
3963	0.00012668925161792634
3964	8.32159020128005e-05
3965	6.0650498459298316e-05
3966	4.331246087325863e-05
3967	3.555944537912474e-05
3968	5.219928658158954e-05
3969	5.5772230683623646e-05
3970	5.498751866121427e-05
3971	7.162735986367905e-05
3972	9.262485719058727e-05
3973	0.00011449206436051453
3974	0.00014071692765488513
3975	0.00026277531586783837
3976	0.0005268438128635161
3977	0.0006027286528487784
3978	0.0005226622236531916
3979	0.0005462734039638309
3980	0.0005759816600849513
3981	0.0005673558991113485
3982	0.000537822192086122
3983	0.000467339267164216
3984	0.0004078347214649155
3985	0.00028246597170288257
3986	0.00018671744460490837
3987	0.00012668925161792634
3988	8.32159020128005e-05
3989	6.0650498459298316e-05
3990	4.331246087325863e-05
3991	3.555944537912474e-05
3992	5.219928658158954e-05
3993	5.5772230683623646e-05
3994	5.498751866121427e-05
3995	7.162735986367905e-05
3996	9.262485719058727e-05
3997	0.00011449206436051453
3998	0.00014071692765488513
3999	0.00026277531586783837
4000	0.0005268438128635161
4001	0.0006027286528487784
4002	0.0005226622236531916
4003	0.0005462734039638309
4004	0.0005759816600849513
4005	0.0005673558991113485
4006	0.000537822192086122
4007	0.000467339267164216
4008	0.0004078347214649155
4009	0.00028246597170288257
4010	0.00018671744460490837
4011	0.00012668925161792634
4012	8.32159020128005e-05
4013	6.0650498459298316e-05
4014	4.331246087325863e-05
4015	3.555944537912474e-05
4016	5.219928658158954e-05
4017	5.5772230683623646e-05
4018	5.498751866121427e-05
4019	7.162735986367905e-05
4020	9.262485719058727e-05
4021	0.00011449206436051453
4022	0.00014071692765488513
4023	0.00026277531586783837
4024	0.0005268438128635161
4025	0.0006027286528487784
4026	0.0005226622236531916
4027	0.0005462734039638309
4028	0.0005759816600849513
4029	0.0005673558991113485
4030	0.000537822192086122
4031	0.000467339267164216
4032	0.0004420036323959273
4033	0.0003246575352996634
4034	0.0002307806576226521
4035	0.00016558838145806122
4036	0.00012125763366613933
4037	8.73576500605521e-05
4038	6.388843064129894e-05
4039	4.954612988508914e-05
4040	4.5634593315213614e-05
4041	5.606535750154828e-05
4042	7.692688587421742e-05
4043	0.0001160422515729722
4044	0.00017210760907452035
4045	0.0002516421859953212
4046	0.0003403036815791653
4047	0.0004315728682095925
4048	0.0005098035996071019
4049	0.0005697804936785261
4050	0.0005854266399580278
4051	0.0005554381929223157
4052	0.00048503053466455727
4053	0.0003768113562313365
4054	0.00029727677931053523
4055	0.00028814986064749237
4056	0.00041025694550838313
4057	0.00028414360195874353
4058	0.00018782640237591992
4059	0.0001274416881692224
4060	8.371014035996779e-05
4061	6.101071569408579e-05
4062	4.356970352227125e-05
4063	3.577064108914253e-05
4064	5.2509310128764786e-05
4065	5.6103474766114844e-05
4066	5.531410215884636e-05
4067	7.20527711984686e-05
4068	9.317497748270933e-05
4069	0.00011517205901639904
4070	0.0001415526777947071
4071	0.00026433599879801807
4072	0.0005299728592234886
4073	0.0006063083966954355
4074	0.0005257664345948143
4075	0.0005495178471260886
4076	0.0005794025474008789
4077	0.0005707255560525095
4078	0.0005410164415607675
4079	0.000470114902365936
4080	0.0004078347214649155
4081	0.00028246597170288257
4082	0.00018671744460490837
4083	0.00012668925161792634
4084	8.32159020128005e-05
4085	6.0650498459298316e-05
4086	4.331246087325863e-05
4087	3.555944537912474e-05
4088	5.219928658158954e-05
4089	5.5772230683623646e-05
4090	5.498751866121427e-05
4091	7.162735986367905e-05
4092	9.262485719058727e-05
4093	0.00011449206436051453
4094	0.00014071692765488513
4095	0.00026277531586783837
4096	0.0005268438128635161
4097	0.0006027286528487784
4098	0.0005226622236531916
4099	0.0005462734039638309
4100	0.0005759816600849513
4101	0.0005673558991113485
4102	0.000537822192086122
4103	0.000467339267164216
4104	0.0004078347214649155
4105	0.00028246597170288257
4106	0.00018671744460490837
4107	0.00012668925161792634
4108	8.32159020128005e-05
4109	6.0650498459298316e-05
4110	4.331246087325863e-05
4111	3.555944537912474e-05
4112	5.219928658158954e-05
4113	5.5772230683623646e-05
4114	5.498751866121427e-05
4115	7.162735986367905e-05
4116	9.262485719058727e-05
4117	0.00011449206436051453
4118	0.00014071692765488513
4119	0.00026277531586783837
4120	0.0005268438128635161
4121	0.0006027286528487784
4122	0.0005226622236531916
4123	0.0005462734039638309
4124	0.0005759816600849513
4125	0.0005673558991113485
4126	0.000537822192086122
4127	0.000467339267164216
4128	0.0004078347214649155
4129	0.00028246597170288257
4130	0.00018671744460490837
4131	0.00012668925161792634
4132	8.32159020128005e-05
4133	6.0650498459298316e-05
4134	4.331246087325863e-05
4135	3.555944537912474e-05
4136	5.219928658158954e-05
4137	5.5772230683623646e-05
4138	5.498751866121427e-05
4139	7.162735986367905e-05
4140	9.262485719058727e-05
4141	0.00011449206436051453
4142	0.00014071692765488513
4143	0.00026277531586783837
4144	0.0005268438128635161
4145	0.0006027286528487784
4146	0.0005226622236531916
4147	0.0005462734039638309
4148	0.0005759816600849513
4149	0.0005673558991113485
4150	0.000537822192086122
4151	0.000467339267164216
4152	0.0004078347214649155
4153	0.00028246597170288257
4154	0.00018671744460490837
4155	0.00012668925161792634
4156	8.32159020128005e-05
4157	6.0650498459298316e-05
4158	4.331246087325863e-05
4159	3.555944537912474e-05
4160	5.219928658158954e-05
4161	5.5772230683623646e-05
4162	5.498751866121427e-05
4163	7.162735986367905e-05
4164	9.262485719058727e-05
4165	0.00011449206436051453
4166	0.00014071692765488513
4167	0.00026277531586783837
4168	0.0005268438128635161
4169	0.0006027286528487784
4170	0.0005226622236531916
4171	0.0005462734039638309
4172	0.0005759816600849513
4173	0.0005673558991113485
4174	0.000537822192086122
4175	0.000467339267164216
4176	0.0004078347214649155
4177	0.00028246597170288257
4178	0.00018671744460490837
4179	0.00012668925161792634
4180	8.32159020128005e-05
4181	6.0650498459298316e-05
4182	4.331246087325863e-05
4183	3.555944537912474e-05
4184	5.219928658158954e-05
4185	5.5772230683623646e-05
4186	5.498751866121427e-05
4187	7.162735986367905e-05
4188	9.262485719058727e-05
4189	0.00011449206436051453
4190	0.00014071692765488513
4191	0.00026277531586783837
4192	0.0005268438128635161
4193	0.0006027286528487784
4194	0.0005226622236531916
4195	0.0005462734039638309
4196	0.0005759816600849513
4197	0.0005673558991113485
4198	0.000537822192086122
4199	0.000467339267164216
4200	0.0004420036323959273
4201	0.0003246575352996634
4202	0.0002307806576226521
4203	0.00016558838145806122
4204	0.00012125763366613933
4205	8.73576500605521e-05
4206	6.388843064129894e-05
4207	4.954612988508914e-05
4208	4.5634593315213614e-05
4209	5.606535750154828e-05
4210	7.692688587421742e-05
4211	0.0001160422515729722
4212	0.00017210760907452035
4213	0.0002516421859953212
4214	0.0003403036815791653
4215	0.0004315728682095925
4216	0.0005098035996071019
4217	0.0005697804936785261
4218	0.0005854266399580278
4219	0.0005554381929223157
4220	0.00048503053466455727
4221	0.0003768113562313365
4222	0.00029727677931053523
4223	0.00028814986064749237
4224	0.00041025694550838313
4225	0.00028414360195874353
4226	0.00018782640237591992
4227	0.0001274416881692224
4228	8.371014035996779e-05
4229	6.101071569408579e-05
4230	4.356970352227125e-05
4231	3.577064108914253e-05
4232	5.2509310128764786e-05
4233	5.6103474766114844e-05
4234	5.531410215884636e-05
4235	7.20527711984686e-05
4236	9.317497748270933e-05
4237	0.00011517205901639904
4238	0.0001415526777947071
4239	0.00026433599879801807
4240	0.0005299728592234886
4241	0.0006063083966954355
4242	0.0005257664345948143
4243	0.0005495178471260886
4244	0.0005794025474008789
4245	0.0005707255560525095
4246	0.0005410164415607675
4247	0.000470114902365936
4248	0.0004078347214649155
4249	0.00028246597170288257
4250	0.00018671744460490837
4251	0.00012668925161792634
4252	8.32159020128005e-05
4253	6.0650498459298316e-05
4254	4.331246087325863e-05
4255	3.555944537912474e-05
4256	5.219928658158954e-05
4257	5.5772230683623646e-05
4258	5.498751866121427e-05
4259	7.162735986367905e-05
4260	9.262485719058727e-05
4261	0.00011449206436051453
4262	0.00014071692765488513
4263	0.00026277531586783837
4264	0.0005268438128635161
4265	0.0006027286528487784
4266	0.0005226622236531916
4267	0.0005462734039638309
4268	0.0005759816600849513
4269	0.0005673558991113485
4270	0.000537822192086122
4271	0.000467339267164216
4272	0.0004078347214649155
4273	0.00028246597170288257
4274	0.00018671744460490837
4275	0.00012668925161792634
4276	8.32159020128005e-05
4277	6.0650498459298316e-05
4278	4.331246087325863e-05
4279	3.555944537912474e-05
4280	5.219928658158954e-05
4281	5.5772230683623646e-05
4282	5.498751866121427e-05
4283	7.162735986367905e-05
4284	9.262485719058727e-05
4285	0.00011449206436051453
4286	0.00014071692765488513
4287	0.00026277531586783837
4288	0.0005268438128635161
4289	0.0006027286528487784
4290	0.0005226622236531916
4291	0.0005462734039638309
4292	0.0005759816600849513
4293	0.0005673558991113485
4294	0.000537822192086122
4295	0.000467339267164216
4296	0.0004078347214649155
4297	0.00028246597170288257
4298	0.00018671744460490837
4299	0.00012668925161792634
4300	8.32159020128005e-05
4301	6.0650498459298316e-05
4302	4.331246087325863e-05
4303	3.555944537912474e-05
4304	5.219928658158954e-05
4305	5.5772230683623646e-05
4306	5.498751866121427e-05
4307	7.162735986367905e-05
4308	9.262485719058727e-05
4309	0.00011449206436051453
4310	0.00014071692765488513
4311	0.00026277531586783837
4312	0.0005268438128635161
4313	0.0006027286528487784
4314	0.0005226622236531916
4315	0.0005462734039638309
4316	0.0005759816600849513
4317	0.0005673558991113485
4318	0.000537822192086122
4319	0.000467339267164216
4320	0.0004078347214649155
4321	0.00028246597170288257
4322	0.00018671744460490837
4323	0.00012668925161792634
4324	8.32159020128005e-05
4325	6.0650498459298316e-05
4326	4.331246087325863e-05
4327	3.555944537912474e-05
4328	5.219928658158954e-05
4329	5.5772230683623646e-05
4330	5.498751866121427e-05
4331	7.162735986367905e-05
4332	9.262485719058727e-05
4333	0.00011449206436051453
4334	0.00014071692765488513
4335	0.00026277531586783837
4336	0.0005268438128635161
4337	0.0006027286528487784
4338	0.0005226622236531916
4339	0.0005462734039638309
4340	0.0005759816600849513
4341	0.0005673558991113485
4342	0.000537822192086122
4343	0.000467339267164216
4344	0.0004078347214649155
4345	0.00028246597170288257
4346	0.00018671744460490837
4347	0.00012668925161792634
4348	8.32159020128005e-05
4349	6.0650498459298316e-05
4350	4.331246087325863e-05
4351	3.555944537912474e-05
4352	5.219928658158954e-05
4353	5.5772230683623646e-05
4354	5.498751866121427e-05
4355	7.162735986367905e-05
4356	9.262485719058727e-05
4357	0.00011449206436051453
4358	0.00014071692765488513
4359	0.00026277531586783837
4360	0.0005268438128635161
4361	0.0006027286528487784
4362	0.0005226622236531916
4363	0.0005462734039638309
4364	0.0005759816600849513
4365	0.0005673558991113485
4366	0.000537822192086122
4367	0.000467339267164216
4368	0.0004420036323959273
4369	0.0003246575352996634
4370	0.0002307806576226521
4371	0.00016558838145806122
4372	0.00012125763366613933
4373	8.73576500605521e-05
4374	6.388843064129894e-05
4375	4.954612988508914e-05
4376	4.5634593315213614e-05
4377	5.606535750154828e-05
4378	7.692688587421742e-05
4379	0.0001160422515729722
4380	0.00017210760907452035
4381	0.0002516421859953212
4382	0.0003403036815791653
4383	0.0004315728682095925
4384	0.0005098035996071019
4385	0.0005697804936785261
4386	0.0005854266399580278
4387	0.0005554381929223157
4388	0.00048503053466455727
4389	0.0003768113562313365
4390	0.00029727677931053523
4391	0.00028814986064749237
4392	0.00041025694550838313
4393	0.00028414360195874353
4394	0.00018782640237591992
4395	0.0001274416881692224
4396	8.371014035996779e-05
4397	6.101071569408579e-05
4398	4.356970352227125e-05
4399	3.577064108914253e-05
4400	5.2509310128764786e-05
4401	5.6103474766114844e-05
4402	5.531410215884636e-05
4403	7.20527711984686e-05
4404	9.317497748270933e-05
4405	0.00011517205901639904
4406	0.0001415526777947071
4407	0.00026433599879801807
4408	0.0005299728592234886
4409	0.0006063083966954355
4410	0.0005257664345948143
4411	0.0005495178471260886
4412	0.0005794025474008789
4413	0.0005707255560525095
4414	0.0005410164415607675
4415	0.000470114902365936
4416	0.0004078347214649155
4417	0.00028246597170288257
4418	0.00018671744460490837
4419	0.00012668925161792634
4420	8.32159020128005e-05
4421	6.0650498459298316e-05
4422	4.331246087325863e-05
4423	3.555944537912474e-05
4424	5.219928658158954e-05
4425	5.5772230683623646e-05
4426	5.498751866121427e-05
4427	7.162735986367905e-05
4428	9.262485719058727e-05
4429	0.00011449206436051453
4430	0.00014071692765488513
4431	0.00026277531586783837
4432	0.0005268438128635161
4433	0.0006027286528487784
4434	0.0005226622236531916
4435	0.0005462734039638309
4436	0.0005759816600849513
4437	0.0005673558991113485
4438	0.000537822192086122
4439	0.000467339267164216
4440	0.0004078347214649155
4441	0.00028246597170288257
4442	0.00018671744460490837
4443	0.00012668925161792634
4444	8.32159020128005e-05
4445	6.0650498459298316e-05
4446	4.331246087325863e-05
4447	3.555944537912474e-05
4448	5.219928658158954e-05
4449	5.5772230683623646e-05
4450	5.498751866121427e-05
4451	7.162735986367905e-05
4452	9.262485719058727e-05
4453	0.00011449206436051453
4454	0.00014071692765488513
4455	0.00026277531586783837
4456	0.0005268438128635161
4457	0.0006027286528487784
4458	0.0005226622236531916
4459	0.0005462734039638309
4460	0.0005759816600849513
4461	0.0005673558991113485
4462	0.000537822192086122
4463	0.000467339267164216
4464	0.0004078347214649155
4465	0.00028246597170288257
4466	0.00018671744460490837
4467	0.00012668925161792634
4468	8.32159020128005e-05
4469	6.0650498459298316e-05
4470	4.331246087325863e-05
4471	3.555944537912474e-05
4472	5.219928658158954e-05
4473	5.5772230683623646e-05
4474	5.498751866121427e-05
4475	7.162735986367905e-05
4476	9.262485719058727e-05
4477	0.00011449206436051453
4478	0.00014071692765488513
4479	0.00026277531586783837
4480	0.0005268438128635161
4481	0.0006027286528487784
4482	0.0005226622236531916
4483	0.0005462734039638309
4484	0.0005759816600849513
4485	0.0005673558991113485
4486	0.000537822192086122
4487	0.000467339267164216
4488	0.0004078347214649155
4489	0.00028246597170288257
4490	0.00018671744460490837
4491	0.00012668925161792634
4492	8.32159020128005e-05
4493	6.0650498459298316e-05
4494	4.331246087325863e-05
4495	3.555944537912474e-05
4496	5.219928658158954e-05
4497	5.5772230683623646e-05
4498	5.498751866121427e-05
4499	7.162735986367905e-05
4500	9.262485719058727e-05
4501	0.00011449206436051453
4502	0.00014071692765488513
4503	0.00026277531586783837
4504	0.0005268438128635161
4505	0.0006027286528487784
4506	0.0005226622236531916
4507	0.0005462734039638309
4508	0.0005759816600849513
4509	0.0005673558991113485
4510	0.000537822192086122
4511	0.000467339267164216
4512	0.0004078347214649155
4513	0.00028246597170288257
4514	0.00018671744460490837
4515	0.00012668925161792634
4516	8.32159020128005e-05
4517	6.0650498459298316e-05
4518	4.331246087325863e-05
4519	3.555944537912474e-05
4520	5.219928658158954e-05
4521	5.5772230683623646e-05
4522	5.498751866121427e-05
4523	7.162735986367905e-05
4524	9.262485719058727e-05
4525	0.00011449206436051453
4526	0.00014071692765488513
4527	0.00026277531586783837
4528	0.0005268438128635161
4529	0.0006027286528487784
4530	0.0005226622236531916
4531	0.0005462734039638309
4532	0.0005759816600849513
4533	0.0005673558991113485
4534	0.000537822192086122
4535	0.000467339267164216
4536	0.0004420036323959273
4537	0.0003246575352996634
4538	0.0002307806576226521
4539	0.00016558838145806122
4540	0.00012125763366613933
4541	8.73576500605521e-05
4542	6.388843064129894e-05
4543	4.954612988508914e-05
4544	4.5634593315213614e-05
4545	5.606535750154828e-05
4546	7.692688587421742e-05
4547	0.0001160422515729722
4548	0.00017210760907452035
4549	0.0002516421859953212
4550	0.0003403036815791653
4551	0.0004315728682095925
4552	0.0005098035996071019
4553	0.0005697804936785261
4554	0.0005854266399580278
4555	0.0005554381929223157
4556	0.00048503053466455727
4557	0.0003768113562313365
4558	0.00029727677931053523
4559	0.00028814986064749237
4560	0.00041025694550838313
4561	0.00028414360195874353
4562	0.00018782640237591992
4563	0.0001274416881692224
4564	8.371014035996779e-05
4565	6.101071569408579e-05
4566	4.356970352227125e-05
4567	3.577064108914253e-05
4568	5.2509310128764786e-05
4569	5.6103474766114844e-05
4570	5.531410215884636e-05
4571	7.20527711984686e-05
4572	9.317497748270933e-05
4573	0.00011517205901639904
4574	0.0001415526777947071
4575	0.00026433599879801807
4576	0.0005299728592234886
4577	0.0006063083966954355
4578	0.0005257664345948143
4579	0.0005495178471260886
4580	0.0005794025474008789
4581	0.0005707255560525095
4582	0.0005410164415607675
4583	0.000470114902365936
4584	0.0004078347214649155
4585	0.00028246597170288257
4586	0.00018671744460490837
4587	0.00012668925161792634
4588	8.32159020128005e-05
4589	6.0650498459298316e-05
4590	4.331246087325863e-05
4591	3.555944537912474e-05
4592	5.219928658158954e-05
4593	5.5772230683623646e-05
4594	5.498751866121427e-05
4595	7.162735986367905e-05
4596	9.262485719058727e-05
4597	0.00011449206436051453
4598	0.00014071692765488513
4599	0.00026277531586783837
4600	0.0005268438128635161
4601	0.0006027286528487784
4602	0.0005226622236531916
4603	0.0005462734039638309
4604	0.0005759816600849513
4605	0.0005673558991113485
4606	0.000537822192086122
4607	0.000467339267164216
4608	0.0004078347214649155
4609	0.00028246597170288257
4610	0.00018671744460490837
4611	0.00012668925161792634
4612	8.32159020128005e-05
4613	6.0650498459298316e-05
4614	4.331246087325863e-05
4615	3.555944537912474e-05
4616	5.219928658158954e-05
4617	5.5772230683623646e-05
4618	5.498751866121427e-05
4619	7.162735986367905e-05
4620	9.262485719058727e-05
4621	0.00011449206436051453
4622	0.00014071692765488513
4623	0.00026277531586783837
4624	0.0005268438128635161
4625	0.0006027286528487784
4626	0.0005226622236531916
4627	0.0005462734039638309
4628	0.0005759816600849513
4629	0.0005673558991113485
4630	0.000537822192086122
4631	0.000467339267164216
4632	0.0004078347214649155
4633	0.00028246597170288257
4634	0.00018671744460490837
4635	0.00012668925161792634
4636	8.32159020128005e-05
4637	6.0650498459298316e-05
4638	4.331246087325863e-05
4639	3.555944537912474e-05
4640	5.219928658158954e-05
4641	5.5772230683623646e-05
4642	5.498751866121427e-05
4643	7.162735986367905e-05
4644	9.262485719058727e-05
4645	0.00011449206436051453
4646	0.00014071692765488513
4647	0.00026277531586783837
4648	0.0005268438128635161
4649	0.0006027286528487784
4650	0.0005226622236531916
4651	0.0005462734039638309
4652	0.0005759816600849513
4653	0.0005673558991113485
4654	0.000537822192086122
4655	0.000467339267164216
4656	0.0004078347214649155
4657	0.00028246597170288257
4658	0.00018671744460490837
4659	0.00012668925161792634
4660	8.32159020128005e-05
4661	6.0650498459298316e-05
4662	4.331246087325863e-05
4663	3.555944537912474e-05
4664	5.219928658158954e-05
4665	5.5772230683623646e-05
4666	5.498751866121427e-05
4667	7.162735986367905e-05
4668	9.262485719058727e-05
4669	0.00011449206436051453
4670	0.00014071692765488513
4671	0.00026277531586783837
4672	0.0005268438128635161
4673	0.0006027286528487784
4674	0.0005226622236531916
4675	0.0005462734039638309
4676	0.0005759816600849513
4677	0.0005673558991113485
4678	0.000537822192086122
4679	0.000467339267164216
4680	0.0004078347214649155
4681	0.00028246597170288257
4682	0.00018671744460490837
4683	0.00012668925161792634
4684	8.32159020128005e-05
4685	6.0650498459298316e-05
4686	4.331246087325863e-05
4687	3.555944537912474e-05
4688	5.219928658158954e-05
4689	5.5772230683623646e-05
4690	5.498751866121427e-05
4691	7.162735986367905e-05
4692	9.262485719058727e-05
4693	0.00011449206436051453
4694	0.00014071692765488513
4695	0.00026277531586783837
4696	0.0005268438128635161
4697	0.0006027286528487784
4698	0.0005226622236531916
4699	0.0005462734039638309
4700	0.0005759816600849513
4701	0.0005673558991113485
4702	0.000537822192086122
4703	0.000467339267164216
4704	0.0004420036323959273
4705	0.0003246575352996634
4706	0.0002307806576226521
4707	0.00016558838145806122
4708	0.00012125763366613933
4709	8.73576500605521e-05
4710	6.388843064129894e-05
4711	4.954612988508914e-05
4712	4.5634593315213614e-05
4713	5.606535750154828e-05
4714	7.692688587421742e-05
4715	0.0001160422515729722
4716	0.00017210760907452035
4717	0.0002516421859953212
4718	0.0003403036815791653
4719	0.0004315728682095925
4720	0.0005098035996071019
4721	0.0005697804936785261
4722	0.0005854266399580278
4723	0.0005554381929223157
4724	0.00048503053466455727
4725	0.0003768113562313365
4726	0.00029727677931053523
4727	0.00028814986064749237
4728	0.00041025694550838313
4729	0.00028414360195874353
4730	0.00018782640237591992
4731	0.0001274416881692224
4732	8.371014035996779e-05
4733	6.101071569408579e-05
4734	4.356970352227125e-05
4735	3.577064108914253e-05
4736	5.2509310128764786e-05
4737	5.6103474766114844e-05
4738	5.531410215884636e-05
4739	7.20527711984686e-05
4740	9.317497748270933e-05
4741	0.00011517205901639904
4742	0.0001415526777947071
4743	0.00026433599879801807
4744	0.0005299728592234886
4745	0.0006063083966954355
4746	0.0005257664345948143
4747	0.0005495178471260886
4748	0.0005794025474008789
4749	0.0005707255560525095
4750	0.0005410164415607675
4751	0.000470114902365936
4752	0.0004078347214649155
4753	0.00028246597170288257
4754	0.00018671744460490837
4755	0.00012668925161792634
4756	8.32159020128005e-05
4757	6.0650498459298316e-05
4758	4.331246087325863e-05
4759	3.555944537912474e-05
4760	5.219928658158954e-05
4761	5.5772230683623646e-05
4762	5.498751866121427e-05
4763	7.162735986367905e-05
4764	9.262485719058727e-05
4765	0.00011449206436051453
4766	0.00014071692765488513
4767	0.00026277531586783837
4768	0.0005268438128635161
4769	0.0006027286528487784
4770	0.0005226622236531916
4771	0.0005462734039638309
4772	0.0005759816600849513
4773	0.0005673558991113485
4774	0.000537822192086122
4775	0.000467339267164216
4776	0.0004078347214649155
4777	0.00028246597170288257
4778	0.00018671744460490837
4779	0.00012668925161792634
4780	8.32159020128005e-05
4781	6.0650498459298316e-05
4782	4.331246087325863e-05
4783	3.555944537912474e-05
4784	5.219928658158954e-05
4785	5.5772230683623646e-05
4786	5.498751866121427e-05
4787	7.162735986367905e-05
4788	9.262485719058727e-05
4789	0.00011449206436051453
4790	0.00014071692765488513
4791	0.00026277531586783837
4792	0.0005268438128635161
4793	0.0006027286528487784
4794	0.0005226622236531916
4795	0.0005462734039638309
4796	0.0005759816600849513
4797	0.0005673558991113485
4798	0.000537822192086122
4799	0.000467339267164216
4800	0.0004078347214649155
4801	0.00028246597170288257
4802	0.00018671744460490837
4803	0.00012668925161792634
4804	8.32159020128005e-05
4805	6.0650498459298316e-05
4806	4.331246087325863e-05
4807	3.555944537912474e-05
4808	5.219928658158954e-05
4809	5.5772230683623646e-05
4810	5.498751866121427e-05
4811	7.162735986367905e-05
4812	9.262485719058727e-05
4813	0.00011449206436051453
4814	0.00014071692765488513
4815	0.00026277531586783837
4816	0.0005268438128635161
4817	0.0006027286528487784
4818	0.0005226622236531916
4819	0.0005462734039638309
4820	0.0005759816600849513
4821	0.0005673558991113485
4822	0.000537822192086122
4823	0.000467339267164216
4824	0.0004078347214649155
4825	0.00028246597170288257
4826	0.00018671744460490837
4827	0.00012668925161792634
4828	8.32159020128005e-05
4829	6.0650498459298316e-05
4830	4.331246087325863e-05
4831	3.555944537912474e-05
4832	5.219928658158954e-05
4833	5.5772230683623646e-05
4834	5.498751866121427e-05
4835	7.162735986367905e-05
4836	9.262485719058727e-05
4837	0.00011449206436051453
4838	0.00014071692765488513
4839	0.00026277531586783837
4840	0.0005268438128635161
4841	0.0006027286528487784
4842	0.0005226622236531916
4843	0.0005462734039638309
4844	0.0005759816600849513
4845	0.0005673558991113485
4846	0.000537822192086122
4847	0.000467339267164216
4848	0.0004078347214649155
4849	0.00028246597170288257
4850	0.00018671744460490837
4851	0.00012668925161792634
4852	8.32159020128005e-05
4853	6.0650498459298316e-05
4854	4.331246087325863e-05
4855	3.555944537912474e-05
4856	5.219928658158954e-05
4857	5.5772230683623646e-05
4858	5.498751866121427e-05
4859	7.162735986367905e-05
4860	9.262485719058727e-05
4861	0.00011449206436051453
4862	0.00014071692765488513
4863	0.00026277531586783837
4864	0.0005268438128635161
4865	0.0006027286528487784
4866	0.0005226622236531916
4867	0.0005462734039638309
4868	0.0005759816600849513
4869	0.0005673558991113485
4870	0.000537822192086122
4871	0.000467339267164216
4872	0.0004420036323959273
4873	0.0003246575352996634
4874	0.0002307806576226521
4875	0.00016558838145806122
4876	0.00012125763366613933
4877	8.73576500605521e-05
4878	6.388843064129894e-05
4879	4.954612988508914e-05
4880	4.5634593315213614e-05
4881	5.606535750154828e-05
4882	7.692688587421742e-05
4883	0.0001160422515729722
4884	0.00017210760907452035
4885	0.0002516421859953212
4886	0.0003403036815791653
4887	0.0004315728682095925
4888	0.0005098035996071019
4889	0.0005697804936785261
4890	0.0005854266399580278
4891	0.0005554381929223157
4892	0.00048503053466455727
4893	0.0003768113562313365
4894	0.00029727677931053523
4895	0.00028814986064749237
4896	0.00041025694550838313
4897	0.00028414360195874353
4898	0.00018782640237591992
4899	0.0001274416881692224
4900	8.371014035996779e-05
4901	6.101071569408579e-05
4902	4.356970352227125e-05
4903	3.577064108914253e-05
4904	5.2509310128764786e-05
4905	5.6103474766114844e-05
4906	5.531410215884636e-05
4907	7.20527711984686e-05
4908	9.317497748270933e-05
4909	0.00011517205901639904
4910	0.0001415526777947071
4911	0.00026433599879801807
4912	0.0005299728592234886
4913	0.0006063083966954355
4914	0.0005257664345948143
4915	0.0005495178471260886
4916	0.0005794025474008789
4917	0.0005707255560525095
4918	0.0005410164415607675
4919	0.000470114902365936
4920	0.0004078347214649155
4921	0.00028246597170288257
4922	0.00018671744460490837
4923	0.00012668925161792634
4924	8.32159020128005e-05
4925	6.0650498459298316e-05
4926	4.331246087325863e-05
4927	3.555944537912474e-05
4928	5.219928658158954e-05
4929	5.5772230683623646e-05
4930	5.498751866121427e-05
4931	7.162735986367905e-05
4932	9.262485719058727e-05
4933	0.00011449206436051453
4934	0.00014071692765488513
4935	0.00026277531586783837
4936	0.0005268438128635161
4937	0.0006027286528487784
4938	0.0005226622236531916
4939	0.0005462734039638309
4940	0.0005759816600849513
4941	0.0005673558991113485
4942	0.000537822192086122
4943	0.000467339267164216
4944	0.0004078347214649155
4945	0.00028246597170288257
4946	0.00018671744460490837
4947	0.00012668925161792634
4948	8.32159020128005e-05
4949	6.0650498459298316e-05
4950	4.331246087325863e-05
4951	3.555944537912474e-05
4952	5.219928658158954e-05
4953	5.5772230683623646e-05
4954	5.498751866121427e-05
4955	7.162735986367905e-05
4956	9.262485719058727e-05
4957	0.00011449206436051453
4958	0.00014071692765488513
4959	0.00026277531586783837
4960	0.0005268438128635161
4961	0.0006027286528487784
4962	0.0005226622236531916
4963	0.0005462734039638309
4964	0.0005759816600849513
4965	0.0005673558991113485
4966	0.000537822192086122
4967	0.000467339267164216
4968	0.0004078347214649155
4969	0.00028246597170288257
4970	0.00018671744460490837
4971	0.00012668925161792634
4972	8.32159020128005e-05
4973	6.0650498459298316e-05
4974	4.331246087325863e-05
4975	3.555944537912474e-05
4976	5.219928658158954e-05
4977	5.5772230683623646e-05
4978	5.498751866121427e-05
4979	7.162735986367905e-05
4980	9.262485719058727e-05
4981	0.00011449206436051453
4982	0.00014071692765488513
4983	0.00026277531586783837
4984	0.0005268438128635161
4985	0.0006027286528487784
4986	0.0005226622236531916
4987	0.0005462734039638309
4988	0.0005759816600849513
4989	0.0005673558991113485
4990	0.000537822192086122
4991	0.000467339267164216
4992	0.0004078347214649155
4993	0.00028246597170288257
4994	0.00018671744460490837
4995	0.00012668925161792634
4996	8.32159020128005e-05
4997	6.0650498459298316e-05
4998	4.331246087325863e-05
4999	3.555944537912474e-05
5000	5.219928658158954e-05
5001	5.5772230683623646e-05
5002	5.498751866121427e-05
5003	7.162735986367905e-05
5004	9.262485719058727e-05
5005	0.00011449206436051453
5006	0.00014071692765488513
5007	0.00026277531586783837
5008	0.0005268438128635161
5009	0.0006027286528487784
5010	0.0005226622236531916
5011	0.0005462734039638309
5012	0.0005759816600849513
5013	0.0005673558991113485
5014	0.000537822192086122
5015	0.000467339267164216
5016	0.0004078347214649155
5017	0.00028246597170288257
5018	0.00018671744460490837
5019	0.00012668925161792634
5020	8.32159020128005e-05
5021	6.0650498459298316e-05
5022	4.331246087325863e-05
5023	3.555944537912474e-05
5024	5.219928658158954e-05
5025	5.5772230683623646e-05
5026	5.498751866121427e-05
5027	7.162735986367905e-05
5028	9.262485719058727e-05
5029	0.00011449206436051453
5030	0.00014071692765488513
5031	0.00026277531586783837
5032	0.0005268438128635161
5033	0.0006027286528487784
5034	0.0005226622236531916
5035	0.0005462734039638309
5036	0.0005759816600849513
5037	0.0005673558991113485
5038	0.000537822192086122
5039	0.000467339267164216
5040	0.0004420036323959273
5041	0.0003246575352996634
5042	0.0002307806576226521
5043	0.00016558838145806122
5044	0.00012125763366613933
5045	8.73576500605521e-05
5046	6.388843064129894e-05
5047	4.954612988508914e-05
5048	4.5634593315213614e-05
5049	5.606535750154828e-05
5050	7.692688587421742e-05
5051	0.0001160422515729722
5052	0.00017210760907452035
5053	0.0002516421859953212
5054	0.0003403036815791653
5055	0.0004315728682095925
5056	0.0005098035996071019
5057	0.0005697804936785261
5058	0.0005854266399580278
5059	0.0005554381929223157
5060	0.00048503053466455727
5061	0.0003768113562313365
5062	0.00029727677931053523
5063	0.00028814986064749237
5064	0.00041025694550838313
5065	0.00028414360195874353
5066	0.00018782640237591992
5067	0.0001274416881692224
5068	8.371014035996779e-05
5069	6.101071569408579e-05
5070	4.356970352227125e-05
5071	3.577064108914253e-05
5072	5.2509310128764786e-05
5073	5.6103474766114844e-05
5074	5.531410215884636e-05
5075	7.20527711984686e-05
5076	9.317497748270933e-05
5077	0.00011517205901639904
5078	0.0001415526777947071
5079	0.00026433599879801807
5080	0.0005299728592234886
5081	0.0006063083966954355
5082	0.0005257664345948143
5083	0.0005495178471260886
5084	0.0005794025474008789
5085	0.0005707255560525095
5086	0.0005410164415607675
5087	0.000470114902365936
5088	0.0004078347214649155
5089	0.00028246597170288257
5090	0.00018671744460490837
5091	0.00012668925161792634
5092	8.32159020128005e-05
5093	6.0650498459298316e-05
5094	4.331246087325863e-05
5095	3.555944537912474e-05
5096	5.219928658158954e-05
5097	5.5772230683623646e-05
5098	5.498751866121427e-05
5099	7.162735986367905e-05
5100	9.262485719058727e-05
5101	0.00011449206436051453
5102	0.00014071692765488513
5103	0.00026277531586783837
5104	0.0005268438128635161
5105	0.0006027286528487784
5106	0.0005226622236531916
5107	0.0005462734039638309
5108	0.0005759816600849513
5109	0.0005673558991113485
5110	0.000537822192086122
5111	0.000467339267164216
5112	0.0004078347214649155
5113	0.00028246597170288257
5114	0.00018671744460490837
5115	0.00012668925161792634
5116	8.32159020128005e-05
5117	6.0650498459298316e-05
5118	4.331246087325863e-05
5119	3.555944537912474e-05
5120	5.219928658158954e-05
5121	5.5772230683623646e-05
5122	5.498751866121427e-05
5123	7.162735986367905e-05
5124	9.262485719058727e-05
5125	0.00011449206436051453
5126	0.00014071692765488513
5127	0.00026277531586783837
5128	0.0005268438128635161
5129	0.0006027286528487784
5130	0.0005226622236531916
5131	0.0005462734039638309
5132	0.0005759816600849513
5133	0.0005673558991113485
5134	0.000537822192086122
5135	0.000467339267164216
5136	0.0004078347214649155
5137	0.00028246597170288257
5138	0.00018671744460490837
5139	0.00012668925161792634
5140	8.32159020128005e-05
5141	6.0650498459298316e-05
5142	4.331246087325863e-05
5143	3.555944537912474e-05
5144	5.219928658158954e-05
5145	5.5772230683623646e-05
5146	5.498751866121427e-05
5147	7.162735986367905e-05
5148	9.262485719058727e-05
5149	0.00011449206436051453
5150	0.00014071692765488513
5151	0.00026277531586783837
5152	0.0005268438128635161
5153	0.0006027286528487784
5154	0.0005226622236531916
5155	0.0005462734039638309
5156	0.0005759816600849513
5157	0.0005673558991113485
5158	0.000537822192086122
5159	0.000467339267164216
5160	0.0004078347214649155
5161	0.00028246597170288257
5162	0.00018671744460490837
5163	0.00012668925161792634
5164	8.32159020128005e-05
5165	6.0650498459298316e-05
5166	4.331246087325863e-05
5167	3.555944537912474e-05
5168	5.219928658158954e-05
5169	5.5772230683623646e-05
5170	5.498751866121427e-05
5171	7.162735986367905e-05
5172	9.262485719058727e-05
5173	0.00011449206436051453
5174	0.00014071692765488513
5175	0.00026277531586783837
5176	0.0005268438128635161
5177	0.0006027286528487784
5178	0.0005226622236531916
5179	0.0005462734039638309
5180	0.0005759816600849513
5181	0.0005673558991113485
5182	0.000537822192086122
5183	0.000467339267164216
5184	0.0004078347214649155
5185	0.00028246597170288257
5186	0.00018671744460490837
5187	0.00012668925161792634
5188	8.32159020128005e-05
5189	6.0650498459298316e-05
5190	4.331246087325863e-05
5191	3.555944537912474e-05
5192	5.219928658158954e-05
5193	5.5772230683623646e-05
5194	5.498751866121427e-05
5195	7.162735986367905e-05
5196	9.262485719058727e-05
5197	0.00011449206436051453
5198	0.00014071692765488513
5199	0.00026277531586783837
5200	0.0005268438128635161
5201	0.0006027286528487784
5202	0.0005226622236531916
5203	0.0005462734039638309
5204	0.0005759816600849513
5205	0.0005673558991113485
5206	0.000537822192086122
5207	0.000467339267164216
5208	0.0004420036323959273
5209	0.0003246575352996634
5210	0.0002307806576226521
5211	0.00016558838145806122
5212	0.00012125763366613933
5213	8.73576500605521e-05
5214	6.388843064129894e-05
5215	4.954612988508914e-05
5216	4.5634593315213614e-05
5217	5.606535750154828e-05
5218	7.692688587421742e-05
5219	0.0001160422515729722
5220	0.00017210760907452035
5221	0.0002516421859953212
5222	0.0003403036815791653
5223	0.0004315728682095925
5224	0.0005098035996071019
5225	0.0005697804936785261
5226	0.0005854266399580278
5227	0.0005554381929223157
5228	0.00048503053466455727
5229	0.0003768113562313365
5230	0.00029727677931053523
5231	0.00028814986064749237
5232	0.00041025694550838313
5233	0.00028414360195874353
5234	0.00018782640237591992
5235	0.0001274416881692224
5236	8.371014035996779e-05
5237	6.101071569408579e-05
5238	4.356970352227125e-05
5239	3.577064108914253e-05
5240	5.2509310128764786e-05
5241	5.6103474766114844e-05
5242	5.531410215884636e-05
5243	7.20527711984686e-05
5244	9.317497748270933e-05
5245	0.00011517205901639904
5246	0.0001415526777947071
5247	0.00026433599879801807
5248	0.0005299728592234886
5249	0.0006063083966954355
5250	0.0005257664345948143
5251	0.0005495178471260886
5252	0.0005794025474008789
5253	0.0005707255560525095
5254	0.0005410164415607675
5255	0.000470114902365936
5256	0.0004078347214649155
5257	0.00028246597170288257
5258	0.00018671744460490837
5259	0.00012668925161792634
5260	8.32159020128005e-05
5261	6.0650498459298316e-05
5262	4.331246087325863e-05
5263	3.555944537912474e-05
5264	5.219928658158954e-05
5265	5.5772230683623646e-05
5266	5.498751866121427e-05
5267	7.162735986367905e-05
5268	9.262485719058727e-05
5269	0.00011449206436051453
5270	0.00014071692765488513
5271	0.00026277531586783837
5272	0.0005268438128635161
5273	0.0006027286528487784
5274	0.0005226622236531916
5275	0.0005462734039638309
5276	0.0005759816600849513
5277	0.0005673558991113485
5278	0.000537822192086122
5279	0.000467339267164216
5280	0.0004078347214649155
5281	0.00028246597170288257
5282	0.00018671744460490837
5283	0.00012668925161792634
5284	8.32159020128005e-05
5285	6.0650498459298316e-05
5286	4.331246087325863e-05
5287	3.555944537912474e-05
5288	5.219928658158954e-05
5289	5.5772230683623646e-05
5290	5.498751866121427e-05
5291	7.162735986367905e-05
5292	9.262485719058727e-05
5293	0.00011449206436051453
5294	0.00014071692765488513
5295	0.00026277531586783837
5296	0.0005268438128635161
5297	0.0006027286528487784
5298	0.0005226622236531916
5299	0.0005462734039638309
5300	0.0005759816600849513
5301	0.0005673558991113485
5302	0.000537822192086122
5303	0.000467339267164216
5304	0.0004078347214649155
5305	0.00028246597170288257
5306	0.00018671744460490837
5307	0.00012668925161792634
5308	8.32159020128005e-05
5309	6.0650498459298316e-05
5310	4.331246087325863e-05
5311	3.555944537912474e-05
5312	5.219928658158954e-05
5313	5.5772230683623646e-05
5314	5.498751866121427e-05
5315	7.162735986367905e-05
5316	9.262485719058727e-05
5317	0.00011449206436051453
5318	0.00014071692765488513
5319	0.00026277531586783837
5320	0.0005268438128635161
5321	0.0006027286528487784
5322	0.0005226622236531916
5323	0.0005462734039638309
5324	0.0005759816600849513
5325	0.0005673558991113485
5326	0.000537822192086122
5327	0.000467339267164216
5328	0.0004078347214649155
5329	0.00028246597170288257
5330	0.00018671744460490837
5331	0.00012668925161792634
5332	8.32159020128005e-05
5333	6.0650498459298316e-05
5334	4.331246087325863e-05
5335	3.555944537912474e-05
5336	5.219928658158954e-05
5337	5.5772230683623646e-05
5338	5.498751866121427e-05
5339	7.162735986367905e-05
5340	9.262485719058727e-05
5341	0.00011449206436051453
5342	0.00014071692765488513
5343	0.00026277531586783837
5344	0.0005268438128635161
5345	0.0006027286528487784
5346	0.0005226622236531916
5347	0.0005462734039638309
5348	0.0005759816600849513
5349	0.0005673558991113485
5350	0.000537822192086122
5351	0.000467339267164216
5352	0.0004078347214649155
5353	0.00028246597170288257
5354	0.00018671744460490837
5355	0.00012668925161792634
5356	8.32159020128005e-05
5357	6.0650498459298316e-05
5358	4.331246087325863e-05
5359	3.555944537912474e-05
5360	5.219928658158954e-05
5361	5.5772230683623646e-05
5362	5.498751866121427e-05
5363	7.162735986367905e-05
5364	9.262485719058727e-05
5365	0.00011449206436051453
5366	0.00014071692765488513
5367	0.00026277531586783837
5368	0.0005268438128635161
5369	0.0006027286528487784
5370	0.0005226622236531916
5371	0.0005462734039638309
5372	0.0005759816600849513
5373	0.0005673558991113485
5374	0.000537822192086122
5375	0.000467339267164216
5376	0.0004420036323959273
5377	0.0003246575352996634
5378	0.0002307806576226521
5379	0.00016558838145806122
5380	0.00012125763366613933
5381	8.73576500605521e-05
5382	6.388843064129894e-05
5383	4.954612988508914e-05
5384	4.5634593315213614e-05
5385	5.606535750154828e-05
5386	7.692688587421742e-05
5387	0.0001160422515729722
5388	0.00017210760907452035
5389	0.0002516421859953212
5390	0.0003403036815791653
5391	0.0004315728682095925
5392	0.0005098035996071019
5393	0.0005697804936785261
5394	0.0005854266399580278
5395	0.0005554381929223157
5396	0.00048503053466455727
5397	0.0003768113562313365
5398	0.00029727677931053523
5399	0.00028814986064749237
5400	0.00041025694550838313
5401	0.00028414360195874353
5402	0.00018782640237591992
5403	0.0001274416881692224
5404	8.371014035996779e-05
5405	6.101071569408579e-05
5406	4.356970352227125e-05
5407	3.577064108914253e-05
5408	5.2509310128764786e-05
5409	5.6103474766114844e-05
5410	5.531410215884636e-05
5411	7.20527711984686e-05
5412	9.317497748270933e-05
5413	0.00011517205901639904
5414	0.0001415526777947071
5415	0.00026433599879801807
5416	0.0005299728592234886
5417	0.0006063083966954355
5418	0.0005257664345948143
5419	0.0005495178471260886
5420	0.0005794025474008789
5421	0.0005707255560525095
5422	0.0005410164415607675
5423	0.000470114902365936
5424	0.0004078347214649155
5425	0.00028246597170288257
5426	0.00018671744460490837
5427	0.00012668925161792634
5428	8.32159020128005e-05
5429	6.0650498459298316e-05
5430	4.331246087325863e-05
5431	3.555944537912474e-05
5432	5.219928658158954e-05
5433	5.5772230683623646e-05
5434	5.498751866121427e-05
5435	7.162735986367905e-05
5436	9.262485719058727e-05
5437	0.00011449206436051453
5438	0.00014071692765488513
5439	0.00026277531586783837
5440	0.0005268438128635161
5441	0.0006027286528487784
5442	0.0005226622236531916
5443	0.0005462734039638309
5444	0.0005759816600849513
5445	0.0005673558991113485
5446	0.000537822192086122
5447	0.000467339267164216
5448	0.0004078347214649155
5449	0.00028246597170288257
5450	0.00018671744460490837
5451	0.00012668925161792634
5452	8.32159020128005e-05
5453	6.0650498459298316e-05
5454	4.331246087325863e-05
5455	3.555944537912474e-05
5456	5.219928658158954e-05
5457	5.5772230683623646e-05
5458	5.498751866121427e-05
5459	7.162735986367905e-05
5460	9.262485719058727e-05
5461	0.00011449206436051453
5462	0.00014071692765488513
5463	0.00026277531586783837
5464	0.0005268438128635161
5465	0.0006027286528487784
5466	0.0005226622236531916
5467	0.0005462734039638309
5468	0.0005759816600849513
5469	0.0005673558991113485
5470	0.000537822192086122
5471	0.000467339267164216
5472	0.0004078347214649155
5473	0.00028246597170288257
5474	0.00018671744460490837
5475	0.00012668925161792634
5476	8.32159020128005e-05
5477	6.0650498459298316e-05
5478	4.331246087325863e-05
5479	3.555944537912474e-05
5480	5.219928658158954e-05
5481	5.5772230683623646e-05
5482	5.498751866121427e-05
5483	7.162735986367905e-05
5484	9.262485719058727e-05
5485	0.00011449206436051453
5486	0.00014071692765488513
5487	0.00026277531586783837
5488	0.0005268438128635161
5489	0.0006027286528487784
5490	0.0005226622236531916
5491	0.0005462734039638309
5492	0.0005759816600849513
5493	0.0005673558991113485
5494	0.000537822192086122
5495	0.000467339267164216
5496	0.0004078347214649155
5497	0.00028246597170288257
5498	0.00018671744460490837
5499	0.00012668925161792634
5500	8.32159020128005e-05
5501	6.0650498459298316e-05
5502	4.331246087325863e-05
5503	3.555944537912474e-05
5504	5.219928658158954e-05
5505	5.5772230683623646e-05
5506	5.498751866121427e-05
5507	7.162735986367905e-05
5508	9.262485719058727e-05
5509	0.00011449206436051453
5510	0.00014071692765488513
5511	0.00026277531586783837
5512	0.0005268438128635161
5513	0.0006027286528487784
5514	0.0005226622236531916
5515	0.0005462734039638309
5516	0.0005759816600849513
5517	0.0005673558991113485
5518	0.000537822192086122
5519	0.000467339267164216
5520	0.0004078347214649155
5521	0.00028246597170288257
5522	0.00018671744460490837
5523	0.00012668925161792634
5524	8.32159020128005e-05
5525	6.0650498459298316e-05
5526	4.331246087325863e-05
5527	3.555944537912474e-05
5528	5.219928658158954e-05
5529	5.5772230683623646e-05
5530	5.498751866121427e-05
5531	7.162735986367905e-05
5532	9.262485719058727e-05
5533	0.00011449206436051453
5534	0.00014071692765488513
5535	0.00026277531586783837
5536	0.0005268438128635161
5537	0.0006027286528487784
5538	0.0005226622236531916
5539	0.0005462734039638309
5540	0.0005759816600849513
5541	0.0005673558991113485
5542	0.000537822192086122
5543	0.000467339267164216
5544	0.0004420036323959273
5545	0.0003246575352996634
5546	0.0002307806576226521
5547	0.00016558838145806122
5548	0.00012125763366613933
5549	8.73576500605521e-05
5550	6.388843064129894e-05
5551	4.954612988508914e-05
5552	4.5634593315213614e-05
5553	5.606535750154828e-05
5554	7.692688587421742e-05
5555	0.0001160422515729722
5556	0.00017210760907452035
5557	0.0002516421859953212
5558	0.0003403036815791653
5559	0.0004315728682095925
5560	0.0005098035996071019
5561	0.0005697804936785261
5562	0.0005854266399580278
5563	0.0005554381929223157
5564	0.00048503053466455727
5565	0.0003768113562313365
5566	0.00029727677931053523
5567	0.00028814986064749237
5568	0.00041025694550838313
5569	0.00028414360195874353
5570	0.00018782640237591992
5571	0.0001274416881692224
5572	8.371014035996779e-05
5573	6.101071569408579e-05
5574	4.356970352227125e-05
5575	3.577064108914253e-05
5576	5.2509310128764786e-05
5577	5.6103474766114844e-05
5578	5.531410215884636e-05
5579	7.20527711984686e-05
5580	9.317497748270933e-05
5581	0.00011517205901639904
5582	0.0001415526777947071
5583	0.00026433599879801807
5584	0.0005299728592234886
5585	0.0006063083966954355
5586	0.0005257664345948143
5587	0.0005495178471260886
5588	0.0005794025474008789
5589	0.0005707255560525095
5590	0.0005410164415607675
5591	0.000470114902365936
5592	0.0004078347214649155
5593	0.00028246597170288257
5594	0.00018671744460490837
5595	0.00012668925161792634
5596	8.32159020128005e-05
5597	6.0650498459298316e-05
5598	4.331246087325863e-05
5599	3.555944537912474e-05
5600	5.219928658158954e-05
5601	5.5772230683623646e-05
5602	5.498751866121427e-05
5603	7.162735986367905e-05
5604	9.262485719058727e-05
5605	0.00011449206436051453
5606	0.00014071692765488513
5607	0.00026277531586783837
5608	0.0005268438128635161
5609	0.0006027286528487784
5610	0.0005226622236531916
5611	0.0005462734039638309
5612	0.0005759816600849513
5613	0.0005673558991113485
5614	0.000537822192086122
5615	0.000467339267164216
5616	0.0004078347214649155
5617	0.00028246597170288257
5618	0.00018671744460490837
5619	0.00012668925161792634
5620	8.32159020128005e-05
5621	6.0650498459298316e-05
5622	4.331246087325863e-05
5623	3.555944537912474e-05
5624	5.219928658158954e-05
5625	5.5772230683623646e-05
5626	5.498751866121427e-05
5627	7.162735986367905e-05
5628	9.262485719058727e-05
5629	0.00011449206436051453
5630	0.00014071692765488513
5631	0.00026277531586783837
5632	0.0005268438128635161
5633	0.0006027286528487784
5634	0.0005226622236531916
5635	0.0005462734039638309
5636	0.0005759816600849513
5637	0.0005673558991113485
5638	0.000537822192086122
5639	0.000467339267164216
5640	0.0004078347214649155
5641	0.00028246597170288257
5642	0.00018671744460490837
5643	0.00012668925161792634
5644	8.32159020128005e-05
5645	6.0650498459298316e-05
5646	4.331246087325863e-05
5647	3.555944537912474e-05
5648	5.219928658158954e-05
5649	5.5772230683623646e-05
5650	5.498751866121427e-05
5651	7.162735986367905e-05
5652	9.262485719058727e-05
5653	0.00011449206436051453
5654	0.00014071692765488513
5655	0.00026277531586783837
5656	0.0005268438128635161
5657	0.0006027286528487784
5658	0.0005226622236531916
5659	0.0005462734039638309
5660	0.0005759816600849513
5661	0.0005673558991113485
5662	0.000537822192086122
5663	0.000467339267164216
5664	0.0004078347214649155
5665	0.00028246597170288257
5666	0.00018671744460490837
5667	0.00012668925161792634
5668	8.32159020128005e-05
5669	6.0650498459298316e-05
5670	4.331246087325863e-05
5671	3.555944537912474e-05
5672	5.219928658158954e-05
5673	5.5772230683623646e-05
5674	5.498751866121427e-05
5675	7.162735986367905e-05
5676	9.262485719058727e-05
5677	0.00011449206436051453
5678	0.00014071692765488513
5679	0.00026277531586783837
5680	0.0005268438128635161
5681	0.0006027286528487784
5682	0.0005226622236531916
5683	0.0005462734039638309
5684	0.0005759816600849513
5685	0.0005673558991113485
5686	0.000537822192086122
5687	0.000467339267164216
5688	0.0004078347214649155
5689	0.00028246597170288257
5690	0.00018671744460490837
5691	0.00012668925161792634
5692	8.32159020128005e-05
5693	6.0650498459298316e-05
5694	4.331246087325863e-05
5695	3.555944537912474e-05
5696	5.219928658158954e-05
5697	5.5772230683623646e-05
5698	5.498751866121427e-05
5699	7.162735986367905e-05
5700	9.262485719058727e-05
5701	0.00011449206436051453
5702	0.00014071692765488513
5703	0.00026277531586783837
5704	0.0005268438128635161
5705	0.0006027286528487784
5706	0.0005226622236531916
5707	0.0005462734039638309
5708	0.0005759816600849513
5709	0.0005673558991113485
5710	0.000537822192086122
5711	0.000467339267164216
5712	0.0004420036323959273
5713	0.0003246575352996634
5714	0.0002307806576226521
5715	0.00016558838145806122
5716	0.00012125763366613933
5717	8.73576500605521e-05
5718	6.388843064129894e-05
5719	4.954612988508914e-05
5720	4.5634593315213614e-05
5721	5.606535750154828e-05
5722	7.692688587421742e-05
5723	0.0001160422515729722
5724	0.00017210760907452035
5725	0.0002516421859953212
5726	0.0003403036815791653
5727	0.0004315728682095925
5728	0.0005098035996071019
5729	0.0005697804936785261
5730	0.0005854266399580278
5731	0.0005554381929223157
5732	0.00048503053466455727
5733	0.0003768113562313365
5734	0.00029727677931053523
5735	0.00028814986064749237
5736	0.00041025694550838313
5737	0.00028414360195874353
5738	0.00018782640237591992
5739	0.0001274416881692224
5740	8.371014035996779e-05
5741	6.101071569408579e-05
5742	4.356970352227125e-05
5743	3.577064108914253e-05
5744	5.2509310128764786e-05
5745	5.6103474766114844e-05
5746	5.531410215884636e-05
5747	7.20527711984686e-05
5748	9.317497748270933e-05
5749	0.00011517205901639904
5750	0.0001415526777947071
5751	0.00026433599879801807
5752	0.0005299728592234886
5753	0.0006063083966954355
5754	0.0005257664345948143
5755	0.0005495178471260886
5756	0.0005794025474008789
5757	0.0005707255560525095
5758	0.0005410164415607675
5759	0.000470114902365936
5760	0.0004078347214649155
5761	0.00028246597170288257
5762	0.00018671744460490837
5763	0.00012668925161792634
5764	8.32159020128005e-05
5765	6.0650498459298316e-05
5766	4.331246087325863e-05
5767	3.555944537912474e-05
5768	5.219928658158954e-05
5769	5.5772230683623646e-05
5770	5.498751866121427e-05
5771	7.162735986367905e-05
5772	9.262485719058727e-05
5773	0.00011449206436051453
5774	0.00014071692765488513
5775	0.00026277531586783837
5776	0.0005268438128635161
5777	0.0006027286528487784
5778	0.0005226622236531916
5779	0.0005462734039638309
5780	0.0005759816600849513
5781	0.0005673558991113485
5782	0.000537822192086122
5783	0.000467339267164216
5784	0.0004078347214649155
5785	0.00028246597170288257
5786	0.00018671744460490837
5787	0.00012668925161792634
5788	8.32159020128005e-05
5789	6.0650498459298316e-05
5790	4.331246087325863e-05
5791	3.555944537912474e-05
5792	5.219928658158954e-05
5793	5.5772230683623646e-05
5794	5.498751866121427e-05
5795	7.162735986367905e-05
5796	9.262485719058727e-05
5797	0.00011449206436051453
5798	0.00014071692765488513
5799	0.00026277531586783837
5800	0.0005268438128635161
5801	0.0006027286528487784
5802	0.0005226622236531916
5803	0.0005462734039638309
5804	0.0005759816600849513
5805	0.0005673558991113485
5806	0.000537822192086122
5807	0.000467339267164216
5808	0.0004078347214649155
5809	0.00028246597170288257
5810	0.00018671744460490837
5811	0.00012668925161792634
5812	8.32159020128005e-05
5813	6.0650498459298316e-05
5814	4.331246087325863e-05
5815	3.555944537912474e-05
5816	5.219928658158954e-05
5817	5.5772230683623646e-05
5818	5.498751866121427e-05
5819	7.162735986367905e-05
5820	9.262485719058727e-05
5821	0.00011449206436051453
5822	0.00014071692765488513
5823	0.00026277531586783837
5824	0.0005268438128635161
5825	0.0006027286528487784
5826	0.0005226622236531916
5827	0.0005462734039638309
5828	0.0005759816600849513
5829	0.0005673558991113485
5830	0.000537822192086122
5831	0.000467339267164216
5832	0.0004078347214649155
5833	0.00028246597170288257
5834	0.00018671744460490837
5835	0.00012668925161792634
5836	8.32159020128005e-05
5837	6.0650498459298316e-05
5838	4.331246087325863e-05
5839	3.555944537912474e-05
5840	5.219928658158954e-05
5841	5.5772230683623646e-05
5842	5.498751866121427e-05
5843	7.162735986367905e-05
5844	9.262485719058727e-05
5845	0.00011449206436051453
5846	0.00014071692765488513
5847	0.00026277531586783837
5848	0.0005268438128635161
5849	0.0006027286528487784
5850	0.0005226622236531916
5851	0.0005462734039638309
5852	0.0005759816600849513
5853	0.0005673558991113485
5854	0.000537822192086122
5855	0.000467339267164216
5856	0.0004078347214649155
5857	0.00028246597170288257
5858	0.00018671744460490837
5859	0.00012668925161792634
5860	8.32159020128005e-05
5861	6.0650498459298316e-05
5862	4.331246087325863e-05
5863	3.555944537912474e-05
5864	5.219928658158954e-05
5865	5.5772230683623646e-05
5866	5.498751866121427e-05
5867	7.162735986367905e-05
5868	9.262485719058727e-05
5869	0.00011449206436051453
5870	0.00014071692765488513
5871	0.00026277531586783837
5872	0.0005268438128635161
5873	0.0006027286528487784
5874	0.0005226622236531916
5875	0.0005462734039638309
5876	0.0005759816600849513
5877	0.0005673558991113485
5878	0.000537822192086122
5879	0.000467339267164216
5880	0.0004420036323959273
5881	0.0003246575352996634
5882	0.0002307806576226521
5883	0.00016558838145806122
5884	0.00012125763366613933
5885	8.73576500605521e-05
5886	6.388843064129894e-05
5887	4.954612988508914e-05
5888	4.5634593315213614e-05
5889	5.606535750154828e-05
5890	7.692688587421742e-05
5891	0.0001160422515729722
5892	0.00017210760907452035
5893	0.0002516421859953212
5894	0.0003403036815791653
5895	0.0004315728682095925
5896	0.0005098035996071019
5897	0.0005697804936785261
5898	0.0005854266399580278
5899	0.0005554381929223157
5900	0.00048503053466455727
5901	0.0003768113562313365
5902	0.00029727677931053523
5903	0.00028814986064749237
5904	0.00041025694550838313
5905	0.00028414360195874353
5906	0.00018782640237591992
5907	0.0001274416881692224
5908	8.371014035996779e-05
5909	6.101071569408579e-05
5910	4.356970352227125e-05
5911	3.577064108914253e-05
5912	5.2509310128764786e-05
5913	5.6103474766114844e-05
5914	5.531410215884636e-05
5915	7.20527711984686e-05
5916	9.317497748270933e-05
5917	0.00011517205901639904
5918	0.0001415526777947071
5919	0.00026433599879801807
5920	0.0005299728592234886
5921	0.0006063083966954355
5922	0.0005257664345948143
5923	0.0005495178471260886
5924	0.0005794025474008789
5925	0.0005707255560525095
5926	0.0005410164415607675
5927	0.000470114902365936
5928	0.0004078347214649155
5929	0.00028246597170288257
5930	0.00018671744460490837
5931	0.00012668925161792634
5932	8.32159020128005e-05
5933	6.0650498459298316e-05
5934	4.331246087325863e-05
5935	3.555944537912474e-05
5936	5.219928658158954e-05
5937	5.5772230683623646e-05
5938	5.498751866121427e-05
5939	7.162735986367905e-05
5940	9.262485719058727e-05
5941	0.00011449206436051453
5942	0.00014071692765488513
5943	0.00026277531586783837
5944	0.0005268438128635161
5945	0.0006027286528487784
5946	0.0005226622236531916
5947	0.0005462734039638309
5948	0.0005759816600849513
5949	0.0005673558991113485
5950	0.000537822192086122
5951	0.000467339267164216
5952	0.0004078347214649155
5953	0.00028246597170288257
5954	0.00018671744460490837
5955	0.00012668925161792634
5956	8.32159020128005e-05
5957	6.0650498459298316e-05
5958	4.331246087325863e-05
5959	3.555944537912474e-05
5960	5.219928658158954e-05
5961	5.5772230683623646e-05
5962	5.498751866121427e-05
5963	7.162735986367905e-05
5964	9.262485719058727e-05
5965	0.00011449206436051453
5966	0.00014071692765488513
5967	0.00026277531586783837
5968	0.0005268438128635161
5969	0.0006027286528487784
5970	0.0005226622236531916
5971	0.0005462734039638309
5972	0.0005759816600849513
5973	0.0005673558991113485
5974	0.000537822192086122
5975	0.000467339267164216
5976	0.0004078347214649155
5977	0.00028246597170288257
5978	0.00018671744460490837
5979	0.00012668925161792634
5980	8.32159020128005e-05
5981	6.0650498459298316e-05
5982	4.331246087325863e-05
5983	3.555944537912474e-05
5984	5.219928658158954e-05
5985	5.5772230683623646e-05
5986	5.498751866121427e-05
5987	7.162735986367905e-05
5988	9.262485719058727e-05
5989	0.00011449206436051453
5990	0.00014071692765488513
5991	0.00026277531586783837
5992	0.0005268438128635161
5993	0.0006027286528487784
5994	0.0005226622236531916
5995	0.0005462734039638309
5996	0.0005759816600849513
5997	0.0005673558991113485
5998	0.000537822192086122
5999	0.000467339267164216
6000	0.0004078347214649155
6001	0.00028246597170288257
6002	0.00018671744460490837
6003	0.00012668925161792634
6004	8.32159020128005e-05
6005	6.0650498459298316e-05
6006	4.331246087325863e-05
6007	3.555944537912474e-05
6008	5.219928658158954e-05
6009	5.5772230683623646e-05
6010	5.498751866121427e-05
6011	7.162735986367905e-05
6012	9.262485719058727e-05
6013	0.00011449206436051453
6014	0.00014071692765488513
6015	0.00026277531586783837
6016	0.0005268438128635161
6017	0.0006027286528487784
6018	0.0005226622236531916
6019	0.0005462734039638309
6020	0.0005759816600849513
6021	0.0005673558991113485
6022	0.000537822192086122
6023	0.000467339267164216
6024	0.0004078347214649155
6025	0.00028246597170288257
6026	0.00018671744460490837
6027	0.00012668925161792634
6028	8.32159020128005e-05
6029	6.0650498459298316e-05
6030	4.331246087325863e-05
6031	3.555944537912474e-05
6032	5.219928658158954e-05
6033	5.5772230683623646e-05
6034	5.498751866121427e-05
6035	7.162735986367905e-05
6036	9.262485719058727e-05
6037	0.00011449206436051453
6038	0.00014071692765488513
6039	0.00026277531586783837
6040	0.0005268438128635161
6041	0.0006027286528487784
6042	0.0005226622236531916
6043	0.0005462734039638309
6044	0.0005759816600849513
6045	0.0005673558991113485
6046	0.000537822192086122
6047	0.000467339267164216
6048	0.0004420036323959273
6049	0.0003246575352996634
6050	0.0002307806576226521
6051	0.00016558838145806122
6052	0.00012125763366613933
6053	8.73576500605521e-05
6054	6.388843064129894e-05
6055	4.954612988508914e-05
6056	4.5634593315213614e-05
6057	5.606535750154828e-05
6058	7.692688587421742e-05
6059	0.0001160422515729722
6060	0.00017210760907452035
6061	0.0002516421859953212
6062	0.0003403036815791653
6063	0.0004315728682095925
6064	0.0005098035996071019
6065	0.0005697804936785261
6066	0.0005854266399580278
6067	0.0005554381929223157
6068	0.00048503053466455727
6069	0.0003768113562313365
6070	0.00029727677931053523
6071	0.00028814986064749237
6072	0.00041025694550838313
6073	0.00028414360195874353
6074	0.00018782640237591992
6075	0.0001274416881692224
6076	8.371014035996779e-05
6077	6.101071569408579e-05
6078	4.356970352227125e-05
6079	3.577064108914253e-05
6080	5.2509310128764786e-05
6081	5.6103474766114844e-05
6082	5.531410215884636e-05
6083	7.20527711984686e-05
6084	9.317497748270933e-05
6085	0.00011517205901639904
6086	0.0001415526777947071
6087	0.00026433599879801807
6088	0.0005299728592234886
6089	0.0006063083966954355
6090	0.0005257664345948143
6091	0.0005495178471260886
6092	0.0005794025474008789
6093	0.0005707255560525095
6094	0.0005410164415607675
6095	0.000470114902365936
6096	0.0004078347214649155
6097	0.00028246597170288257
6098	0.00018671744460490837
6099	0.00012668925161792634
6100	8.32159020128005e-05
6101	6.0650498459298316e-05
6102	4.331246087325863e-05
6103	3.555944537912474e-05
6104	5.219928658158954e-05
6105	5.5772230683623646e-05
6106	5.498751866121427e-05
6107	7.162735986367905e-05
6108	9.262485719058727e-05
6109	0.00011449206436051453
6110	0.00014071692765488513
6111	0.00026277531586783837
6112	0.0005268438128635161
6113	0.0006027286528487784
6114	0.0005226622236531916
6115	0.0005462734039638309
6116	0.0005759816600849513
6117	0.0005673558991113485
6118	0.000537822192086122
6119	0.000467339267164216
6120	0.0004078347214649155
6121	0.00028246597170288257
6122	0.00018671744460490837
6123	0.00012668925161792634
6124	8.32159020128005e-05
6125	6.0650498459298316e-05
6126	4.331246087325863e-05
6127	3.555944537912474e-05
6128	5.219928658158954e-05
6129	5.5772230683623646e-05
6130	5.498751866121427e-05
6131	7.162735986367905e-05
6132	9.262485719058727e-05
6133	0.00011449206436051453
6134	0.00014071692765488513
6135	0.00026277531586783837
6136	0.0005268438128635161
6137	0.0006027286528487784
6138	0.0005226622236531916
6139	0.0005462734039638309
6140	0.0005759816600849513
6141	0.0005673558991113485
6142	0.000537822192086122
6143	0.000467339267164216
6144	0.0004078347214649155
6145	0.00028246597170288257
6146	0.00018671744460490837
6147	0.00012668925161792634
6148	8.32159020128005e-05
6149	6.0650498459298316e-05
6150	4.331246087325863e-05
6151	3.555944537912474e-05
6152	5.219928658158954e-05
6153	5.5772230683623646e-05
6154	5.498751866121427e-05
6155	7.162735986367905e-05
6156	9.262485719058727e-05
6157	0.00011449206436051453
6158	0.00014071692765488513
6159	0.00026277531586783837
6160	0.0005268438128635161
6161	0.0006027286528487784
6162	0.0005226622236531916
6163	0.0005462734039638309
6164	0.0005759816600849513
6165	0.0005673558991113485
6166	0.000537822192086122
6167	0.000467339267164216
6168	0.0004078347214649155
6169	0.00028246597170288257
6170	0.00018671744460490837
6171	0.00012668925161792634
6172	8.32159020128005e-05
6173	6.0650498459298316e-05
6174	4.331246087325863e-05
6175	3.555944537912474e-05
6176	5.219928658158954e-05
6177	5.5772230683623646e-05
6178	5.498751866121427e-05
6179	7.162735986367905e-05
6180	9.262485719058727e-05
6181	0.00011449206436051453
6182	0.00014071692765488513
6183	0.00026277531586783837
6184	0.0005268438128635161
6185	0.0006027286528487784
6186	0.0005226622236531916
6187	0.0005462734039638309
6188	0.0005759816600849513
6189	0.0005673558991113485
6190	0.000537822192086122
6191	0.000467339267164216
6192	0.0004078347214649155
6193	0.00028246597170288257
6194	0.00018671744460490837
6195	0.00012668925161792634
6196	8.32159020128005e-05
6197	6.0650498459298316e-05
6198	4.331246087325863e-05
6199	3.555944537912474e-05
6200	5.219928658158954e-05
6201	5.5772230683623646e-05
6202	5.498751866121427e-05
6203	7.162735986367905e-05
6204	9.262485719058727e-05
6205	0.00011449206436051453
6206	0.00014071692765488513
6207	0.00026277531586783837
6208	0.0005268438128635161
6209	0.0006027286528487784
6210	0.0005226622236531916
6211	0.0005462734039638309
6212	0.0005759816600849513
6213	0.0005673558991113485
6214	0.000537822192086122
6215	0.000467339267164216
6216	0.0004420036323959273
6217	0.0003246575352996634
6218	0.0002307806576226521
6219	0.00016558838145806122
6220	0.00012125763366613933
6221	8.73576500605521e-05
6222	6.388843064129894e-05
6223	4.954612988508914e-05
6224	4.5634593315213614e-05
6225	5.606535750154828e-05
6226	7.692688587421742e-05
6227	0.0001160422515729722
6228	0.00017210760907452035
6229	0.0002516421859953212
6230	0.0003403036815791653
6231	0.0004315728682095925
6232	0.0005098035996071019
6233	0.0005697804936785261
6234	0.0005854266399580278
6235	0.0005554381929223157
6236	0.00048503053466455727
6237	0.0003768113562313365
6238	0.00029727677931053523
6239	0.00028814986064749237
6240	0.00041025694550838313
6241	0.00028414360195874353
6242	0.00018782640237591992
6243	0.0001274416881692224
6244	8.371014035996779e-05
6245	6.101071569408579e-05
6246	4.356970352227125e-05
6247	3.577064108914253e-05
6248	5.2509310128764786e-05
6249	5.6103474766114844e-05
6250	5.531410215884636e-05
6251	7.20527711984686e-05
6252	9.317497748270933e-05
6253	0.00011517205901639904
6254	0.0001415526777947071
6255	0.00026433599879801807
6256	0.0005299728592234886
6257	0.0006063083966954355
6258	0.0005257664345948143
6259	0.0005495178471260886
6260	0.0005794025474008789
6261	0.0005707255560525095
6262	0.0005410164415607675
6263	0.000470114902365936
6264	0.0004078347214649155
6265	0.00028246597170288257
6266	0.00018671744460490837
6267	0.00012668925161792634
6268	8.32159020128005e-05
6269	6.0650498459298316e-05
6270	4.331246087325863e-05
6271	3.555944537912474e-05
6272	5.219928658158954e-05
6273	5.5772230683623646e-05
6274	5.498751866121427e-05
6275	7.162735986367905e-05
6276	9.262485719058727e-05
6277	0.00011449206436051453
6278	0.00014071692765488513
6279	0.00026277531586783837
6280	0.0005268438128635161
6281	0.0006027286528487784
6282	0.0005226622236531916
6283	0.0005462734039638309
6284	0.0005759816600849513
6285	0.0005673558991113485
6286	0.000537822192086122
6287	0.000467339267164216
6288	0.0004078347214649155
6289	0.00028246597170288257
6290	0.00018671744460490837
6291	0.00012668925161792634
6292	8.32159020128005e-05
6293	6.0650498459298316e-05
6294	4.331246087325863e-05
6295	3.555944537912474e-05
6296	5.219928658158954e-05
6297	5.5772230683623646e-05
6298	5.498751866121427e-05
6299	7.162735986367905e-05
6300	9.262485719058727e-05
6301	0.00011449206436051453
6302	0.00014071692765488513
6303	0.00026277531586783837
6304	0.0005268438128635161
6305	0.0006027286528487784
6306	0.0005226622236531916
6307	0.0005462734039638309
6308	0.0005759816600849513
6309	0.0005673558991113485
6310	0.000537822192086122
6311	0.000467339267164216
6312	0.0004078347214649155
6313	0.00028246597170288257
6314	0.00018671744460490837
6315	0.00012668925161792634
6316	8.32159020128005e-05
6317	6.0650498459298316e-05
6318	4.331246087325863e-05
6319	3.555944537912474e-05
6320	5.219928658158954e-05
6321	5.5772230683623646e-05
6322	5.498751866121427e-05
6323	7.162735986367905e-05
6324	9.262485719058727e-05
6325	0.00011449206436051453
6326	0.00014071692765488513
6327	0.00026277531586783837
6328	0.0005268438128635161
6329	0.0006027286528487784
6330	0.0005226622236531916
6331	0.0005462734039638309
6332	0.0005759816600849513
6333	0.0005673558991113485
6334	0.000537822192086122
6335	0.000467339267164216
6336	0.0004078347214649155
6337	0.00028246597170288257
6338	0.00018671744460490837
6339	0.00012668925161792634
6340	8.32159020128005e-05
6341	6.0650498459298316e-05
6342	4.331246087325863e-05
6343	3.555944537912474e-05
6344	5.219928658158954e-05
6345	5.5772230683623646e-05
6346	5.498751866121427e-05
6347	7.162735986367905e-05
6348	9.262485719058727e-05
6349	0.00011449206436051453
6350	0.00014071692765488513
6351	0.00026277531586783837
6352	0.0005268438128635161
6353	0.0006027286528487784
6354	0.0005226622236531916
6355	0.0005462734039638309
6356	0.0005759816600849513
6357	0.0005673558991113485
6358	0.000537822192086122
6359	0.000467339267164216
6360	0.0004078347214649155
6361	0.00028246597170288257
6362	0.00018671744460490837
6363	0.00012668925161792634
6364	8.32159020128005e-05
6365	6.0650498459298316e-05
6366	4.331246087325863e-05
6367	3.555944537912474e-05
6368	5.219928658158954e-05
6369	5.5772230683623646e-05
6370	5.498751866121427e-05
6371	7.162735986367905e-05
6372	9.262485719058727e-05
6373	0.00011449206436051453
6374	0.00014071692765488513
6375	0.00026277531586783837
6376	0.0005268438128635161
6377	0.0006027286528487784
6378	0.0005226622236531916
6379	0.0005462734039638309
6380	0.0005759816600849513
6381	0.0005673558991113485
6382	0.000537822192086122
6383	0.000467339267164216
6384	0.0004420036323959273
6385	0.0003246575352996634
6386	0.0002307806576226521
6387	0.00016558838145806122
6388	0.00012125763366613933
6389	8.73576500605521e-05
6390	6.388843064129894e-05
6391	4.954612988508914e-05
6392	4.5634593315213614e-05
6393	5.606535750154828e-05
6394	7.692688587421742e-05
6395	0.0001160422515729722
6396	0.00017210760907452035
6397	0.0002516421859953212
6398	0.0003403036815791653
6399	0.0004315728682095925
6400	0.0005098035996071019
6401	0.0005697804936785261
6402	0.0005854266399580278
6403	0.0005554381929223157
6404	0.00048503053466455727
6405	0.0003768113562313365
6406	0.00029727677931053523
6407	0.00028814986064749237
6408	0.00041025694550838313
6409	0.00028414360195874353
6410	0.00018782640237591992
6411	0.0001274416881692224
6412	8.371014035996779e-05
6413	6.101071569408579e-05
6414	4.356970352227125e-05
6415	3.577064108914253e-05
6416	5.2509310128764786e-05
6417	5.6103474766114844e-05
6418	5.531410215884636e-05
6419	7.20527711984686e-05
6420	9.317497748270933e-05
6421	0.00011517205901639904
6422	0.0001415526777947071
6423	0.00026433599879801807
6424	0.0005299728592234886
6425	0.0006063083966954355
6426	0.0005257664345948143
6427	0.0005495178471260886
6428	0.0005794025474008789
6429	0.0005707255560525095
6430	0.0005410164415607675
6431	0.000470114902365936
6432	0.0004078347214649155
6433	0.00028246597170288257
6434	0.00018671744460490837
6435	0.00012668925161792634
6436	8.32159020128005e-05
6437	6.0650498459298316e-05
6438	4.331246087325863e-05
6439	3.555944537912474e-05
6440	5.219928658158954e-05
6441	5.5772230683623646e-05
6442	5.498751866121427e-05
6443	7.162735986367905e-05
6444	9.262485719058727e-05
6445	0.00011449206436051453
6446	0.00014071692765488513
6447	0.00026277531586783837
6448	0.0005268438128635161
6449	0.0006027286528487784
6450	0.0005226622236531916
6451	0.0005462734039638309
6452	0.0005759816600849513
6453	0.0005673558991113485
6454	0.000537822192086122
6455	0.000467339267164216
6456	0.0004078347214649155
6457	0.00028246597170288257
6458	0.00018671744460490837
6459	0.00012668925161792634
6460	8.32159020128005e-05
6461	6.0650498459298316e-05
6462	4.331246087325863e-05
6463	3.555944537912474e-05
6464	5.219928658158954e-05
6465	5.5772230683623646e-05
6466	5.498751866121427e-05
6467	7.162735986367905e-05
6468	9.262485719058727e-05
6469	0.00011449206436051453
6470	0.00014071692765488513
6471	0.00026277531586783837
6472	0.0005268438128635161
6473	0.0006027286528487784
6474	0.0005226622236531916
6475	0.0005462734039638309
6476	0.0005759816600849513
6477	0.0005673558991113485
6478	0.000537822192086122
6479	0.000467339267164216
6480	0.0004078347214649155
6481	0.00028246597170288257
6482	0.00018671744460490837
6483	0.00012668925161792634
6484	8.32159020128005e-05
6485	6.0650498459298316e-05
6486	4.331246087325863e-05
6487	3.555944537912474e-05
6488	5.219928658158954e-05
6489	5.5772230683623646e-05
6490	5.498751866121427e-05
6491	7.162735986367905e-05
6492	9.262485719058727e-05
6493	0.00011449206436051453
6494	0.00014071692765488513
6495	0.00026277531586783837
6496	0.0005268438128635161
6497	0.0006027286528487784
6498	0.0005226622236531916
6499	0.0005462734039638309
6500	0.0005759816600849513
6501	0.0005673558991113485
6502	0.000537822192086122
6503	0.000467339267164216
6504	0.0004078347214649155
6505	0.00028246597170288257
6506	0.00018671744460490837
6507	0.00012668925161792634
6508	8.32159020128005e-05
6509	6.0650498459298316e-05
6510	4.331246087325863e-05
6511	3.555944537912474e-05
6512	5.219928658158954e-05
6513	5.5772230683623646e-05
6514	5.498751866121427e-05
6515	7.162735986367905e-05
6516	9.262485719058727e-05
6517	0.00011449206436051453
6518	0.00014071692765488513
6519	0.00026277531586783837
6520	0.0005268438128635161
6521	0.0006027286528487784
6522	0.0005226622236531916
6523	0.0005462734039638309
6524	0.0005759816600849513
6525	0.0005673558991113485
6526	0.000537822192086122
6527	0.000467339267164216
6528	0.0004078347214649155
6529	0.00028246597170288257
6530	0.00018671744460490837
6531	0.00012668925161792634
6532	8.32159020128005e-05
6533	6.0650498459298316e-05
6534	4.331246087325863e-05
6535	3.555944537912474e-05
6536	5.219928658158954e-05
6537	5.5772230683623646e-05
6538	5.498751866121427e-05
6539	7.162735986367905e-05
6540	9.262485719058727e-05
6541	0.00011449206436051453
6542	0.00014071692765488513
6543	0.00026277531586783837
6544	0.0005268438128635161
6545	0.0006027286528487784
6546	0.0005226622236531916
6547	0.0005462734039638309
6548	0.0005759816600849513
6549	0.0005673558991113485
6550	0.000537822192086122
6551	0.000467339267164216
6552	0.0004420036323959273
6553	0.0003246575352996634
6554	0.0002307806576226521
6555	0.00016558838145806122
6556	0.00012125763366613933
6557	8.73576500605521e-05
6558	6.388843064129894e-05
6559	4.954612988508914e-05
6560	4.5634593315213614e-05
6561	5.606535750154828e-05
6562	7.692688587421742e-05
6563	0.0001160422515729722
6564	0.00017210760907452035
6565	0.0002516421859953212
6566	0.0003403036815791653
6567	0.0004315728682095925
6568	0.0005098035996071019
6569	0.0005697804936785261
6570	0.0005854266399580278
6571	0.0005554381929223157
6572	0.00048503053466455727
6573	0.0003768113562313365
6574	0.00029727677931053523
6575	0.00028814986064749237
6576	0.00041025694550838313
6577	0.00028414360195874353
6578	0.00018782640237591992
6579	0.0001274416881692224
6580	8.371014035996779e-05
6581	6.101071569408579e-05
6582	4.356970352227125e-05
6583	3.577064108914253e-05
6584	5.2509310128764786e-05
6585	5.6103474766114844e-05
6586	5.531410215884636e-05
6587	7.20527711984686e-05
6588	9.317497748270933e-05
6589	0.00011517205901639904
6590	0.0001415526777947071
6591	0.00026433599879801807
6592	0.0005299728592234886
6593	0.0006063083966954355
6594	0.0005257664345948143
6595	0.0005495178471260886
6596	0.0005794025474008789
6597	0.0005707255560525095
6598	0.0005410164415607675
6599	0.000470114902365936
6600	0.0004078347214649155
6601	0.00028246597170288257
6602	0.00018671744460490837
6603	0.00012668925161792634
6604	8.32159020128005e-05
6605	6.0650498459298316e-05
6606	4.331246087325863e-05
6607	3.555944537912474e-05
6608	5.219928658158954e-05
6609	5.5772230683623646e-05
6610	5.498751866121427e-05
6611	7.162735986367905e-05
6612	9.262485719058727e-05
6613	0.00011449206436051453
6614	0.00014071692765488513
6615	0.00026277531586783837
6616	0.0005268438128635161
6617	0.0006027286528487784
6618	0.0005226622236531916
6619	0.0005462734039638309
6620	0.0005759816600849513
6621	0.0005673558991113485
6622	0.000537822192086122
6623	0.000467339267164216
6624	0.0004078347214649155
6625	0.00028246597170288257
6626	0.00018671744460490837
6627	0.00012668925161792634
6628	8.32159020128005e-05
6629	6.0650498459298316e-05
6630	4.331246087325863e-05
6631	3.555944537912474e-05
6632	5.219928658158954e-05
6633	5.5772230683623646e-05
6634	5.498751866121427e-05
6635	7.162735986367905e-05
6636	9.262485719058727e-05
6637	0.00011449206436051453
6638	0.00014071692765488513
6639	0.00026277531586783837
6640	0.0005268438128635161
6641	0.0006027286528487784
6642	0.0005226622236531916
6643	0.0005462734039638309
6644	0.0005759816600849513
6645	0.0005673558991113485
6646	0.000537822192086122
6647	0.000467339267164216
6648	0.0004078347214649155
6649	0.00028246597170288257
6650	0.00018671744460490837
6651	0.00012668925161792634
6652	8.32159020128005e-05
6653	6.0650498459298316e-05
6654	4.331246087325863e-05
6655	3.555944537912474e-05
6656	5.219928658158954e-05
6657	5.5772230683623646e-05
6658	5.498751866121427e-05
6659	7.162735986367905e-05
6660	9.262485719058727e-05
6661	0.00011449206436051453
6662	0.00014071692765488513
6663	0.00026277531586783837
6664	0.0005268438128635161
6665	0.0006027286528487784
6666	0.0005226622236531916
6667	0.0005462734039638309
6668	0.0005759816600849513
6669	0.0005673558991113485
6670	0.000537822192086122
6671	0.000467339267164216
6672	0.0004078347214649155
6673	0.00028246597170288257
6674	0.00018671744460490837
6675	0.00012668925161792634
6676	8.32159020128005e-05
6677	6.0650498459298316e-05
6678	4.331246087325863e-05
6679	3.555944537912474e-05
6680	5.219928658158954e-05
6681	5.5772230683623646e-05
6682	5.498751866121427e-05
6683	7.162735986367905e-05
6684	9.262485719058727e-05
6685	0.00011449206436051453
6686	0.00014071692765488513
6687	0.00026277531586783837
6688	0.0005268438128635161
6689	0.0006027286528487784
6690	0.0005226622236531916
6691	0.0005462734039638309
6692	0.0005759816600849513
6693	0.0005673558991113485
6694	0.000537822192086122
6695	0.000467339267164216
6696	0.0004078347214649155
6697	0.00028246597170288257
6698	0.00018671744460490837
6699	0.00012668925161792634
6700	8.32159020128005e-05
6701	6.0650498459298316e-05
6702	4.331246087325863e-05
6703	3.555944537912474e-05
6704	5.219928658158954e-05
6705	5.5772230683623646e-05
6706	5.498751866121427e-05
6707	7.162735986367905e-05
6708	9.262485719058727e-05
6709	0.00011449206436051453
6710	0.00014071692765488513
6711	0.00026277531586783837
6712	0.0005268438128635161
6713	0.0006027286528487784
6714	0.0005226622236531916
6715	0.0005462734039638309
6716	0.0005759816600849513
6717	0.0005673558991113485
6718	0.000537822192086122
6719	0.000467339267164216
6720	0.0004420036323959273
6721	0.0003246575352996634
6722	0.0002307806576226521
6723	0.00016558838145806122
6724	0.00012125763366613933
6725	8.73576500605521e-05
6726	6.388843064129894e-05
6727	4.954612988508914e-05
6728	4.5634593315213614e-05
6729	5.606535750154828e-05
6730	7.692688587421742e-05
6731	0.0001160422515729722
6732	0.00017210760907452035
6733	0.0002516421859953212
6734	0.0003403036815791653
6735	0.0004315728682095925
6736	0.0005098035996071019
6737	0.0005697804936785261
6738	0.0005854266399580278
6739	0.0005554381929223157
6740	0.00048503053466455727
6741	0.0003768113562313365
6742	0.00029727677931053523
6743	0.00028814986064749237
6744	0.00041025694550838313
6745	0.00028414360195874353
6746	0.00018782640237591992
6747	0.0001274416881692224
6748	8.371014035996779e-05
6749	6.101071569408579e-05
6750	4.356970352227125e-05
6751	3.577064108914253e-05
6752	5.2509310128764786e-05
6753	5.6103474766114844e-05
6754	5.531410215884636e-05
6755	7.20527711984686e-05
6756	9.317497748270933e-05
6757	0.00011517205901639904
6758	0.0001415526777947071
6759	0.00026433599879801807
6760	0.0005299728592234886
6761	0.0006063083966954355
6762	0.0005257664345948143
6763	0.0005495178471260886
6764	0.0005794025474008789
6765	0.0005707255560525095
6766	0.0005410164415607675
6767	0.000470114902365936
6768	0.0004078347214649155
6769	0.00028246597170288257
6770	0.00018671744460490837
6771	0.00012668925161792634
6772	8.32159020128005e-05
6773	6.0650498459298316e-05
6774	4.331246087325863e-05
6775	3.555944537912474e-05
6776	5.219928658158954e-05
6777	5.5772230683623646e-05
6778	5.498751866121427e-05
6779	7.162735986367905e-05
6780	9.262485719058727e-05
6781	0.00011449206436051453
6782	0.00014071692765488513
6783	0.00026277531586783837
6784	0.0005268438128635161
6785	0.0006027286528487784
6786	0.0005226622236531916
6787	0.0005462734039638309
6788	0.0005759816600849513
6789	0.0005673558991113485
6790	0.000537822192086122
6791	0.000467339267164216
6792	0.0004078347214649155
6793	0.00028246597170288257
6794	0.00018671744460490837
6795	0.00012668925161792634
6796	8.32159020128005e-05
6797	6.0650498459298316e-05
6798	4.331246087325863e-05
6799	3.555944537912474e-05
6800	5.219928658158954e-05
6801	5.5772230683623646e-05
6802	5.498751866121427e-05
6803	7.162735986367905e-05
6804	9.262485719058727e-05
6805	0.00011449206436051453
6806	0.00014071692765488513
6807	0.00026277531586783837
6808	0.0005268438128635161
6809	0.0006027286528487784
6810	0.0005226622236531916
6811	0.0005462734039638309
6812	0.0005759816600849513
6813	0.0005673558991113485
6814	0.000537822192086122
6815	0.000467339267164216
6816	0.0004078347214649155
6817	0.00028246597170288257
6818	0.00018671744460490837
6819	0.00012668925161792634
6820	8.32159020128005e-05
6821	6.0650498459298316e-05
6822	4.331246087325863e-05
6823	3.555944537912474e-05
6824	5.219928658158954e-05
6825	5.5772230683623646e-05
6826	5.498751866121427e-05
6827	7.162735986367905e-05
6828	9.262485719058727e-05
6829	0.00011449206436051453
6830	0.00014071692765488513
6831	0.00026277531586783837
6832	0.0005268438128635161
6833	0.0006027286528487784
6834	0.0005226622236531916
6835	0.0005462734039638309
6836	0.0005759816600849513
6837	0.0005673558991113485
6838	0.000537822192086122
6839	0.000467339267164216
6840	0.0004078347214649155
6841	0.00028246597170288257
6842	0.00018671744460490837
6843	0.00012668925161792634
6844	8.32159020128005e-05
6845	6.0650498459298316e-05
6846	4.331246087325863e-05
6847	3.555944537912474e-05
6848	5.219928658158954e-05
6849	5.5772230683623646e-05
6850	5.498751866121427e-05
6851	7.162735986367905e-05
6852	9.262485719058727e-05
6853	0.00011449206436051453
6854	0.00014071692765488513
6855	0.00026277531586783837
6856	0.0005268438128635161
6857	0.0006027286528487784
6858	0.0005226622236531916
6859	0.0005462734039638309
6860	0.0005759816600849513
6861	0.0005673558991113485
6862	0.000537822192086122
6863	0.000467339267164216
6864	0.0004078347214649155
6865	0.00028246597170288257
6866	0.00018671744460490837
6867	0.00012668925161792634
6868	8.32159020128005e-05
6869	6.0650498459298316e-05
6870	4.331246087325863e-05
6871	3.555944537912474e-05
6872	5.219928658158954e-05
6873	5.5772230683623646e-05
6874	5.498751866121427e-05
6875	7.162735986367905e-05
6876	9.262485719058727e-05
6877	0.00011449206436051453
6878	0.00014071692765488513
6879	0.00026277531586783837
6880	0.0005268438128635161
6881	0.0006027286528487784
6882	0.0005226622236531916
6883	0.0005462734039638309
6884	0.0005759816600849513
6885	0.0005673558991113485
6886	0.000537822192086122
6887	0.000467339267164216
6888	0.0004420036323959273
6889	0.0003246575352996634
6890	0.0002307806576226521
6891	0.00016558838145806122
6892	0.00012125763366613933
6893	8.73576500605521e-05
6894	6.388843064129894e-05
6895	4.954612988508914e-05
6896	4.5634593315213614e-05
6897	5.606535750154828e-05
6898	7.692688587421742e-05
6899	0.0001160422515729722
6900	0.00017210760907452035
6901	0.0002516421859953212
6902	0.0003403036815791653
6903	0.0004315728682095925
6904	0.0005098035996071019
6905	0.0005697804936785261
6906	0.0005854266399580278
6907	0.0005554381929223157
6908	0.00048503053466455727
6909	0.0003768113562313365
6910	0.00029727677931053523
6911	0.00028814986064749237
6912	0.00041025694550838313
6913	0.00028414360195874353
6914	0.00018782640237591992
6915	0.0001274416881692224
6916	8.371014035996779e-05
6917	6.101071569408579e-05
6918	4.356970352227125e-05
6919	3.577064108914253e-05
6920	5.2509310128764786e-05
6921	5.6103474766114844e-05
6922	5.531410215884636e-05
6923	7.20527711984686e-05
6924	9.317497748270933e-05
6925	0.00011517205901639904
6926	0.0001415526777947071
6927	0.00026433599879801807
6928	0.0005299728592234886
6929	0.0006063083966954355
6930	0.0005257664345948143
6931	0.0005495178471260886
6932	0.0005794025474008789
6933	0.0005707255560525095
6934	0.0005410164415607675
6935	0.000470114902365936
6936	0.0004078347214649155
6937	0.00028246597170288257
6938	0.00018671744460490837
6939	0.00012668925161792634
6940	8.32159020128005e-05
6941	6.0650498459298316e-05
6942	4.331246087325863e-05
6943	3.555944537912474e-05
6944	5.219928658158954e-05
6945	5.5772230683623646e-05
6946	5.498751866121427e-05
6947	7.162735986367905e-05
6948	9.262485719058727e-05
6949	0.00011449206436051453
6950	0.00014071692765488513
6951	0.00026277531586783837
6952	0.0005268438128635161
6953	0.0006027286528487784
6954	0.0005226622236531916
6955	0.0005462734039638309
6956	0.0005759816600849513
6957	0.0005673558991113485
6958	0.000537822192086122
6959	0.000467339267164216
6960	0.0004078347214649155
6961	0.00028246597170288257
6962	0.00018671744460490837
6963	0.00012668925161792634
6964	8.32159020128005e-05
6965	6.0650498459298316e-05
6966	4.331246087325863e-05
6967	3.555944537912474e-05
6968	5.219928658158954e-05
6969	5.5772230683623646e-05
6970	5.498751866121427e-05
6971	7.162735986367905e-05
6972	9.262485719058727e-05
6973	0.00011449206436051453
6974	0.00014071692765488513
6975	0.00026277531586783837
6976	0.0005268438128635161
6977	0.0006027286528487784
6978	0.0005226622236531916
6979	0.0005462734039638309
6980	0.0005759816600849513
6981	0.0005673558991113485
6982	0.000537822192086122
6983	0.000467339267164216
6984	0.0004078347214649155
6985	0.00028246597170288257
6986	0.00018671744460490837
6987	0.00012668925161792634
6988	8.32159020128005e-05
6989	6.0650498459298316e-05
6990	4.331246087325863e-05
6991	3.555944537912474e-05
6992	5.219928658158954e-05
6993	5.5772230683623646e-05
6994	5.498751866121427e-05
6995	7.162735986367905e-05
6996	9.262485719058727e-05
6997	0.00011449206436051453
6998	0.00014071692765488513
6999	0.00026277531586783837
7000	0.0005268438128635161
7001	0.0006027286528487784
7002	0.0005226622236531916
7003	0.0005462734039638309
7004	0.0005759816600849513
7005	0.0005673558991113485
7006	0.000537822192086122
7007	0.000467339267164216
7008	0.0004078347214649155
7009	0.00028246597170288257
7010	0.00018671744460490837
7011	0.00012668925161792634
7012	8.32159020128005e-05
7013	6.0650498459298316e-05
7014	4.331246087325863e-05
7015	3.555944537912474e-05
7016	5.219928658158954e-05
7017	5.5772230683623646e-05
7018	5.498751866121427e-05
7019	7.162735986367905e-05
7020	9.262485719058727e-05
7021	0.00011449206436051453
7022	0.00014071692765488513
7023	0.00026277531586783837
7024	0.0005268438128635161
7025	0.0006027286528487784
7026	0.0005226622236531916
7027	0.0005462734039638309
7028	0.0005759816600849513
7029	0.0005673558991113485
7030	0.000537822192086122
7031	0.000467339267164216
7032	0.0004078347214649155
7033	0.00028246597170288257
7034	0.00018671744460490837
7035	0.00012668925161792634
7036	8.32159020128005e-05
7037	6.0650498459298316e-05
7038	4.331246087325863e-05
7039	3.555944537912474e-05
7040	5.219928658158954e-05
7041	5.5772230683623646e-05
7042	5.498751866121427e-05
7043	7.162735986367905e-05
7044	9.262485719058727e-05
7045	0.00011449206436051453
7046	0.00014071692765488513
7047	0.00026277531586783837
7048	0.0005268438128635161
7049	0.0006027286528487784
7050	0.0005226622236531916
7051	0.0005462734039638309
7052	0.0005759816600849513
7053	0.0005673558991113485
7054	0.000537822192086122
7055	0.000467339267164216
7056	0.0004420036323959273
7057	0.0003246575352996634
7058	0.0002307806576226521
7059	0.00016558838145806122
7060	0.00012125763366613933
7061	8.73576500605521e-05
7062	6.388843064129894e-05
7063	4.954612988508914e-05
7064	4.5634593315213614e-05
7065	5.606535750154828e-05
7066	7.692688587421742e-05
7067	0.0001160422515729722
7068	0.00017210760907452035
7069	0.0002516421859953212
7070	0.0003403036815791653
7071	0.0004315728682095925
7072	0.0005098035996071019
7073	0.0005697804936785261
7074	0.0005854266399580278
7075	0.0005554381929223157
7076	0.00048503053466455727
7077	0.0003768113562313365
7078	0.00029727677931053523
7079	0.00028814986064749237
7080	0.00041025694550838313
7081	0.00028414360195874353
7082	0.00018782640237591992
7083	0.0001274416881692224
7084	8.371014035996779e-05
7085	6.101071569408579e-05
7086	4.356970352227125e-05
7087	3.577064108914253e-05
7088	5.2509310128764786e-05
7089	5.6103474766114844e-05
7090	5.531410215884636e-05
7091	7.20527711984686e-05
7092	9.317497748270933e-05
7093	0.00011517205901639904
7094	0.0001415526777947071
7095	0.00026433599879801807
7096	0.0005299728592234886
7097	0.0006063083966954355
7098	0.0005257664345948143
7099	0.0005495178471260886
7100	0.0005794025474008789
7101	0.0005707255560525095
7102	0.0005410164415607675
7103	0.000470114902365936
7104	0.0004078347214649155
7105	0.00028246597170288257
7106	0.00018671744460490837
7107	0.00012668925161792634
7108	8.32159020128005e-05
7109	6.0650498459298316e-05
7110	4.331246087325863e-05
7111	3.555944537912474e-05
7112	5.219928658158954e-05
7113	5.5772230683623646e-05
7114	5.498751866121427e-05
7115	7.162735986367905e-05
7116	9.262485719058727e-05
7117	0.00011449206436051453
7118	0.00014071692765488513
7119	0.00026277531586783837
7120	0.0005268438128635161
7121	0.0006027286528487784
7122	0.0005226622236531916
7123	0.0005462734039638309
7124	0.0005759816600849513
7125	0.0005673558991113485
7126	0.000537822192086122
7127	0.000467339267164216
7128	0.0004078347214649155
7129	0.00028246597170288257
7130	0.00018671744460490837
7131	0.00012668925161792634
7132	8.32159020128005e-05
7133	6.0650498459298316e-05
7134	4.331246087325863e-05
7135	3.555944537912474e-05
7136	5.219928658158954e-05
7137	5.5772230683623646e-05
7138	5.498751866121427e-05
7139	7.162735986367905e-05
7140	9.262485719058727e-05
7141	0.00011449206436051453
7142	0.00014071692765488513
7143	0.00026277531586783837
7144	0.0005268438128635161
7145	0.0006027286528487784
7146	0.0005226622236531916
7147	0.0005462734039638309
7148	0.0005759816600849513
7149	0.0005673558991113485
7150	0.000537822192086122
7151	0.000467339267164216
7152	0.0004078347214649155
7153	0.00028246597170288257
7154	0.00018671744460490837
7155	0.00012668925161792634
7156	8.32159020128005e-05
7157	6.0650498459298316e-05
7158	4.331246087325863e-05
7159	3.555944537912474e-05
7160	5.219928658158954e-05
7161	5.5772230683623646e-05
7162	5.498751866121427e-05
7163	7.162735986367905e-05
7164	9.262485719058727e-05
7165	0.00011449206436051453
7166	0.00014071692765488513
7167	0.00026277531586783837
7168	0.0005268438128635161
7169	0.0006027286528487784
7170	0.0005226622236531916
7171	0.0005462734039638309
7172	0.0005759816600849513
7173	0.0005673558991113485
7174	0.000537822192086122
7175	0.000467339267164216
7176	0.0004078347214649155
7177	0.00028246597170288257
7178	0.00018671744460490837
7179	0.00012668925161792634
7180	8.32159020128005e-05
7181	6.0650498459298316e-05
7182	4.331246087325863e-05
7183	3.555944537912474e-05
7184	5.219928658158954e-05
7185	5.5772230683623646e-05
7186	5.498751866121427e-05
7187	7.162735986367905e-05
7188	9.262485719058727e-05
7189	0.00011449206436051453
7190	0.00014071692765488513
7191	0.00026277531586783837
7192	0.0005268438128635161
7193	0.0006027286528487784
7194	0.0005226622236531916
7195	0.0005462734039638309
7196	0.0005759816600849513
7197	0.0005673558991113485
7198	0.000537822192086122
7199	0.000467339267164216
7200	0.0004078347214649155
7201	0.00028246597170288257
7202	0.00018671744460490837
7203	0.00012668925161792634
7204	8.32159020128005e-05
7205	6.0650498459298316e-05
7206	4.331246087325863e-05
7207	3.555944537912474e-05
7208	5.219928658158954e-05
7209	5.5772230683623646e-05
7210	5.498751866121427e-05
7211	7.162735986367905e-05
7212	9.262485719058727e-05
7213	0.00011449206436051453
7214	0.00014071692765488513
7215	0.00026277531586783837
7216	0.0005268438128635161
7217	0.0006027286528487784
7218	0.0005226622236531916
7219	0.0005462734039638309
7220	0.0005759816600849513
7221	0.0005673558991113485
7222	0.000537822192086122
7223	0.000467339267164216
7224	0.0004420036323959273
7225	0.0003246575352996634
7226	0.0002307806576226521
7227	0.00016558838145806122
7228	0.00012125763366613933
7229	8.73576500605521e-05
7230	6.388843064129894e-05
7231	4.954612988508914e-05
7232	4.5634593315213614e-05
7233	5.606535750154828e-05
7234	7.692688587421742e-05
7235	0.0001160422515729722
7236	0.00017210760907452035
7237	0.0002516421859953212
7238	0.0003403036815791653
7239	0.0004315728682095925
7240	0.0005098035996071019
7241	0.0005697804936785261
7242	0.0005854266399580278
7243	0.0005554381929223157
7244	0.00048503053466455727
7245	0.0003768113562313365
7246	0.00029727677931053523
7247	0.00028814986064749237
7248	0.00041025694550838313
7249	0.00028414360195874353
7250	0.00018782640237591992
7251	0.0001274416881692224
7252	8.371014035996779e-05
7253	6.101071569408579e-05
7254	4.356970352227125e-05
7255	3.577064108914253e-05
7256	5.2509310128764786e-05
7257	5.6103474766114844e-05
7258	5.531410215884636e-05
7259	7.20527711984686e-05
7260	9.317497748270933e-05
7261	0.00011517205901639904
7262	0.0001415526777947071
7263	0.00026433599879801807
7264	0.0005299728592234886
7265	0.0006063083966954355
7266	0.0005257664345948143
7267	0.0005495178471260886
7268	0.0005794025474008789
7269	0.0005707255560525095
7270	0.0005410164415607675
7271	0.000470114902365936
7272	0.0004078347214649155
7273	0.00028246597170288257
7274	0.00018671744460490837
7275	0.00012668925161792634
7276	8.32159020128005e-05
7277	6.0650498459298316e-05
7278	4.331246087325863e-05
7279	3.555944537912474e-05
7280	5.219928658158954e-05
7281	5.5772230683623646e-05
7282	5.498751866121427e-05
7283	7.162735986367905e-05
7284	9.262485719058727e-05
7285	0.00011449206436051453
7286	0.00014071692765488513
7287	0.00026277531586783837
7288	0.0005268438128635161
7289	0.0006027286528487784
7290	0.0005226622236531916
7291	0.0005462734039638309
7292	0.0005759816600849513
7293	0.0005673558991113485
7294	0.000537822192086122
7295	0.000467339267164216
7296	0.0004078347214649155
7297	0.00028246597170288257
7298	0.00018671744460490837
7299	0.00012668925161792634
7300	8.32159020128005e-05
7301	6.0650498459298316e-05
7302	4.331246087325863e-05
7303	3.555944537912474e-05
7304	5.219928658158954e-05
7305	5.5772230683623646e-05
7306	5.498751866121427e-05
7307	7.162735986367905e-05
7308	9.262485719058727e-05
7309	0.00011449206436051453
7310	0.00014071692765488513
7311	0.00026277531586783837
7312	0.0005268438128635161
7313	0.0006027286528487784
7314	0.0005226622236531916
7315	0.0005462734039638309
7316	0.0005759816600849513
7317	0.0005673558991113485
7318	0.000537822192086122
7319	0.000467339267164216
7320	0.0004078347214649155
7321	0.00028246597170288257
7322	0.00018671744460490837
7323	0.00012668925161792634
7324	8.32159020128005e-05
7325	6.0650498459298316e-05
7326	4.331246087325863e-05
7327	3.555944537912474e-05
7328	5.219928658158954e-05
7329	5.5772230683623646e-05
7330	5.498751866121427e-05
7331	7.162735986367905e-05
7332	9.262485719058727e-05
7333	0.00011449206436051453
7334	0.00014071692765488513
7335	0.00026277531586783837
7336	0.0005268438128635161
7337	0.0006027286528487784
7338	0.0005226622236531916
7339	0.0005462734039638309
7340	0.0005759816600849513
7341	0.0005673558991113485
7342	0.000537822192086122
7343	0.000467339267164216
7344	0.0004078347214649155
7345	0.00028246597170288257
7346	0.00018671744460490837
7347	0.00012668925161792634
7348	8.32159020128005e-05
7349	6.0650498459298316e-05
7350	4.331246087325863e-05
7351	3.555944537912474e-05
7352	5.219928658158954e-05
7353	5.5772230683623646e-05
7354	5.498751866121427e-05
7355	7.162735986367905e-05
7356	9.262485719058727e-05
7357	0.00011449206436051453
7358	0.00014071692765488513
7359	0.00026277531586783837
7360	0.0005268438128635161
7361	0.0006027286528487784
7362	0.0005226622236531916
7363	0.0005462734039638309
7364	0.0005759816600849513
7365	0.0005673558991113485
7366	0.000537822192086122
7367	0.000467339267164216
7368	0.0004078347214649155
7369	0.00028246597170288257
7370	0.00018671744460490837
7371	0.00012668925161792634
7372	8.32159020128005e-05
7373	6.0650498459298316e-05
7374	4.331246087325863e-05
7375	3.555944537912474e-05
7376	5.219928658158954e-05
7377	5.5772230683623646e-05
7378	5.498751866121427e-05
7379	7.162735986367905e-05
7380	9.262485719058727e-05
7381	0.00011449206436051453
7382	0.00014071692765488513
7383	0.00026277531586783837
7384	0.0005268438128635161
7385	0.0006027286528487784
7386	0.0005226622236531916
7387	0.0005462734039638309
7388	0.0005759816600849513
7389	0.0005673558991113485
7390	0.000537822192086122
7391	0.000467339267164216
7392	0.0004420036323959273
7393	0.0003246575352996634
7394	0.0002307806576226521
7395	0.00016558838145806122
7396	0.00012125763366613933
7397	8.73576500605521e-05
7398	6.388843064129894e-05
7399	4.954612988508914e-05
7400	4.5634593315213614e-05
7401	5.606535750154828e-05
7402	7.692688587421742e-05
7403	0.0001160422515729722
7404	0.00017210760907452035
7405	0.0002516421859953212
7406	0.0003403036815791653
7407	0.0004315728682095925
7408	0.0005098035996071019
7409	0.0005697804936785261
7410	0.0005854266399580278
7411	0.0005554381929223157
7412	0.00048503053466455727
7413	0.0003768113562313365
7414	0.00029727677931053523
7415	0.00028814986064749237
7416	0.00041025694550838313
7417	0.00028414360195874353
7418	0.00018782640237591992
7419	0.0001274416881692224
7420	8.371014035996779e-05
7421	6.101071569408579e-05
7422	4.356970352227125e-05
7423	3.577064108914253e-05
7424	5.2509310128764786e-05
7425	5.6103474766114844e-05
7426	5.531410215884636e-05
7427	7.20527711984686e-05
7428	9.317497748270933e-05
7429	0.00011517205901639904
7430	0.0001415526777947071
7431	0.00026433599879801807
7432	0.0005299728592234886
7433	0.0006063083966954355
7434	0.0005257664345948143
7435	0.0005495178471260886
7436	0.0005794025474008789
7437	0.0005707255560525095
7438	0.0005410164415607675
7439	0.000470114902365936
7440	0.0004078347214649155
7441	0.00028246597170288257
7442	0.00018671744460490837
7443	0.00012668925161792634
7444	8.32159020128005e-05
7445	6.0650498459298316e-05
7446	4.331246087325863e-05
7447	3.555944537912474e-05
7448	5.219928658158954e-05
7449	5.5772230683623646e-05
7450	5.498751866121427e-05
7451	7.162735986367905e-05
7452	9.262485719058727e-05
7453	0.00011449206436051453
7454	0.00014071692765488513
7455	0.00026277531586783837
7456	0.0005268438128635161
7457	0.0006027286528487784
7458	0.0005226622236531916
7459	0.0005462734039638309
7460	0.0005759816600849513
7461	0.0005673558991113485
7462	0.000537822192086122
7463	0.000467339267164216
7464	0.0004078347214649155
7465	0.00028246597170288257
7466	0.00018671744460490837
7467	0.00012668925161792634
7468	8.32159020128005e-05
7469	6.0650498459298316e-05
7470	4.331246087325863e-05
7471	3.555944537912474e-05
7472	5.219928658158954e-05
7473	5.5772230683623646e-05
7474	5.498751866121427e-05
7475	7.162735986367905e-05
7476	9.262485719058727e-05
7477	0.00011449206436051453
7478	0.00014071692765488513
7479	0.00026277531586783837
7480	0.0005268438128635161
7481	0.0006027286528487784
7482	0.0005226622236531916
7483	0.0005462734039638309
7484	0.0005759816600849513
7485	0.0005673558991113485
7486	0.000537822192086122
7487	0.000467339267164216
7488	0.0004078347214649155
7489	0.00028246597170288257
7490	0.00018671744460490837
7491	0.00012668925161792634
7492	8.32159020128005e-05
7493	6.0650498459298316e-05
7494	4.331246087325863e-05
7495	3.555944537912474e-05
7496	5.219928658158954e-05
7497	5.5772230683623646e-05
7498	5.498751866121427e-05
7499	7.162735986367905e-05
7500	9.262485719058727e-05
7501	0.00011449206436051453
7502	0.00014071692765488513
7503	0.00026277531586783837
7504	0.0005268438128635161
7505	0.0006027286528487784
7506	0.0005226622236531916
7507	0.0005462734039638309
7508	0.0005759816600849513
7509	0.0005673558991113485
7510	0.000537822192086122
7511	0.000467339267164216
7512	0.0004078347214649155
7513	0.00028246597170288257
7514	0.00018671744460490837
7515	0.00012668925161792634
7516	8.32159020128005e-05
7517	6.0650498459298316e-05
7518	4.331246087325863e-05
7519	3.555944537912474e-05
7520	5.219928658158954e-05
7521	5.5772230683623646e-05
7522	5.498751866121427e-05
7523	7.162735986367905e-05
7524	9.262485719058727e-05
7525	0.00011449206436051453
7526	0.00014071692765488513
7527	0.00026277531586783837
7528	0.0005268438128635161
7529	0.0006027286528487784
7530	0.0005226622236531916
7531	0.0005462734039638309
7532	0.0005759816600849513
7533	0.0005673558991113485
7534	0.000537822192086122
7535	0.000467339267164216
7536	0.0004078347214649155
7537	0.00028246597170288257
7538	0.00018671744460490837
7539	0.00012668925161792634
7540	8.32159020128005e-05
7541	6.0650498459298316e-05
7542	4.331246087325863e-05
7543	3.555944537912474e-05
7544	5.219928658158954e-05
7545	5.5772230683623646e-05
7546	5.498751866121427e-05
7547	7.162735986367905e-05
7548	9.262485719058727e-05
7549	0.00011449206436051453
7550	0.00014071692765488513
7551	0.00026277531586783837
7552	0.0005268438128635161
7553	0.0006027286528487784
7554	0.0005226622236531916
7555	0.0005462734039638309
7556	0.0005759816600849513
7557	0.0005673558991113485
7558	0.000537822192086122
7559	0.000467339267164216
7560	0.0004420036323959273
7561	0.0003246575352996634
7562	0.0002307806576226521
7563	0.00016558838145806122
7564	0.00012125763366613933
7565	8.73576500605521e-05
7566	6.388843064129894e-05
7567	4.954612988508914e-05
7568	4.5634593315213614e-05
7569	5.606535750154828e-05
7570	7.692688587421742e-05
7571	0.0001160422515729722
7572	0.00017210760907452035
7573	0.0002516421859953212
7574	0.0003403036815791653
7575	0.0004315728682095925
7576	0.0005098035996071019
7577	0.0005697804936785261
7578	0.0005854266399580278
7579	0.0005554381929223157
7580	0.00048503053466455727
7581	0.0003768113562313365
7582	0.00029727677931053523
7583	0.00028814986064749237
7584	0.00041025694550838313
7585	0.00028414360195874353
7586	0.00018782640237591992
7587	0.0001274416881692224
7588	8.371014035996779e-05
7589	6.101071569408579e-05
7590	4.356970352227125e-05
7591	3.577064108914253e-05
7592	5.2509310128764786e-05
7593	5.6103474766114844e-05
7594	5.531410215884636e-05
7595	7.20527711984686e-05
7596	9.317497748270933e-05
7597	0.00011517205901639904
7598	0.0001415526777947071
7599	0.00026433599879801807
7600	0.0005299728592234886
7601	0.0006063083966954355
7602	0.0005257664345948143
7603	0.0005495178471260886
7604	0.0005794025474008789
7605	0.0005707255560525095
7606	0.0005410164415607675
7607	0.000470114902365936
7608	0.0004078347214649155
7609	0.00028246597170288257
7610	0.00018671744460490837
7611	0.00012668925161792634
7612	8.32159020128005e-05
7613	6.0650498459298316e-05
7614	4.331246087325863e-05
7615	3.555944537912474e-05
7616	5.219928658158954e-05
7617	5.5772230683623646e-05
7618	5.498751866121427e-05
7619	7.162735986367905e-05
7620	9.262485719058727e-05
7621	0.00011449206436051453
7622	0.00014071692765488513
7623	0.00026277531586783837
7624	0.0005268438128635161
7625	0.0006027286528487784
7626	0.0005226622236531916
7627	0.0005462734039638309
7628	0.0005759816600849513
7629	0.0005673558991113485
7630	0.000537822192086122
7631	0.000467339267164216
7632	0.0004078347214649155
7633	0.00028246597170288257
7634	0.00018671744460490837
7635	0.00012668925161792634
7636	8.32159020128005e-05
7637	6.0650498459298316e-05
7638	4.331246087325863e-05
7639	3.555944537912474e-05
7640	5.219928658158954e-05
7641	5.5772230683623646e-05
7642	5.498751866121427e-05
7643	7.162735986367905e-05
7644	9.262485719058727e-05
7645	0.00011449206436051453
7646	0.00014071692765488513
7647	0.00026277531586783837
7648	0.0005268438128635161
7649	0.0006027286528487784
7650	0.0005226622236531916
7651	0.0005462734039638309
7652	0.0005759816600849513
7653	0.0005673558991113485
7654	0.000537822192086122
7655	0.000467339267164216
7656	0.0004078347214649155
7657	0.00028246597170288257
7658	0.00018671744460490837
7659	0.00012668925161792634
7660	8.32159020128005e-05
7661	6.0650498459298316e-05
7662	4.331246087325863e-05
7663	3.555944537912474e-05
7664	5.219928658158954e-05
7665	5.5772230683623646e-05
7666	5.498751866121427e-05
7667	7.162735986367905e-05
7668	9.262485719058727e-05
7669	0.00011449206436051453
7670	0.00014071692765488513
7671	0.00026277531586783837
7672	0.0005268438128635161
7673	0.0006027286528487784
7674	0.0005226622236531916
7675	0.0005462734039638309
7676	0.0005759816600849513
7677	0.0005673558991113485
7678	0.000537822192086122
7679	0.000467339267164216
7680	0.0004078347214649155
7681	0.00028246597170288257
7682	0.00018671744460490837
7683	0.00012668925161792634
7684	8.32159020128005e-05
7685	6.0650498459298316e-05
7686	4.331246087325863e-05
7687	3.555944537912474e-05
7688	5.219928658158954e-05
7689	5.5772230683623646e-05
7690	5.498751866121427e-05
7691	7.162735986367905e-05
7692	9.262485719058727e-05
7693	0.00011449206436051453
7694	0.00014071692765488513
7695	0.00026277531586783837
7696	0.0005268438128635161
7697	0.0006027286528487784
7698	0.0005226622236531916
7699	0.0005462734039638309
7700	0.0005759816600849513
7701	0.0005673558991113485
7702	0.000537822192086122
7703	0.000467339267164216
7704	0.0004078347214649155
7705	0.00028246597170288257
7706	0.00018671744460490837
7707	0.00012668925161792634
7708	8.32159020128005e-05
7709	6.0650498459298316e-05
7710	4.331246087325863e-05
7711	3.555944537912474e-05
7712	5.219928658158954e-05
7713	5.5772230683623646e-05
7714	5.498751866121427e-05
7715	7.162735986367905e-05
7716	9.262485719058727e-05
7717	0.00011449206436051453
7718	0.00014071692765488513
7719	0.00026277531586783837
7720	0.0005268438128635161
7721	0.0006027286528487784
7722	0.0005226622236531916
7723	0.0005462734039638309
7724	0.0005759816600849513
7725	0.0005673558991113485
7726	0.000537822192086122
7727	0.000467339267164216
7728	0.0004420036323959273
7729	0.0003246575352996634
7730	0.0002307806576226521
7731	0.00016558838145806122
7732	0.00012125763366613933
7733	8.73576500605521e-05
7734	6.388843064129894e-05
7735	4.954612988508914e-05
7736	4.5634593315213614e-05
7737	5.606535750154828e-05
7738	7.692688587421742e-05
7739	0.0001160422515729722
7740	0.00017210760907452035
7741	0.0002516421859953212
7742	0.0003403036815791653
7743	0.0004315728682095925
7744	0.0005098035996071019
7745	0.0005697804936785261
7746	0.0005854266399580278
7747	0.0005554381929223157
7748	0.00048503053466455727
7749	0.0003768113562313365
7750	0.00029727677931053523
7751	0.00028814986064749237
7752	0.00041025694550838313
7753	0.00028414360195874353
7754	0.00018782640237591992
7755	0.0001274416881692224
7756	8.371014035996779e-05
7757	6.101071569408579e-05
7758	4.356970352227125e-05
7759	3.577064108914253e-05
7760	5.2509310128764786e-05
7761	5.6103474766114844e-05
7762	5.531410215884636e-05
7763	7.20527711984686e-05
7764	9.317497748270933e-05
7765	0.00011517205901639904
7766	0.0001415526777947071
7767	0.00026433599879801807
7768	0.0005299728592234886
7769	0.0006063083966954355
7770	0.0005257664345948143
7771	0.0005495178471260886
7772	0.0005794025474008789
7773	0.0005707255560525095
7774	0.0005410164415607675
7775	0.000470114902365936
7776	0.0004078347214649155
7777	0.00028246597170288257
7778	0.00018671744460490837
7779	0.00012668925161792634
7780	8.32159020128005e-05
7781	6.0650498459298316e-05
7782	4.331246087325863e-05
7783	3.555944537912474e-05
7784	5.219928658158954e-05
7785	5.5772230683623646e-05
7786	5.498751866121427e-05
7787	7.162735986367905e-05
7788	9.262485719058727e-05
7789	0.00011449206436051453
7790	0.00014071692765488513
7791	0.00026277531586783837
7792	0.0005268438128635161
7793	0.0006027286528487784
7794	0.0005226622236531916
7795	0.0005462734039638309
7796	0.0005759816600849513
7797	0.0005673558991113485
7798	0.000537822192086122
7799	0.000467339267164216
7800	0.0004078347214649155
7801	0.00028246597170288257
7802	0.00018671744460490837
7803	0.00012668925161792634
7804	8.32159020128005e-05
7805	6.0650498459298316e-05
7806	4.331246087325863e-05
7807	3.555944537912474e-05
7808	5.219928658158954e-05
7809	5.5772230683623646e-05
7810	5.498751866121427e-05
7811	7.162735986367905e-05
7812	9.262485719058727e-05
7813	0.00011449206436051453
7814	0.00014071692765488513
7815	0.00026277531586783837
7816	0.0005268438128635161
7817	0.0006027286528487784
7818	0.0005226622236531916
7819	0.0005462734039638309
7820	0.0005759816600849513
7821	0.0005673558991113485
7822	0.000537822192086122
7823	0.000467339267164216
7824	0.0004078347214649155
7825	0.00028246597170288257
7826	0.00018671744460490837
7827	0.00012668925161792634
7828	8.32159020128005e-05
7829	6.0650498459298316e-05
7830	4.331246087325863e-05
7831	3.555944537912474e-05
7832	5.219928658158954e-05
7833	5.5772230683623646e-05
7834	5.498751866121427e-05
7835	7.162735986367905e-05
7836	9.262485719058727e-05
7837	0.00011449206436051453
7838	0.00014071692765488513
7839	0.00026277531586783837
7840	0.0005268438128635161
7841	0.0006027286528487784
7842	0.0005226622236531916
7843	0.0005462734039638309
7844	0.0005759816600849513
7845	0.0005673558991113485
7846	0.000537822192086122
7847	0.000467339267164216
7848	0.0004078347214649155
7849	0.00028246597170288257
7850	0.00018671744460490837
7851	0.00012668925161792634
7852	8.32159020128005e-05
7853	6.0650498459298316e-05
7854	4.331246087325863e-05
7855	3.555944537912474e-05
7856	5.219928658158954e-05
7857	5.5772230683623646e-05
7858	5.498751866121427e-05
7859	7.162735986367905e-05
7860	9.262485719058727e-05
7861	0.00011449206436051453
7862	0.00014071692765488513
7863	0.00026277531586783837
7864	0.0005268438128635161
7865	0.0006027286528487784
7866	0.0005226622236531916
7867	0.0005462734039638309
7868	0.0005759816600849513
7869	0.0005673558991113485
7870	0.000537822192086122
7871	0.000467339267164216
7872	0.0004078347214649155
7873	0.00028246597170288257
7874	0.00018671744460490837
7875	0.00012668925161792634
7876	8.32159020128005e-05
7877	6.0650498459298316e-05
7878	4.331246087325863e-05
7879	3.555944537912474e-05
7880	5.219928658158954e-05
7881	5.5772230683623646e-05
7882	5.498751866121427e-05
7883	7.162735986367905e-05
7884	9.262485719058727e-05
7885	0.00011449206436051453
7886	0.00014071692765488513
7887	0.00026277531586783837
7888	0.0005268438128635161
7889	0.0006027286528487784
7890	0.0005226622236531916
7891	0.0005462734039638309
7892	0.0005759816600849513
7893	0.0005673558991113485
7894	0.000537822192086122
7895	0.000467339267164216
7896	0.0004420036323959273
7897	0.0003246575352996634
7898	0.0002307806576226521
7899	0.00016558838145806122
7900	0.00012125763366613933
7901	8.73576500605521e-05
7902	6.388843064129894e-05
7903	4.954612988508914e-05
7904	4.5634593315213614e-05
7905	5.606535750154828e-05
7906	7.692688587421742e-05
7907	0.0001160422515729722
7908	0.00017210760907452035
7909	0.0002516421859953212
7910	0.0003403036815791653
7911	0.0004315728682095925
7912	0.0005098035996071019
7913	0.0005697804936785261
7914	0.0005854266399580278
7915	0.0005554381929223157
7916	0.00048503053466455727
7917	0.0003768113562313365
7918	0.00029727677931053523
7919	0.00028814986064749237
7920	0.00041025694550838313
7921	0.00028414360195874353
7922	0.00018782640237591992
7923	0.0001274416881692224
7924	8.371014035996779e-05
7925	6.101071569408579e-05
7926	4.356970352227125e-05
7927	3.577064108914253e-05
7928	5.2509310128764786e-05
7929	5.6103474766114844e-05
7930	5.531410215884636e-05
7931	7.20527711984686e-05
7932	9.317497748270933e-05
7933	0.00011517205901639904
7934	0.0001415526777947071
7935	0.00026433599879801807
7936	0.0005299728592234886
7937	0.0006063083966954355
7938	0.0005257664345948143
7939	0.0005495178471260886
7940	0.0005794025474008789
7941	0.0005707255560525095
7942	0.0005410164415607675
7943	0.000470114902365936
7944	0.0004078347214649155
7945	0.00028246597170288257
7946	0.00018671744460490837
7947	0.00012668925161792634
7948	8.32159020128005e-05
7949	6.0650498459298316e-05
7950	4.331246087325863e-05
7951	3.555944537912474e-05
7952	5.219928658158954e-05
7953	5.5772230683623646e-05
7954	5.498751866121427e-05
7955	7.162735986367905e-05
7956	9.262485719058727e-05
7957	0.00011449206436051453
7958	0.00014071692765488513
7959	0.00026277531586783837
7960	0.0005268438128635161
7961	0.0006027286528487784
7962	0.0005226622236531916
7963	0.0005462734039638309
7964	0.0005759816600849513
7965	0.0005673558991113485
7966	0.000537822192086122
7967	0.000467339267164216
7968	0.0004078347214649155
7969	0.00028246597170288257
7970	0.00018671744460490837
7971	0.00012668925161792634
7972	8.32159020128005e-05
7973	6.0650498459298316e-05
7974	4.331246087325863e-05
7975	3.555944537912474e-05
7976	5.219928658158954e-05
7977	5.5772230683623646e-05
7978	5.498751866121427e-05
7979	7.162735986367905e-05
7980	9.262485719058727e-05
7981	0.00011449206436051453
7982	0.00014071692765488513
7983	0.00026277531586783837
7984	0.0005268438128635161
7985	0.0006027286528487784
7986	0.0005226622236531916
7987	0.0005462734039638309
7988	0.0005759816600849513
7989	0.0005673558991113485
7990	0.000537822192086122
7991	0.000467339267164216
7992	0.0004078347214649155
7993	0.00028246597170288257
7994	0.00018671744460490837
7995	0.00012668925161792634
7996	8.32159020128005e-05
7997	6.0650498459298316e-05
7998	4.331246087325863e-05
7999	3.555944537912474e-05
8000	5.219928658158954e-05
8001	5.5772230683623646e-05
8002	5.498751866121427e-05
8003	7.162735986367905e-05
8004	9.262485719058727e-05
8005	0.00011449206436051453
8006	0.00014071692765488513
8007	0.00026277531586783837
8008	0.0005268438128635161
8009	0.0006027286528487784
8010	0.0005226622236531916
8011	0.0005462734039638309
8012	0.0005759816600849513
8013	0.0005673558991113485
8014	0.000537822192086122
8015	0.000467339267164216
8016	0.0004078347214649155
8017	0.00028246597170288257
8018	0.00018671744460490837
8019	0.00012668925161792634
8020	8.32159020128005e-05
8021	6.0650498459298316e-05
8022	4.331246087325863e-05
8023	3.555944537912474e-05
8024	5.219928658158954e-05
8025	5.5772230683623646e-05
8026	5.498751866121427e-05
8027	7.162735986367905e-05
8028	9.262485719058727e-05
8029	0.00011449206436051453
8030	0.00014071692765488513
8031	0.00026277531586783837
8032	0.0005268438128635161
8033	0.0006027286528487784
8034	0.0005226622236531916
8035	0.0005462734039638309
8036	0.0005759816600849513
8037	0.0005673558991113485
8038	0.000537822192086122
8039	0.000467339267164216
8040	0.0004078347214649155
8041	0.00028246597170288257
8042	0.00018671744460490837
8043	0.00012668925161792634
8044	8.32159020128005e-05
8045	6.0650498459298316e-05
8046	4.331246087325863e-05
8047	3.555944537912474e-05
8048	5.219928658158954e-05
8049	5.5772230683623646e-05
8050	5.498751866121427e-05
8051	7.162735986367905e-05
8052	9.262485719058727e-05
8053	0.00011449206436051453
8054	0.00014071692765488513
8055	0.00026277531586783837
8056	0.0005268438128635161
8057	0.0006027286528487784
8058	0.0005226622236531916
8059	0.0005462734039638309
8060	0.0005759816600849513
8061	0.0005673558991113485
8062	0.000537822192086122
8063	0.000467339267164216
8064	0.0004420036323959273
8065	0.0003246575352996634
8066	0.0002307806576226521
8067	0.00016558838145806122
8068	0.00012125763366613933
8069	8.73576500605521e-05
8070	6.388843064129894e-05
8071	4.954612988508914e-05
8072	4.5634593315213614e-05
8073	5.606535750154828e-05
8074	7.692688587421742e-05
8075	0.0001160422515729722
8076	0.00017210760907452035
8077	0.0002516421859953212
8078	0.0003403036815791653
8079	0.0004315728682095925
8080	0.0005098035996071019
8081	0.0005697804936785261
8082	0.0005854266399580278
8083	0.0005554381929223157
8084	0.00048503053466455727
8085	0.0003768113562313365
8086	0.00029727677931053523
8087	0.00028814986064749237
8088	0.00041025694550838313
8089	0.00028414360195874353
8090	0.00018782640237591992
8091	0.0001274416881692224
8092	8.371014035996779e-05
8093	6.101071569408579e-05
8094	4.356970352227125e-05
8095	3.577064108914253e-05
8096	5.2509310128764786e-05
8097	5.6103474766114844e-05
8098	5.531410215884636e-05
8099	7.20527711984686e-05
8100	9.317497748270933e-05
8101	0.00011517205901639904
8102	0.0001415526777947071
8103	0.00026433599879801807
8104	0.0005299728592234886
8105	0.0006063083966954355
8106	0.0005257664345948143
8107	0.0005495178471260886
8108	0.0005794025474008789
8109	0.0005707255560525095
8110	0.0005410164415607675
8111	0.000470114902365936
8112	0.0004078347214649155
8113	0.00028246597170288257
8114	0.00018671744460490837
8115	0.00012668925161792634
8116	8.32159020128005e-05
8117	6.0650498459298316e-05
8118	4.331246087325863e-05
8119	3.555944537912474e-05
8120	5.219928658158954e-05
8121	5.5772230683623646e-05
8122	5.498751866121427e-05
8123	7.162735986367905e-05
8124	9.262485719058727e-05
8125	0.00011449206436051453
8126	0.00014071692765488513
8127	0.00026277531586783837
8128	0.0005268438128635161
8129	0.0006027286528487784
8130	0.0005226622236531916
8131	0.0005462734039638309
8132	0.0005759816600849513
8133	0.0005673558991113485
8134	0.000537822192086122
8135	0.000467339267164216
8136	0.0004078347214649155
8137	0.00028246597170288257
8138	0.00018671744460490837
8139	0.00012668925161792634
8140	8.32159020128005e-05
8141	6.0650498459298316e-05
8142	4.331246087325863e-05
8143	3.555944537912474e-05
8144	5.219928658158954e-05
8145	5.5772230683623646e-05
8146	5.498751866121427e-05
8147	7.162735986367905e-05
8148	9.262485719058727e-05
8149	0.00011449206436051453
8150	0.00014071692765488513
8151	0.00026277531586783837
8152	0.0005268438128635161
8153	0.0006027286528487784
8154	0.0005226622236531916
8155	0.0005462734039638309
8156	0.0005759816600849513
8157	0.0005673558991113485
8158	0.000537822192086122
8159	0.000467339267164216
8160	0.0004078347214649155
8161	0.00028246597170288257
8162	0.00018671744460490837
8163	0.00012668925161792634
8164	8.32159020128005e-05
8165	6.0650498459298316e-05
8166	4.331246087325863e-05
8167	3.555944537912474e-05
8168	5.219928658158954e-05
8169	5.5772230683623646e-05
8170	5.498751866121427e-05
8171	7.162735986367905e-05
8172	9.262485719058727e-05
8173	0.00011449206436051453
8174	0.00014071692765488513
8175	0.00026277531586783837
8176	0.0005268438128635161
8177	0.0006027286528487784
8178	0.0005226622236531916
8179	0.0005462734039638309
8180	0.0005759816600849513
8181	0.0005673558991113485
8182	0.000537822192086122
8183	0.000467339267164216
8184	0.0004078347214649155
8185	0.00028246597170288257
8186	0.00018671744460490837
8187	0.00012668925161792634
8188	8.32159020128005e-05
8189	6.0650498459298316e-05
8190	4.331246087325863e-05
8191	3.555944537912474e-05
8192	5.219928658158954e-05
8193	5.5772230683623646e-05
8194	5.498751866121427e-05
8195	7.162735986367905e-05
8196	9.262485719058727e-05
8197	0.00011449206436051453
8198	0.00014071692765488513
8199	0.00026277531586783837
8200	0.0005268438128635161
8201	0.0006027286528487784
8202	0.0005226622236531916
8203	0.0005462734039638309
8204	0.0005759816600849513
8205	0.0005673558991113485
8206	0.000537822192086122
8207	0.000467339267164216
8208	0.0004078347214649155
8209	0.00028246597170288257
8210	0.00018671744460490837
8211	0.00012668925161792634
8212	8.32159020128005e-05
8213	6.0650498459298316e-05
8214	4.331246087325863e-05
8215	3.555944537912474e-05
8216	5.219928658158954e-05
8217	5.5772230683623646e-05
8218	5.498751866121427e-05
8219	7.162735986367905e-05
8220	9.262485719058727e-05
8221	0.00011449206436051453
8222	0.00014071692765488513
8223	0.00026277531586783837
8224	0.0005268438128635161
8225	0.0006027286528487784
8226	0.0005226622236531916
8227	0.0005462734039638309
8228	0.0005759816600849513
8229	0.0005673558991113485
8230	0.000537822192086122
8231	0.000467339267164216
8232	0.0004420036323959273
8233	0.0003246575352996634
8234	0.0002307806576226521
8235	0.00016558838145806122
8236	0.00012125763366613933
8237	8.73576500605521e-05
8238	6.388843064129894e-05
8239	4.954612988508914e-05
8240	4.5634593315213614e-05
8241	5.606535750154828e-05
8242	7.692688587421742e-05
8243	0.0001160422515729722
8244	0.00017210760907452035
8245	0.0002516421859953212
8246	0.0003403036815791653
8247	0.0004315728682095925
8248	0.0005098035996071019
8249	0.0005697804936785261
8250	0.0005854266399580278
8251	0.0005554381929223157
8252	0.00048503053466455727
8253	0.0003768113562313365
8254	0.00029727677931053523
8255	0.00028814986064749237
8256	0.00041025694550838313
8257	0.00028414360195874353
8258	0.00018782640237591992
8259	0.0001274416881692224
8260	8.371014035996779e-05
8261	6.101071569408579e-05
8262	4.356970352227125e-05
8263	3.577064108914253e-05
8264	5.2509310128764786e-05
8265	5.6103474766114844e-05
8266	5.531410215884636e-05
8267	7.20527711984686e-05
8268	9.317497748270933e-05
8269	0.00011517205901639904
8270	0.0001415526777947071
8271	0.00026433599879801807
8272	0.0005299728592234886
8273	0.0006063083966954355
8274	0.0005257664345948143
8275	0.0005495178471260886
8276	0.0005794025474008789
8277	0.0005707255560525095
8278	0.0005410164415607675
8279	0.000470114902365936
8280	0.0004078347214649155
8281	0.00028246597170288257
8282	0.00018671744460490837
8283	0.00012668925161792634
8284	8.32159020128005e-05
8285	6.0650498459298316e-05
8286	4.331246087325863e-05
8287	3.555944537912474e-05
8288	5.219928658158954e-05
8289	5.5772230683623646e-05
8290	5.498751866121427e-05
8291	7.162735986367905e-05
8292	9.262485719058727e-05
8293	0.00011449206436051453
8294	0.00014071692765488513
8295	0.00026277531586783837
8296	0.0005268438128635161
8297	0.0006027286528487784
8298	0.0005226622236531916
8299	0.0005462734039638309
8300	0.0005759816600849513
8301	0.0005673558991113485
8302	0.000537822192086122
8303	0.000467339267164216
8304	0.0004078347214649155
8305	0.00028246597170288257
8306	0.00018671744460490837
8307	0.00012668925161792634
8308	8.32159020128005e-05
8309	6.0650498459298316e-05
8310	4.331246087325863e-05
8311	3.555944537912474e-05
8312	5.219928658158954e-05
8313	5.5772230683623646e-05
8314	5.498751866121427e-05
8315	7.162735986367905e-05
8316	9.262485719058727e-05
8317	0.00011449206436051453
8318	0.00014071692765488513
8319	0.00026277531586783837
8320	0.0005268438128635161
8321	0.0006027286528487784
8322	0.0005226622236531916
8323	0.0005462734039638309
8324	0.0005759816600849513
8325	0.0005673558991113485
8326	0.000537822192086122
8327	0.000467339267164216
8328	0.0004078347214649155
8329	0.00028246597170288257
8330	0.00018671744460490837
8331	0.00012668925161792634
8332	8.32159020128005e-05
8333	6.0650498459298316e-05
8334	4.331246087325863e-05
8335	3.555944537912474e-05
8336	5.219928658158954e-05
8337	5.5772230683623646e-05
8338	5.498751866121427e-05
8339	7.162735986367905e-05
8340	9.262485719058727e-05
8341	0.00011449206436051453
8342	0.00014071692765488513
8343	0.00026277531586783837
8344	0.0005268438128635161
8345	0.0006027286528487784
8346	0.0005226622236531916
8347	0.0005462734039638309
8348	0.0005759816600849513
8349	0.0005673558991113485
8350	0.000537822192086122
8351	0.000467339267164216
8352	0.0004078347214649155
8353	0.00028246597170288257
8354	0.00018671744460490837
8355	0.00012668925161792634
8356	8.32159020128005e-05
8357	6.0650498459298316e-05
8358	4.331246087325863e-05
8359	3.555944537912474e-05
8360	5.219928658158954e-05
8361	5.5772230683623646e-05
8362	5.498751866121427e-05
8363	7.162735986367905e-05
8364	9.262485719058727e-05
8365	0.00011449206436051453
8366	0.00014071692765488513
8367	0.00026277531586783837
8368	0.0005268438128635161
8369	0.0006027286528487784
8370	0.0005226622236531916
8371	0.0005462734039638309
8372	0.0005759816600849513
8373	0.0005673558991113485
8374	0.000537822192086122
8375	0.000467339267164216
8376	0.0004078347214649155
8377	0.00028246597170288257
8378	0.00018671744460490837
8379	0.00012668925161792634
8380	8.32159020128005e-05
8381	6.0650498459298316e-05
8382	4.331246087325863e-05
8383	3.555944537912474e-05
8384	5.219928658158954e-05
8385	5.5772230683623646e-05
8386	5.498751866121427e-05
8387	7.162735986367905e-05
8388	9.262485719058727e-05
8389	0.00011449206436051453
8390	0.00014071692765488513
8391	0.00026277531586783837
8392	0.0005268438128635161
8393	0.0006027286528487784
8394	0.0005226622236531916
8395	0.0005462734039638309
8396	0.0005759816600849513
8397	0.0005673558991113485
8398	0.000537822192086122
8399	0.000467339267164216
8400	0.0004420036323959273
8401	0.0003246575352996634
8402	0.0002307806576226521
8403	0.00016558838145806122
8404	0.00012125763366613933
8405	8.73576500605521e-05
8406	6.388843064129894e-05
8407	4.954612988508914e-05
8408	4.5634593315213614e-05
8409	5.606535750154828e-05
8410	7.692688587421742e-05
8411	0.0001160422515729722
8412	0.00017210760907452035
8413	0.0002516421859953212
8414	0.0003403036815791653
8415	0.0004315728682095925
8416	0.0005098035996071019
8417	0.0005697804936785261
8418	0.0005854266399580278
8419	0.0005554381929223157
8420	0.00048503053466455727
8421	0.0003768113562313365
8422	0.00029727677931053523
8423	0.00028814986064749237
8424	0.00041025694550838313
8425	0.00028414360195874353
8426	0.00018782640237591992
8427	0.0001274416881692224
8428	8.371014035996779e-05
8429	6.101071569408579e-05
8430	4.356970352227125e-05
8431	3.577064108914253e-05
8432	5.2509310128764786e-05
8433	5.6103474766114844e-05
8434	5.531410215884636e-05
8435	7.20527711984686e-05
8436	9.317497748270933e-05
8437	0.00011517205901639904
8438	0.0001415526777947071
8439	0.00026433599879801807
8440	0.0005299728592234886
8441	0.0006063083966954355
8442	0.0005257664345948143
8443	0.0005495178471260886
8444	0.0005794025474008789
8445	0.0005707255560525095
8446	0.0005410164415607675
8447	0.000470114902365936
8448	0.0004078347214649155
8449	0.00028246597170288257
8450	0.00018671744460490837
8451	0.00012668925161792634
8452	8.32159020128005e-05
8453	6.0650498459298316e-05
8454	4.331246087325863e-05
8455	3.555944537912474e-05
8456	5.219928658158954e-05
8457	5.5772230683623646e-05
8458	5.498751866121427e-05
8459	7.162735986367905e-05
8460	9.262485719058727e-05
8461	0.00011449206436051453
8462	0.00014071692765488513
8463	0.00026277531586783837
8464	0.0005268438128635161
8465	0.0006027286528487784
8466	0.0005226622236531916
8467	0.0005462734039638309
8468	0.0005759816600849513
8469	0.0005673558991113485
8470	0.000537822192086122
8471	0.000467339267164216
8472	0.0004078347214649155
8473	0.00028246597170288257
8474	0.00018671744460490837
8475	0.00012668925161792634
8476	8.32159020128005e-05
8477	6.0650498459298316e-05
8478	4.331246087325863e-05
8479	3.555944537912474e-05
8480	5.219928658158954e-05
8481	5.5772230683623646e-05
8482	5.498751866121427e-05
8483	7.162735986367905e-05
8484	9.262485719058727e-05
8485	0.00011449206436051453
8486	0.00014071692765488513
8487	0.00026277531586783837
8488	0.0005268438128635161
8489	0.0006027286528487784
8490	0.0005226622236531916
8491	0.0005462734039638309
8492	0.0005759816600849513
8493	0.0005673558991113485
8494	0.000537822192086122
8495	0.000467339267164216
8496	0.0004078347214649155
8497	0.00028246597170288257
8498	0.00018671744460490837
8499	0.00012668925161792634
8500	8.32159020128005e-05
8501	6.0650498459298316e-05
8502	4.331246087325863e-05
8503	3.555944537912474e-05
8504	5.219928658158954e-05
8505	5.5772230683623646e-05
8506	5.498751866121427e-05
8507	7.162735986367905e-05
8508	9.262485719058727e-05
8509	0.00011449206436051453
8510	0.00014071692765488513
8511	0.00026277531586783837
8512	0.0005268438128635161
8513	0.0006027286528487784
8514	0.0005226622236531916
8515	0.0005462734039638309
8516	0.0005759816600849513
8517	0.0005673558991113485
8518	0.000537822192086122
8519	0.000467339267164216
8520	0.0004078347214649155
8521	0.00028246597170288257
8522	0.00018671744460490837
8523	0.00012668925161792634
8524	8.32159020128005e-05
8525	6.0650498459298316e-05
8526	4.331246087325863e-05
8527	3.555944537912474e-05
8528	5.219928658158954e-05
8529	5.5772230683623646e-05
8530	5.498751866121427e-05
8531	7.162735986367905e-05
8532	9.262485719058727e-05
8533	0.00011449206436051453
8534	0.00014071692765488513
8535	0.00026277531586783837
8536	0.0005268438128635161
8537	0.0006027286528487784
8538	0.0005226622236531916
8539	0.0005462734039638309
8540	0.0005759816600849513
8541	0.0005673558991113485
8542	0.000537822192086122
8543	0.000467339267164216
8544	0.0004078347214649155
8545	0.00028246597170288257
8546	0.00018671744460490837
8547	0.00012668925161792634
8548	8.32159020128005e-05
8549	6.0650498459298316e-05
8550	4.331246087325863e-05
8551	3.555944537912474e-05
8552	5.219928658158954e-05
8553	5.5772230683623646e-05
8554	5.498751866121427e-05
8555	7.162735986367905e-05
8556	9.262485719058727e-05
8557	0.00011449206436051453
8558	0.00014071692765488513
8559	0.00026277531586783837
8560	0.0005268438128635161
8561	0.0006027286528487784
8562	0.0005226622236531916
8563	0.0005462734039638309
8564	0.0005759816600849513
8565	0.0005673558991113485
8566	0.000537822192086122
8567	0.000467339267164216
8568	0.0004420036323959273
8569	0.0003246575352996634
8570	0.0002307806576226521
8571	0.00016558838145806122
8572	0.00012125763366613933
8573	8.73576500605521e-05
8574	6.388843064129894e-05
8575	4.954612988508914e-05
8576	4.5634593315213614e-05
8577	5.606535750154828e-05
8578	7.692688587421742e-05
8579	0.0001160422515729722
8580	0.00017210760907452035
8581	0.0002516421859953212
8582	0.0003403036815791653
8583	0.0004315728682095925
8584	0.0005098035996071019
8585	0.0005697804936785261
8586	0.0005854266399580278
8587	0.0005554381929223157
8588	0.00048503053466455727
8589	0.0003768113562313365
8590	0.00029727677931053523
8591	0.00028814986064749237
8592	0.00041025694550838313
8593	0.00028414360195874353
8594	0.00018782640237591992
8595	0.0001274416881692224
8596	8.371014035996779e-05
8597	6.101071569408579e-05
8598	4.356970352227125e-05
8599	3.577064108914253e-05
8600	5.2509310128764786e-05
8601	5.6103474766114844e-05
8602	5.531410215884636e-05
8603	7.20527711984686e-05
8604	9.317497748270933e-05
8605	0.00011517205901639904
8606	0.0001415526777947071
8607	0.00026433599879801807
8608	0.0005299728592234886
8609	0.0006063083966954355
8610	0.0005257664345948143
8611	0.0005495178471260886
8612	0.0005794025474008789
8613	0.0005707255560525095
8614	0.0005410164415607675
8615	0.000470114902365936
8616	0.0004078347214649155
8617	0.00028246597170288257
8618	0.00018671744460490837
8619	0.00012668925161792634
8620	8.32159020128005e-05
8621	6.0650498459298316e-05
8622	4.331246087325863e-05
8623	3.555944537912474e-05
8624	5.219928658158954e-05
8625	5.5772230683623646e-05
8626	5.498751866121427e-05
8627	7.162735986367905e-05
8628	9.262485719058727e-05
8629	0.00011449206436051453
8630	0.00014071692765488513
8631	0.00026277531586783837
8632	0.0005268438128635161
8633	0.0006027286528487784
8634	0.0005226622236531916
8635	0.0005462734039638309
8636	0.0005759816600849513
8637	0.0005673558991113485
8638	0.000537822192086122
8639	0.000467339267164216
8640	0.0004078347214649155
8641	0.00028246597170288257
8642	0.00018671744460490837
8643	0.00012668925161792634
8644	8.32159020128005e-05
8645	6.0650498459298316e-05
8646	4.331246087325863e-05
8647	3.555944537912474e-05
8648	5.219928658158954e-05
8649	5.5772230683623646e-05
8650	5.498751866121427e-05
8651	7.162735986367905e-05
8652	9.262485719058727e-05
8653	0.00011449206436051453
8654	0.00014071692765488513
8655	0.00026277531586783837
8656	0.0005268438128635161
8657	0.0006027286528487784
8658	0.0005226622236531916
8659	0.0005462734039638309
8660	0.0005759816600849513
8661	0.0005673558991113485
8662	0.000537822192086122
8663	0.000467339267164216
8664	0.0004078347214649155
8665	0.00028246597170288257
8666	0.00018671744460490837
8667	0.00012668925161792634
8668	8.32159020128005e-05
8669	6.0650498459298316e-05
8670	4.331246087325863e-05
8671	3.555944537912474e-05
8672	5.219928658158954e-05
8673	5.5772230683623646e-05
8674	5.498751866121427e-05
8675	7.162735986367905e-05
8676	9.262485719058727e-05
8677	0.00011449206436051453
8678	0.00014071692765488513
8679	0.00026277531586783837
8680	0.0005268438128635161
8681	0.0006027286528487784
8682	0.0005226622236531916
8683	0.0005462734039638309
8684	0.0005759816600849513
8685	0.0005673558991113485
8686	0.000537822192086122
8687	0.000467339267164216
8688	0.0004078347214649155
8689	0.00028246597170288257
8690	0.00018671744460490837
8691	0.00012668925161792634
8692	8.32159020128005e-05
8693	6.0650498459298316e-05
8694	4.331246087325863e-05
8695	3.555944537912474e-05
8696	5.219928658158954e-05
8697	5.5772230683623646e-05
8698	5.498751866121427e-05
8699	7.162735986367905e-05
8700	9.262485719058727e-05
8701	0.00011449206436051453
8702	0.00014071692765488513
8703	0.00026277531586783837
8704	0.0005268438128635161
8705	0.0006027286528487784
8706	0.0005226622236531916
8707	0.0005462734039638309
8708	0.0005759816600849513
8709	0.0005673558991113485
8710	0.000537822192086122
8711	0.000467339267164216
8712	0.0004078347214649155
8713	0.00028246597170288257
8714	0.00018671744460490837
8715	0.00012668925161792634
8716	8.32159020128005e-05
8717	6.0650498459298316e-05
8718	4.331246087325863e-05
8719	3.555944537912474e-05
8720	5.219928658158954e-05
8721	5.5772230683623646e-05
8722	5.498751866121427e-05
8723	7.162735986367905e-05
8724	9.262485719058727e-05
8725	0.00011449206436051453
8726	0.00014071692765488513
8727	0.00026277531586783837
8728	0.0005268438128635161
8729	0.0006027286528487784
8730	0.0005226622236531916
8731	0.0005462734039638309
8732	0.0005759816600849513
8733	0.0005673558991113485
8734	0.000537822192086122
8735	0.000467339267164216
8736	0.0004420036323959273
8737	0.0003246575352996634
8738	0.0002307806576226521
8739	0.00016558838145806122
8740	0.00012125763366613933
8741	8.73576500605521e-05
8742	6.388843064129894e-05
8743	4.954612988508914e-05
8744	4.5634593315213614e-05
8745	5.606535750154828e-05
8746	7.692688587421742e-05
8747	0.0001160422515729722
8748	0.00017210760907452035
8749	0.0002516421859953212
8750	0.0003403036815791653
8751	0.0004315728682095925
8752	0.0005098035996071019
8753	0.0005697804936785261
8754	0.0005854266399580278
8755	0.0005554381929223157
8756	0.00048503053466455727
8757	0.0003768113562313365
8758	0.00029727677931053523
8759	0.00028814986064749237
8760	0.00041025694550838313
8761	0.00028414360195874353
8762	0.00018782640237591992
8763	0.0001274416881692224
8764	8.371014035996779e-05
8765	6.101071569408579e-05
8766	4.356970352227125e-05
8767	3.577064108914253e-05
8768	5.2509310128764786e-05
8769	5.6103474766114844e-05
8770	5.531410215884636e-05
8771	7.20527711984686e-05
8772	9.317497748270933e-05
8773	0.00011517205901639904
8774	0.0001415526777947071
8775	0.00026433599879801807
8776	0.0005299728592234886
8777	0.0006063083966954355
8778	0.0005257664345948143
8779	0.0005495178471260886
8780	0.0005794025474008789
8781	0.0005707255560525095
8782	0.0005410164415607675
8783	0.000470114902365936
