0	0.00040783472146491546
1	0.0002824659717028825
2	0.00018671744460490834
3	0.00012668925161792632
4	8.32159020128005e-05
5	6.065049845929831e-05
6	4.3312460873258625e-05
7	3.555944537912473e-05
8	5.2199286581589534e-05
9	5.577223068362364e-05
10	5.4987518661214265e-05
11	7.162735986367904e-05
12	9.262485719058726e-05
13	0.00011449206436051452
14	0.0001407169276548851
15	0.00026277531586783837
16	0.000526843812863516
17	0.0006027286528487783
18	0.0005226622236531916
19	0.0005462734039638309
20	0.0005759816600849511
21	0.0005673558991113485
22	0.0005378221920861219
23	0.00046733926716421587
24	0.00044200363239592724
25	0.0003246575352996633
26	0.00023078065762265206
27	0.0001655883814580612
28	0.00012125763366613932
29	8.735765006055208e-05
30	6.388843064129894e-05
31	4.954612988508913e-05
32	4.563459331521361e-05
33	5.6065357501548275e-05
34	7.692688587421741e-05
35	0.00011604225157297217
36	0.00017210760907452032
37	0.00025164218599532114
38	0.00034030368157916526
39	0.00043157286820959246
40	0.0005098035996071018
41	0.000569780493678526
42	0.0005854266399580277
43	0.0005554381929223157
44	0.0004850305346645572
45	0.0003768113562313364
46	0.0002972767793105352
47	0.00028814986064749237
48	0.0004102569455083831
49	0.0002841436019587435
50	0.0001878264023759199
51	0.0001274416881692224
52	8.371014035996777e-05
53	6.1010715694085776e-05
54	4.3569703522271244e-05
55	3.5770641089142525e-05
56	5.250931012876478e-05
57	5.610347476611484e-05
58	5.531410215884635e-05
59	7.205277119846859e-05
60	9.317497748270932e-05
61	0.00011517205901639901
62	0.00014155267779470708
63	0.000264335998798018
64	0.0005299728592234884
65	0.0006063083966954355
66	0.0005257664345948142
67	0.0005495178471260886
68	0.0005794025474008788
69	0.0005707255560525094
70	0.0005410164415607674
71	0.0004701149023659359
72	0.00040783472146491546
73	0.0002824659717028825
74	0.00018671744460490834
75	0.00012668925161792632
76	8.32159020128005e-05
77	6.065049845929831e-05
78	4.3312460873258625e-05
79	3.555944537912473e-05
80	5.2199286581589534e-05
81	5.577223068362364e-05
82	5.4987518661214265e-05
83	7.162735986367904e-05
84	9.262485719058726e-05
85	0.00011449206436051452
86	0.0001407169276548851
87	0.00026277531586783837
88	0.000526843812863516
89	0.0006027286528487783
90	0.0005226622236531916
91	0.0005462734039638309
92	0.0005759816600849511
93	0.0005673558991113485
94	0.0005378221920861219
95	0.00046733926716421587
96	0.00040783472146491546
97	0.0002824659717028825
98	0.00018671744460490834
99	0.00012668925161792632
100	8.32159020128005e-05
101	6.065049845929831e-05
102	4.3312460873258625e-05
103	3.555944537912473e-05
104	5.2199286581589534e-05
105	5.577223068362364e-05
106	5.4987518661214265e-05
107	7.162735986367904e-05
108	9.262485719058726e-05
109	0.00011449206436051452
110	0.0001407169276548851
111	0.00026277531586783837
112	0.000526843812863516
113	0.0006027286528487783
114	0.0005226622236531916
115	0.0005462734039638309
116	0.0005759816600849511
117	0.0005673558991113485
118	0.0005378221920861219
119	0.00046733926716421587
120	0.00040783472146491546
121	0.0002824659717028825
122	0.00018671744460490834
123	0.00012668925161792632
124	8.32159020128005e-05
125	6.065049845929831e-05
126	4.3312460873258625e-05
127	3.555944537912473e-05
128	5.2199286581589534e-05
129	5.577223068362364e-05
130	5.4987518661214265e-05
131	7.162735986367904e-05
132	9.262485719058726e-05
133	0.00011449206436051452
134	0.0001407169276548851
135	0.00026277531586783837
136	0.000526843812863516
137	0.0006027286528487783
138	0.0005226622236531916
139	0.0005462734039638309
140	0.0005759816600849511
141	0.0005673558991113485
142	0.0005378221920861219
143	0.00046733926716421587
144	0.00040783472146491546
145	0.0002824659717028825
146	0.00018671744460490834
147	0.00012668925161792632
148	8.32159020128005e-05
149	6.065049845929831e-05
150	4.3312460873258625e-05
151	3.555944537912473e-05
152	5.2199286581589534e-05
153	5.577223068362364e-05
154	5.4987518661214265e-05
155	7.162735986367904e-05
156	9.262485719058726e-05
157	0.00011449206436051452
158	0.0001407169276548851
159	0.00026277531586783837
160	0.000526843812863516
161	0.0006027286528487783
162	0.0005226622236531916
163	0.0005462734039638309
164	0.0005759816600849511
165	0.0005673558991113485
166	0.0005378221920861219
167	0.00046733926716421587
168	0.00040783472146491546
169	0.0002824659717028825
170	0.00018671744460490834
171	0.00012668925161792632
172	8.32159020128005e-05
173	6.065049845929831e-05
174	4.3312460873258625e-05
175	3.555944537912473e-05
176	5.2199286581589534e-05
177	5.577223068362364e-05
178	5.4987518661214265e-05
179	7.162735986367904e-05
180	9.262485719058726e-05
181	0.00011449206436051452
182	0.0001407169276548851
183	0.00026277531586783837
184	0.000526843812863516
185	0.0006027286528487783
186	0.0005226622236531916
187	0.0005462734039638309
188	0.0005759816600849511
189	0.0005673558991113485
190	0.0005378221920861219
191	0.00046733926716421587
192	0.00044200363239592724
193	0.0003246575352996633
194	0.00023078065762265206
195	0.0001655883814580612
196	0.00012125763366613932
197	8.735765006055208e-05
198	6.388843064129894e-05
199	4.954612988508913e-05
200	4.563459331521361e-05
201	5.6065357501548275e-05
202	7.692688587421741e-05
203	0.00011604225157297217
204	0.00017210760907452032
205	0.00025164218599532114
206	0.00034030368157916526
207	0.00043157286820959246
208	0.0005098035996071018
209	0.000569780493678526
210	0.0005854266399580277
211	0.0005554381929223157
212	0.0004850305346645572
213	0.0003768113562313364
214	0.0002972767793105352
215	0.00028814986064749237
216	0.0004102569455083831
217	0.0002841436019587435
218	0.0001878264023759199
219	0.0001274416881692224
220	8.371014035996777e-05
221	6.1010715694085776e-05
222	4.3569703522271244e-05
223	3.5770641089142525e-05
224	5.250931012876478e-05
225	5.610347476611484e-05
226	5.531410215884635e-05
227	7.205277119846859e-05
228	9.317497748270932e-05
229	0.00011517205901639901
230	0.00014155267779470708
231	0.000264335998798018
232	0.0005299728592234884
233	0.0006063083966954355
234	0.0005257664345948142
235	0.0005495178471260886
236	0.0005794025474008788
237	0.0005707255560525094
238	0.0005410164415607674
239	0.0004701149023659359
240	0.00040783472146491546
241	0.0002824659717028825
242	0.00018671744460490834
243	0.00012668925161792632
244	8.32159020128005e-05
245	6.065049845929831e-05
246	4.3312460873258625e-05
247	3.555944537912473e-05
248	5.2199286581589534e-05
249	5.577223068362364e-05
250	5.4987518661214265e-05
251	7.162735986367904e-05
252	9.262485719058726e-05
253	0.00011449206436051452
254	0.0001407169276548851
255	0.00026277531586783837
256	0.000526843812863516
257	0.0006027286528487783
258	0.0005226622236531916
259	0.0005462734039638309
260	0.0005759816600849511
261	0.0005673558991113485
262	0.0005378221920861219
263	0.00046733926716421587
264	0.00040783472146491546
265	0.0002824659717028825
266	0.00018671744460490834
267	0.00012668925161792632
268	8.32159020128005e-05
269	6.065049845929831e-05
270	4.3312460873258625e-05
271	3.555944537912473e-05
272	5.2199286581589534e-05
273	5.577223068362364e-05
274	5.4987518661214265e-05
275	7.162735986367904e-05
276	9.262485719058726e-05
277	0.00011449206436051452
278	0.0001407169276548851
279	0.00026277531586783837
280	0.000526843812863516
281	0.0006027286528487783
282	0.0005226622236531916
283	0.0005462734039638309
284	0.0005759816600849511
285	0.0005673558991113485
286	0.0005378221920861219
287	0.00046733926716421587
288	0.00040783472146491546
289	0.0002824659717028825
290	0.00018671744460490834
291	0.00012668925161792632
292	8.32159020128005e-05
293	6.065049845929831e-05
294	4.3312460873258625e-05
295	3.555944537912473e-05
296	5.2199286581589534e-05
297	5.577223068362364e-05
298	5.4987518661214265e-05
299	7.162735986367904e-05
300	9.262485719058726e-05
301	0.00011449206436051452
302	0.0001407169276548851
303	0.00026277531586783837
304	0.000526843812863516
305	0.0006027286528487783
306	0.0005226622236531916
307	0.0005462734039638309
308	0.0005759816600849511
309	0.0005673558991113485
310	0.0005378221920861219
311	0.00046733926716421587
312	0.00040783472146491546
313	0.0002824659717028825
314	0.00018671744460490834
315	0.00012668925161792632
316	8.32159020128005e-05
317	6.065049845929831e-05
318	4.3312460873258625e-05
319	3.555944537912473e-05
320	5.2199286581589534e-05
321	5.577223068362364e-05
322	5.4987518661214265e-05
323	7.162735986367904e-05
324	9.262485719058726e-05
325	0.00011449206436051452
326	0.0001407169276548851
327	0.00026277531586783837
328	0.000526843812863516
329	0.0006027286528487783
330	0.0005226622236531916
331	0.0005462734039638309
332	0.0005759816600849511
333	0.0005673558991113485
334	0.0005378221920861219
335	0.00046733926716421587
336	0.00040783472146491546
337	0.0002824659717028825
338	0.00018671744460490834
339	0.00012668925161792632
340	8.32159020128005e-05
341	6.065049845929831e-05
342	4.3312460873258625e-05
343	3.555944537912473e-05
344	5.2199286581589534e-05
345	5.577223068362364e-05
346	5.4987518661214265e-05
347	7.162735986367904e-05
348	9.262485719058726e-05
349	0.00011449206436051452
350	0.0001407169276548851
351	0.00026277531586783837
352	0.000526843812863516
353	0.0006027286528487783
354	0.0005226622236531916
355	0.0005462734039638309
356	0.0005759816600849511
357	0.0005673558991113485
358	0.0005378221920861219
359	0.00046733926716421587
360	0.00044200363239592724
361	0.0003246575352996633
362	0.00023078065762265206
363	0.0001655883814580612
364	0.00012125763366613932
365	8.735765006055208e-05
366	6.388843064129894e-05
367	4.954612988508913e-05
368	4.563459331521361e-05
369	5.6065357501548275e-05
370	7.692688587421741e-05
371	0.00011604225157297217
372	0.00017210760907452032
373	0.00025164218599532114
374	0.00034030368157916526
375	0.00043157286820959246
376	0.0005098035996071018
377	0.000569780493678526
378	0.0005854266399580277
379	0.0005554381929223157
380	0.0004850305346645572
381	0.0003768113562313364
382	0.0002972767793105352
383	0.00028814986064749237
384	0.0004102569455083831
385	0.0002841436019587435
386	0.0001878264023759199
387	0.0001274416881692224
388	8.371014035996777e-05
389	6.1010715694085776e-05
390	4.3569703522271244e-05
391	3.5770641089142525e-05
392	5.250931012876478e-05
393	5.610347476611484e-05
394	5.531410215884635e-05
395	7.205277119846859e-05
396	9.317497748270932e-05
397	0.00011517205901639901
398	0.00014155267779470708
399	0.000264335998798018
400	0.0005299728592234884
401	0.0006063083966954355
402	0.0005257664345948142
403	0.0005495178471260886
404	0.0005794025474008788
405	0.0005707255560525094
406	0.0005410164415607674
407	0.0004701149023659359
408	0.00040783472146491546
409	0.0002824659717028825
410	0.00018671744460490834
411	0.00012668925161792632
412	8.32159020128005e-05
413	6.065049845929831e-05
414	4.3312460873258625e-05
415	3.555944537912473e-05
416	5.2199286581589534e-05
417	5.577223068362364e-05
418	5.4987518661214265e-05
419	7.162735986367904e-05
420	9.262485719058726e-05
421	0.00011449206436051452
422	0.0001407169276548851
423	0.00026277531586783837
424	0.000526843812863516
425	0.0006027286528487783
426	0.0005226622236531916
427	0.0005462734039638309
428	0.0005759816600849511
429	0.0005673558991113485
430	0.0005378221920861219
431	0.00046733926716421587
432	0.00040783472146491546
433	0.0002824659717028825
434	0.00018671744460490834
435	0.00012668925161792632
436	8.32159020128005e-05
437	6.065049845929831e-05
438	4.3312460873258625e-05
439	3.555944537912473e-05
440	5.2199286581589534e-05
441	5.577223068362364e-05
442	5.4987518661214265e-05
443	7.162735986367904e-05
444	9.262485719058726e-05
445	0.00011449206436051452
446	0.0001407169276548851
447	0.00026277531586783837
448	0.000526843812863516
449	0.0006027286528487783
450	0.0005226622236531916
451	0.0005462734039638309
452	0.0005759816600849511
453	0.0005673558991113485
454	0.0005378221920861219
455	0.00046733926716421587
456	0.00040783472146491546
457	0.0002824659717028825
458	0.00018671744460490834
459	0.00012668925161792632
460	8.32159020128005e-05
461	6.065049845929831e-05
462	4.3312460873258625e-05
463	3.555944537912473e-05
464	5.2199286581589534e-05
465	5.577223068362364e-05
466	5.4987518661214265e-05
467	7.162735986367904e-05
468	9.262485719058726e-05
469	0.00011449206436051452
470	0.0001407169276548851
471	0.00026277531586783837
472	0.000526843812863516
473	0.0006027286528487783
474	0.0005226622236531916
475	0.0005462734039638309
476	0.0005759816600849511
477	0.0005673558991113485
478	0.0005378221920861219
479	0.00046733926716421587
480	0.00040783472146491546
481	0.0002824659717028825
482	0.00018671744460490834
483	0.00012668925161792632
484	8.32159020128005e-05
485	6.065049845929831e-05
486	4.3312460873258625e-05
487	3.555944537912473e-05
488	5.2199286581589534e-05
489	5.577223068362364e-05
490	5.4987518661214265e-05
491	7.162735986367904e-05
492	9.262485719058726e-05
493	0.00011449206436051452
494	0.0001407169276548851
495	0.00026277531586783837
496	0.000526843812863516
497	0.0006027286528487783
498	0.0005226622236531916
499	0.0005462734039638309
500	0.0005759816600849511
501	0.0005673558991113485
502	0.0005378221920861219
503	0.00046733926716421587
504	0.00040783472146491546
505	0.0002824659717028825
506	0.00018671744460490834
507	0.00012668925161792632
508	8.32159020128005e-05
509	6.065049845929831e-05
510	4.3312460873258625e-05
511	3.555944537912473e-05
512	5.2199286581589534e-05
513	5.577223068362364e-05
514	5.4987518661214265e-05
515	7.162735986367904e-05
516	9.262485719058726e-05
517	0.00011449206436051452
518	0.0001407169276548851
519	0.00026277531586783837
520	0.000526843812863516
521	0.0006027286528487783
522	0.0005226622236531916
523	0.0005462734039638309
524	0.0005759816600849511
525	0.0005673558991113485
526	0.0005378221920861219
527	0.00046733926716421587
528	0.00044200363239592724
529	0.0003246575352996633
530	0.00023078065762265206
531	0.0001655883814580612
532	0.00012125763366613932
533	8.735765006055208e-05
534	6.388843064129894e-05
535	4.954612988508913e-05
536	4.563459331521361e-05
537	5.6065357501548275e-05
538	7.692688587421741e-05
539	0.00011604225157297217
540	0.00017210760907452032
541	0.00025164218599532114
542	0.00034030368157916526
543	0.00043157286820959246
544	0.0005098035996071018
545	0.000569780493678526
546	0.0005854266399580277
547	0.0005554381929223157
548	0.0004850305346645572
549	0.0003768113562313364
550	0.0002972767793105352
551	0.00028814986064749237
552	0.0004102569455083831
553	0.0002841436019587435
554	0.0001878264023759199
555	0.0001274416881692224
556	8.371014035996777e-05
557	6.1010715694085776e-05
558	4.3569703522271244e-05
559	3.5770641089142525e-05
560	5.250931012876478e-05
561	5.610347476611484e-05
562	5.531410215884635e-05
563	7.205277119846859e-05
564	9.317497748270932e-05
565	0.00011517205901639901
566	0.00014155267779470708
567	0.000264335998798018
568	0.0005299728592234884
569	0.0006063083966954355
570	0.0005257664345948142
571	0.0005495178471260886
572	0.0005794025474008788
573	0.0005707255560525094
574	0.0005410164415607674
575	0.0004701149023659359
576	0.00040783472146491546
577	0.0002824659717028825
578	0.00018671744460490834
579	0.00012668925161792632
580	8.32159020128005e-05
581	6.065049845929831e-05
582	4.3312460873258625e-05
583	3.555944537912473e-05
584	5.2199286581589534e-05
585	5.577223068362364e-05
586	5.4987518661214265e-05
587	7.162735986367904e-05
588	9.262485719058726e-05
589	0.00011449206436051452
590	0.0001407169276548851
591	0.00026277531586783837
592	0.000526843812863516
593	0.0006027286528487783
594	0.0005226622236531916
595	0.0005462734039638309
596	0.0005759816600849511
597	0.0005673558991113485
598	0.0005378221920861219
599	0.00046733926716421587
600	0.00040783472146491546
601	0.0002824659717028825
602	0.00018671744460490834
603	0.00012668925161792632
604	8.32159020128005e-05
605	6.065049845929831e-05
606	4.3312460873258625e-05
607	3.555944537912473e-05
608	5.2199286581589534e-05
609	5.577223068362364e-05
610	5.4987518661214265e-05
611	7.162735986367904e-05
612	9.262485719058726e-05
613	0.00011449206436051452
614	0.0001407169276548851
615	0.00026277531586783837
616	0.000526843812863516
617	0.0006027286528487783
618	0.0005226622236531916
619	0.0005462734039638309
620	0.0005759816600849511
621	0.0005673558991113485
622	0.0005378221920861219
623	0.00046733926716421587
624	0.00040783472146491546
625	0.0002824659717028825
626	0.00018671744460490834
627	0.00012668925161792632
628	8.32159020128005e-05
629	6.065049845929831e-05
630	4.3312460873258625e-05
631	3.555944537912473e-05
632	5.2199286581589534e-05
633	5.577223068362364e-05
634	5.4987518661214265e-05
635	7.162735986367904e-05
636	9.262485719058726e-05
637	0.00011449206436051452
638	0.0001407169276548851
639	0.00026277531586783837
640	0.000526843812863516
641	0.0006027286528487783
642	0.0005226622236531916
643	0.0005462734039638309
644	0.0005759816600849511
645	0.0005673558991113485
646	0.0005378221920861219
647	0.00046733926716421587
648	0.00040783472146491546
649	0.0002824659717028825
650	0.00018671744460490834
651	0.00012668925161792632
652	8.32159020128005e-05
653	6.065049845929831e-05
654	4.3312460873258625e-05
655	3.555944537912473e-05
656	5.2199286581589534e-05
657	5.577223068362364e-05
658	5.4987518661214265e-05
659	7.162735986367904e-05
660	9.262485719058726e-05
661	0.00011449206436051452
662	0.0001407169276548851
663	0.00026277531586783837
664	0.000526843812863516
665	0.0006027286528487783
666	0.0005226622236531916
667	0.0005462734039638309
668	0.0005759816600849511
669	0.0005673558991113485
670	0.0005378221920861219
671	0.00046733926716421587
672	0.00040783472146491546
673	0.0002824659717028825
674	0.00018671744460490834
675	0.00012668925161792632
676	8.32159020128005e-05
677	6.065049845929831e-05
678	4.3312460873258625e-05
679	3.555944537912473e-05
680	5.2199286581589534e-05
681	5.577223068362364e-05
682	5.4987518661214265e-05
683	7.162735986367904e-05
684	9.262485719058726e-05
685	0.00011449206436051452
686	0.0001407169276548851
687	0.00026277531586783837
688	0.000526843812863516
689	0.0006027286528487783
690	0.0005226622236531916
691	0.0005462734039638309
692	0.0005759816600849511
693	0.0005673558991113485
694	0.0005378221920861219
695	0.00046733926716421587
696	0.00044200363239592724
697	0.0003246575352996633
698	0.00023078065762265206
699	0.0001655883814580612
700	0.00012125763366613932
701	8.735765006055208e-05
702	6.388843064129894e-05
703	4.954612988508913e-05
704	4.563459331521361e-05
705	5.6065357501548275e-05
706	7.692688587421741e-05
707	0.00011604225157297217
708	0.00017210760907452032
709	0.00025164218599532114
710	0.00034030368157916526
711	0.00043157286820959246
712	0.0005098035996071018
713	0.000569780493678526
714	0.0005854266399580277
715	0.0005554381929223157
716	0.0004850305346645572
717	0.0003768113562313364
718	0.0002972767793105352
719	0.00028814986064749237
720	0.0004102569455083831
721	0.0002841436019587435
722	0.0001878264023759199
723	0.0001274416881692224
724	8.371014035996777e-05
725	6.1010715694085776e-05
726	4.3569703522271244e-05
727	3.5770641089142525e-05
728	5.250931012876478e-05
729	5.610347476611484e-05
730	5.531410215884635e-05
731	7.205277119846859e-05
732	9.317497748270932e-05
733	0.00011517205901639901
734	0.00014155267779470708
735	0.000264335998798018
736	0.0005299728592234884
737	0.0006063083966954355
738	0.0005257664345948142
739	0.0005495178471260886
740	0.0005794025474008788
741	0.0005707255560525094
742	0.0005410164415607674
743	0.0004701149023659359
744	0.00040783472146491546
745	0.0002824659717028825
746	0.00018671744460490834
747	0.00012668925161792632
748	8.32159020128005e-05
749	6.065049845929831e-05
750	4.3312460873258625e-05
751	3.555944537912473e-05
752	5.2199286581589534e-05
753	5.577223068362364e-05
754	5.4987518661214265e-05
755	7.162735986367904e-05
756	9.262485719058726e-05
757	0.00011449206436051452
758	0.0001407169276548851
759	0.00026277531586783837
760	0.000526843812863516
761	0.0006027286528487783
762	0.0005226622236531916
763	0.0005462734039638309
764	0.0005759816600849511
765	0.0005673558991113485
766	0.0005378221920861219
767	0.00046733926716421587
768	0.00040783472146491546
769	0.0002824659717028825
770	0.00018671744460490834
771	0.00012668925161792632
772	8.32159020128005e-05
773	6.065049845929831e-05
774	4.3312460873258625e-05
775	3.555944537912473e-05
776	5.2199286581589534e-05
777	5.577223068362364e-05
778	5.4987518661214265e-05
779	7.162735986367904e-05
780	9.262485719058726e-05
781	0.00011449206436051452
782	0.0001407169276548851
783	0.00026277531586783837
784	0.000526843812863516
785	0.0006027286528487783
786	0.0005226622236531916
787	0.0005462734039638309
788	0.0005759816600849511
789	0.0005673558991113485
790	0.0005378221920861219
791	0.00046733926716421587
792	0.00040783472146491546
793	0.0002824659717028825
794	0.00018671744460490834
795	0.00012668925161792632
796	8.32159020128005e-05
797	6.065049845929831e-05
798	4.3312460873258625e-05
799	3.555944537912473e-05
800	5.2199286581589534e-05
801	5.577223068362364e-05
802	5.4987518661214265e-05
803	7.162735986367904e-05
804	9.262485719058726e-05
805	0.00011449206436051452
806	0.0001407169276548851
807	0.00026277531586783837
808	0.000526843812863516
809	0.0006027286528487783
810	0.0005226622236531916
811	0.0005462734039638309
812	0.0005759816600849511
813	0.0005673558991113485
814	0.0005378221920861219
815	0.00046733926716421587
816	0.00040783472146491546
817	0.0002824659717028825
818	0.00018671744460490834
819	0.00012668925161792632
820	8.32159020128005e-05
821	6.065049845929831e-05
822	4.3312460873258625e-05
823	3.555944537912473e-05
824	5.2199286581589534e-05
825	5.577223068362364e-05
826	5.4987518661214265e-05
827	7.162735986367904e-05
828	9.262485719058726e-05
829	0.00011449206436051452
830	0.0001407169276548851
831	0.00026277531586783837
832	0.000526843812863516
833	0.0006027286528487783
834	0.0005226622236531916
835	0.0005462734039638309
836	0.0005759816600849511
837	0.0005673558991113485
838	0.0005378221920861219
839	0.00046733926716421587
840	0.00040783472146491546
841	0.0002824659717028825
842	0.00018671744460490834
843	0.00012668925161792632
844	8.32159020128005e-05
845	6.065049845929831e-05
846	4.3312460873258625e-05
847	3.555944537912473e-05
848	5.2199286581589534e-05
849	5.577223068362364e-05
850	5.4987518661214265e-05
851	7.162735986367904e-05
852	9.262485719058726e-05
853	0.00011449206436051452
854	0.0001407169276548851
855	0.00026277531586783837
856	0.000526843812863516
857	0.0006027286528487783
858	0.0005226622236531916
859	0.0005462734039638309
860	0.0005759816600849511
861	0.0005673558991113485
862	0.0005378221920861219
863	0.00046733926716421587
864	0.00044200363239592724
865	0.0003246575352996633
866	0.00023078065762265206
867	0.0001655883814580612
868	0.00012125763366613932
869	8.735765006055208e-05
870	6.388843064129894e-05
871	4.954612988508913e-05
872	4.563459331521361e-05
873	5.6065357501548275e-05
874	7.692688587421741e-05
875	0.00011604225157297217
876	0.00017210760907452032
877	0.00025164218599532114
878	0.00034030368157916526
879	0.00043157286820959246
880	0.0005098035996071018
881	0.000569780493678526
882	0.0005854266399580277
883	0.0005554381929223157
884	0.0004850305346645572
885	0.0003768113562313364
886	0.0002972767793105352
887	0.00028814986064749237
888	0.0004102569455083831
889	0.0002841436019587435
890	0.0001878264023759199
891	0.0001274416881692224
892	8.371014035996777e-05
893	6.1010715694085776e-05
894	4.3569703522271244e-05
895	3.5770641089142525e-05
896	5.250931012876478e-05
897	5.610347476611484e-05
898	5.531410215884635e-05
899	7.205277119846859e-05
900	9.317497748270932e-05
901	0.00011517205901639901
902	0.00014155267779470708
903	0.000264335998798018
904	0.0005299728592234884
905	0.0006063083966954355
906	0.0005257664345948142
907	0.0005495178471260886
908	0.0005794025474008788
909	0.0005707255560525094
910	0.0005410164415607674
911	0.0004701149023659359
912	0.00040783472146491546
913	0.0002824659717028825
914	0.00018671744460490834
915	0.00012668925161792632
916	8.32159020128005e-05
917	6.065049845929831e-05
918	4.3312460873258625e-05
919	3.555944537912473e-05
920	5.2199286581589534e-05
921	5.577223068362364e-05
922	5.4987518661214265e-05
923	7.162735986367904e-05
924	9.262485719058726e-05
925	0.00011449206436051452
926	0.0001407169276548851
927	0.00026277531586783837
928	0.000526843812863516
929	0.0006027286528487783
930	0.0005226622236531916
931	0.0005462734039638309
932	0.0005759816600849511
933	0.0005673558991113485
934	0.0005378221920861219
935	0.00046733926716421587
936	0.00040783472146491546
937	0.0002824659717028825
938	0.00018671744460490834
939	0.00012668925161792632
940	8.32159020128005e-05
941	6.065049845929831e-05
942	4.3312460873258625e-05
943	3.555944537912473e-05
944	5.2199286581589534e-05
945	5.577223068362364e-05
946	5.4987518661214265e-05
947	7.162735986367904e-05
948	9.262485719058726e-05
949	0.00011449206436051452
950	0.0001407169276548851
951	0.00026277531586783837
952	0.000526843812863516
953	0.0006027286528487783
954	0.0005226622236531916
955	0.0005462734039638309
956	0.0005759816600849511
957	0.0005673558991113485
958	0.0005378221920861219
959	0.00046733926716421587
960	0.00040783472146491546
961	0.0002824659717028825
962	0.00018671744460490834
963	0.00012668925161792632
964	8.32159020128005e-05
965	6.065049845929831e-05
966	4.3312460873258625e-05
967	3.555944537912473e-05
968	5.2199286581589534e-05
969	5.577223068362364e-05
970	5.4987518661214265e-05
971	7.162735986367904e-05
972	9.262485719058726e-05
973	0.00011449206436051452
974	0.0001407169276548851
975	0.00026277531586783837
976	0.000526843812863516
977	0.0006027286528487783
978	0.0005226622236531916
979	0.0005462734039638309
980	0.0005759816600849511
981	0.0005673558991113485
982	0.0005378221920861219
983	0.00046733926716421587
984	0.00040783472146491546
985	0.0002824659717028825
986	0.00018671744460490834
987	0.00012668925161792632
988	8.32159020128005e-05
989	6.065049845929831e-05
990	4.3312460873258625e-05
991	3.555944537912473e-05
992	5.2199286581589534e-05
993	5.577223068362364e-05
994	5.4987518661214265e-05
995	7.162735986367904e-05
996	9.262485719058726e-05
997	0.00011449206436051452
998	0.0001407169276548851
999	0.00026277531586783837
1000	0.000526843812863516
1001	0.0006027286528487783
1002	0.0005226622236531916
1003	0.0005462734039638309
1004	0.0005759816600849511
1005	0.0005673558991113485
1006	0.0005378221920861219
1007	0.00046733926716421587
1008	0.00040783472146491546
1009	0.0002824659717028825
1010	0.00018671744460490834
1011	0.00012668925161792632
1012	8.32159020128005e-05
1013	6.065049845929831e-05
1014	4.3312460873258625e-05
1015	3.555944537912473e-05
1016	5.2199286581589534e-05
1017	5.577223068362364e-05
1018	5.4987518661214265e-05
1019	7.162735986367904e-05
1020	9.262485719058726e-05
1021	0.00011449206436051452
1022	0.0001407169276548851
1023	0.00026277531586783837
1024	0.000526843812863516
1025	0.0006027286528487783
1026	0.0005226622236531916
1027	0.0005462734039638309
1028	0.0005759816600849511
1029	0.0005673558991113485
1030	0.0005378221920861219
1031	0.00046733926716421587
1032	0.00044200363239592724
1033	0.0003246575352996633
1034	0.00023078065762265206
1035	0.0001655883814580612
1036	0.00012125763366613932
1037	8.735765006055208e-05
1038	6.388843064129894e-05
1039	4.954612988508913e-05
1040	4.563459331521361e-05
1041	5.6065357501548275e-05
1042	7.692688587421741e-05
1043	0.00011604225157297217
1044	0.00017210760907452032
1045	0.00025164218599532114
1046	0.00034030368157916526
1047	0.00043157286820959246
1048	0.0005098035996071018
1049	0.000569780493678526
1050	0.0005854266399580277
1051	0.0005554381929223157
1052	0.0004850305346645572
1053	0.0003768113562313364
1054	0.0002972767793105352
1055	0.00028814986064749237
1056	0.0004102569455083831
1057	0.0002841436019587435
1058	0.0001878264023759199
1059	0.0001274416881692224
1060	8.371014035996777e-05
1061	6.1010715694085776e-05
1062	4.3569703522271244e-05
1063	3.5770641089142525e-05
1064	5.250931012876478e-05
1065	5.610347476611484e-05
1066	5.531410215884635e-05
1067	7.205277119846859e-05
1068	9.317497748270932e-05
1069	0.00011517205901639901
1070	0.00014155267779470708
1071	0.000264335998798018
1072	0.0005299728592234884
1073	0.0006063083966954355
1074	0.0005257664345948142
1075	0.0005495178471260886
1076	0.0005794025474008788
1077	0.0005707255560525094
1078	0.0005410164415607674
1079	0.0004701149023659359
1080	0.00040783472146491546
1081	0.0002824659717028825
1082	0.00018671744460490834
1083	0.00012668925161792632
1084	8.32159020128005e-05
1085	6.065049845929831e-05
1086	4.3312460873258625e-05
1087	3.555944537912473e-05
1088	5.2199286581589534e-05
1089	5.577223068362364e-05
1090	5.4987518661214265e-05
1091	7.162735986367904e-05
1092	9.262485719058726e-05
1093	0.00011449206436051452
1094	0.0001407169276548851
1095	0.00026277531586783837
1096	0.000526843812863516
1097	0.0006027286528487783
1098	0.0005226622236531916
1099	0.0005462734039638309
1100	0.0005759816600849511
1101	0.0005673558991113485
1102	0.0005378221920861219
1103	0.00046733926716421587
1104	0.00040783472146491546
1105	0.0002824659717028825
1106	0.00018671744460490834
1107	0.00012668925161792632
1108	8.32159020128005e-05
1109	6.065049845929831e-05
1110	4.3312460873258625e-05
1111	3.555944537912473e-05
1112	5.2199286581589534e-05
1113	5.577223068362364e-05
1114	5.4987518661214265e-05
1115	7.162735986367904e-05
1116	9.262485719058726e-05
1117	0.00011449206436051452
1118	0.0001407169276548851
1119	0.00026277531586783837
1120	0.000526843812863516
1121	0.0006027286528487783
1122	0.0005226622236531916
1123	0.0005462734039638309
1124	0.0005759816600849511
1125	0.0005673558991113485
1126	0.0005378221920861219
1127	0.00046733926716421587
1128	0.00040783472146491546
1129	0.0002824659717028825
1130	0.00018671744460490834
1131	0.00012668925161792632
1132	8.32159020128005e-05
1133	6.065049845929831e-05
1134	4.3312460873258625e-05
1135	3.555944537912473e-05
1136	5.2199286581589534e-05
1137	5.577223068362364e-05
1138	5.4987518661214265e-05
1139	7.162735986367904e-05
1140	9.262485719058726e-05
1141	0.00011449206436051452
1142	0.0001407169276548851
1143	0.00026277531586783837
1144	0.000526843812863516
1145	0.0006027286528487783
1146	0.0005226622236531916
1147	0.0005462734039638309
1148	0.0005759816600849511
1149	0.0005673558991113485
1150	0.0005378221920861219
1151	0.00046733926716421587
1152	0.00040783472146491546
1153	0.0002824659717028825
1154	0.00018671744460490834
1155	0.00012668925161792632
1156	8.32159020128005e-05
1157	6.065049845929831e-05
1158	4.3312460873258625e-05
1159	3.555944537912473e-05
1160	5.2199286581589534e-05
1161	5.577223068362364e-05
1162	5.4987518661214265e-05
1163	7.162735986367904e-05
1164	9.262485719058726e-05
1165	0.00011449206436051452
1166	0.0001407169276548851
1167	0.00026277531586783837
1168	0.000526843812863516
1169	0.0006027286528487783
1170	0.0005226622236531916
1171	0.0005462734039638309
1172	0.0005759816600849511
1173	0.0005673558991113485
1174	0.0005378221920861219
1175	0.00046733926716421587
1176	0.00040783472146491546
1177	0.0002824659717028825
1178	0.00018671744460490834
1179	0.00012668925161792632
1180	8.32159020128005e-05
1181	6.065049845929831e-05
1182	4.3312460873258625e-05
1183	3.555944537912473e-05
1184	5.2199286581589534e-05
1185	5.577223068362364e-05
1186	5.4987518661214265e-05
1187	7.162735986367904e-05
1188	9.262485719058726e-05
1189	0.00011449206436051452
1190	0.0001407169276548851
1191	0.00026277531586783837
1192	0.000526843812863516
1193	0.0006027286528487783
1194	0.0005226622236531916
1195	0.0005462734039638309
1196	0.0005759816600849511
1197	0.0005673558991113485
1198	0.0005378221920861219
1199	0.00046733926716421587
1200	0.00044200363239592724
1201	0.0003246575352996633
1202	0.00023078065762265206
1203	0.0001655883814580612
1204	0.00012125763366613932
1205	8.735765006055208e-05
1206	6.388843064129894e-05
1207	4.954612988508913e-05
1208	4.563459331521361e-05
1209	5.6065357501548275e-05
1210	7.692688587421741e-05
1211	0.00011604225157297217
1212	0.00017210760907452032
1213	0.00025164218599532114
1214	0.00034030368157916526
1215	0.00043157286820959246
1216	0.0005098035996071018
1217	0.000569780493678526
1218	0.0005854266399580277
1219	0.0005554381929223157
1220	0.0004850305346645572
1221	0.0003768113562313364
1222	0.0002972767793105352
1223	0.00028814986064749237
1224	0.0004102569455083831
1225	0.0002841436019587435
1226	0.0001878264023759199
1227	0.0001274416881692224
1228	8.371014035996777e-05
1229	6.1010715694085776e-05
1230	4.3569703522271244e-05
1231	3.5770641089142525e-05
1232	5.250931012876478e-05
1233	5.610347476611484e-05
1234	5.531410215884635e-05
1235	7.205277119846859e-05
1236	9.317497748270932e-05
1237	0.00011517205901639901
1238	0.00014155267779470708
1239	0.000264335998798018
1240	0.0005299728592234884
1241	0.0006063083966954355
1242	0.0005257664345948142
1243	0.0005495178471260886
1244	0.0005794025474008788
1245	0.0005707255560525094
1246	0.0005410164415607674
1247	0.0004701149023659359
1248	0.00040783472146491546
1249	0.0002824659717028825
1250	0.00018671744460490834
1251	0.00012668925161792632
1252	8.32159020128005e-05
1253	6.065049845929831e-05
1254	4.3312460873258625e-05
1255	3.555944537912473e-05
1256	5.2199286581589534e-05
1257	5.577223068362364e-05
1258	5.4987518661214265e-05
1259	7.162735986367904e-05
1260	9.262485719058726e-05
1261	0.00011449206436051452
1262	0.0001407169276548851
1263	0.00026277531586783837
1264	0.000526843812863516
1265	0.0006027286528487783
1266	0.0005226622236531916
1267	0.0005462734039638309
1268	0.0005759816600849511
1269	0.0005673558991113485
1270	0.0005378221920861219
1271	0.00046733926716421587
1272	0.00040783472146491546
1273	0.0002824659717028825
1274	0.00018671744460490834
1275	0.00012668925161792632
1276	8.32159020128005e-05
1277	6.065049845929831e-05
1278	4.3312460873258625e-05
1279	3.555944537912473e-05
1280	5.2199286581589534e-05
1281	5.577223068362364e-05
1282	5.4987518661214265e-05
1283	7.162735986367904e-05
1284	9.262485719058726e-05
1285	0.00011449206436051452
1286	0.0001407169276548851
1287	0.00026277531586783837
1288	0.000526843812863516
1289	0.0006027286528487783
1290	0.0005226622236531916
1291	0.0005462734039638309
1292	0.0005759816600849511
1293	0.0005673558991113485
1294	0.0005378221920861219
1295	0.00046733926716421587
1296	0.00040783472146491546
1297	0.0002824659717028825
1298	0.00018671744460490834
1299	0.00012668925161792632
1300	8.32159020128005e-05
1301	6.065049845929831e-05
1302	4.3312460873258625e-05
1303	3.555944537912473e-05
1304	5.2199286581589534e-05
1305	5.577223068362364e-05
1306	5.4987518661214265e-05
1307	7.162735986367904e-05
1308	9.262485719058726e-05
1309	0.00011449206436051452
1310	0.0001407169276548851
1311	0.00026277531586783837
1312	0.000526843812863516
1313	0.0006027286528487783
1314	0.0005226622236531916
1315	0.0005462734039638309
1316	0.0005759816600849511
1317	0.0005673558991113485
1318	0.0005378221920861219
1319	0.00046733926716421587
1320	0.00040783472146491546
1321	0.0002824659717028825
1322	0.00018671744460490834
1323	0.00012668925161792632
1324	8.32159020128005e-05
1325	6.065049845929831e-05
1326	4.3312460873258625e-05
1327	3.555944537912473e-05
1328	5.2199286581589534e-05
1329	5.577223068362364e-05
1330	5.4987518661214265e-05
1331	7.162735986367904e-05
1332	9.262485719058726e-05
1333	0.00011449206436051452
1334	0.0001407169276548851
1335	0.00026277531586783837
1336	0.000526843812863516
1337	0.0006027286528487783
1338	0.0005226622236531916
1339	0.0005462734039638309
1340	0.0005759816600849511
1341	0.0005673558991113485
1342	0.0005378221920861219
1343	0.00046733926716421587
1344	0.00040783472146491546
1345	0.0002824659717028825
1346	0.00018671744460490834
1347	0.00012668925161792632
1348	8.32159020128005e-05
1349	6.065049845929831e-05
1350	4.3312460873258625e-05
1351	3.555944537912473e-05
1352	5.2199286581589534e-05
1353	5.577223068362364e-05
1354	5.4987518661214265e-05
1355	7.162735986367904e-05
1356	9.262485719058726e-05
1357	0.00011449206436051452
1358	0.0001407169276548851
1359	0.00026277531586783837
1360	0.000526843812863516
1361	0.0006027286528487783
1362	0.0005226622236531916
1363	0.0005462734039638309
1364	0.0005759816600849511
1365	0.0005673558991113485
1366	0.0005378221920861219
1367	0.00046733926716421587
1368	0.00044200363239592724
1369	0.0003246575352996633
1370	0.00023078065762265206
1371	0.0001655883814580612
1372	0.00012125763366613932
1373	8.735765006055208e-05
1374	6.388843064129894e-05
1375	4.954612988508913e-05
1376	4.563459331521361e-05
1377	5.6065357501548275e-05
1378	7.692688587421741e-05
1379	0.00011604225157297217
1380	0.00017210760907452032
1381	0.00025164218599532114
1382	0.00034030368157916526
1383	0.00043157286820959246
1384	0.0005098035996071018
1385	0.000569780493678526
1386	0.0005854266399580277
1387	0.0005554381929223157
1388	0.0004850305346645572
1389	0.0003768113562313364
1390	0.0002972767793105352
1391	0.00028814986064749237
1392	0.0004102569455083831
1393	0.0002841436019587435
1394	0.0001878264023759199
1395	0.0001274416881692224
1396	8.371014035996777e-05
1397	6.1010715694085776e-05
1398	4.3569703522271244e-05
1399	3.5770641089142525e-05
1400	5.250931012876478e-05
1401	5.610347476611484e-05
1402	5.531410215884635e-05
1403	7.205277119846859e-05
1404	9.317497748270932e-05
1405	0.00011517205901639901
1406	0.00014155267779470708
1407	0.000264335998798018
1408	0.0005299728592234884
1409	0.0006063083966954355
1410	0.0005257664345948142
1411	0.0005495178471260886
1412	0.0005794025474008788
1413	0.0005707255560525094
1414	0.0005410164415607674
1415	0.0004701149023659359
1416	0.00040783472146491546
1417	0.0002824659717028825
1418	0.00018671744460490834
1419	0.00012668925161792632
1420	8.32159020128005e-05
1421	6.065049845929831e-05
1422	4.3312460873258625e-05
1423	3.555944537912473e-05
1424	5.2199286581589534e-05
1425	5.577223068362364e-05
1426	5.4987518661214265e-05
1427	7.162735986367904e-05
1428	9.262485719058726e-05
1429	0.00011449206436051452
1430	0.0001407169276548851
1431	0.00026277531586783837
1432	0.000526843812863516
1433	0.0006027286528487783
1434	0.0005226622236531916
1435	0.0005462734039638309
1436	0.0005759816600849511
1437	0.0005673558991113485
1438	0.0005378221920861219
1439	0.00046733926716421587
1440	0.00040783472146491546
1441	0.0002824659717028825
1442	0.00018671744460490834
1443	0.00012668925161792632
1444	8.32159020128005e-05
1445	6.065049845929831e-05
1446	4.3312460873258625e-05
1447	3.555944537912473e-05
1448	5.2199286581589534e-05
1449	5.577223068362364e-05
1450	5.4987518661214265e-05
1451	7.162735986367904e-05
1452	9.262485719058726e-05
1453	0.00011449206436051452
1454	0.0001407169276548851
1455	0.00026277531586783837
1456	0.000526843812863516
1457	0.0006027286528487783
1458	0.0005226622236531916
1459	0.0005462734039638309
1460	0.0005759816600849511
1461	0.0005673558991113485
1462	0.0005378221920861219
1463	0.00046733926716421587
1464	0.00040783472146491546
1465	0.0002824659717028825
1466	0.00018671744460490834
1467	0.00012668925161792632
1468	8.32159020128005e-05
1469	6.065049845929831e-05
1470	4.3312460873258625e-05
1471	3.555944537912473e-05
1472	5.2199286581589534e-05
1473	5.577223068362364e-05
1474	5.4987518661214265e-05
1475	7.162735986367904e-05
1476	9.262485719058726e-05
1477	0.00011449206436051452
1478	0.0001407169276548851
1479	0.00026277531586783837
1480	0.000526843812863516
1481	0.0006027286528487783
1482	0.0005226622236531916
1483	0.0005462734039638309
1484	0.0005759816600849511
1485	0.0005673558991113485
1486	0.0005378221920861219
1487	0.00046733926716421587
1488	0.00040783472146491546
1489	0.0002824659717028825
1490	0.00018671744460490834
1491	0.00012668925161792632
1492	8.32159020128005e-05
1493	6.065049845929831e-05
1494	4.3312460873258625e-05
1495	3.555944537912473e-05
1496	5.2199286581589534e-05
1497	5.577223068362364e-05
1498	5.4987518661214265e-05
1499	7.162735986367904e-05
1500	9.262485719058726e-05
1501	0.00011449206436051452
1502	0.0001407169276548851
1503	0.00026277531586783837
1504	0.000526843812863516
1505	0.0006027286528487783
1506	0.0005226622236531916
1507	0.0005462734039638309
1508	0.0005759816600849511
1509	0.0005673558991113485
1510	0.0005378221920861219
1511	0.00046733926716421587
1512	0.00040783472146491546
1513	0.0002824659717028825
1514	0.00018671744460490834
1515	0.00012668925161792632
1516	8.32159020128005e-05
1517	6.065049845929831e-05
1518	4.3312460873258625e-05
1519	3.555944537912473e-05
1520	5.2199286581589534e-05
1521	5.577223068362364e-05
1522	5.4987518661214265e-05
1523	7.162735986367904e-05
1524	9.262485719058726e-05
1525	0.00011449206436051452
1526	0.0001407169276548851
1527	0.00026277531586783837
1528	0.000526843812863516
1529	0.0006027286528487783
1530	0.0005226622236531916
1531	0.0005462734039638309
1532	0.0005759816600849511
1533	0.0005673558991113485
1534	0.0005378221920861219
1535	0.00046733926716421587
1536	0.00044200363239592724
1537	0.0003246575352996633
1538	0.00023078065762265206
1539	0.0001655883814580612
1540	0.00012125763366613932
1541	8.735765006055208e-05
1542	6.388843064129894e-05
1543	4.954612988508913e-05
1544	4.563459331521361e-05
1545	5.6065357501548275e-05
1546	7.692688587421741e-05
1547	0.00011604225157297217
1548	0.00017210760907452032
1549	0.00025164218599532114
1550	0.00034030368157916526
1551	0.00043157286820959246
1552	0.0005098035996071018
1553	0.000569780493678526
1554	0.0005854266399580277
1555	0.0005554381929223157
1556	0.0004850305346645572
1557	0.0003768113562313364
1558	0.0002972767793105352
1559	0.00028814986064749237
1560	0.0004102569455083831
1561	0.0002841436019587435
1562	0.0001878264023759199
1563	0.0001274416881692224
1564	8.371014035996777e-05
1565	6.1010715694085776e-05
1566	4.3569703522271244e-05
1567	3.5770641089142525e-05
1568	5.250931012876478e-05
1569	5.610347476611484e-05
1570	5.531410215884635e-05
1571	7.205277119846859e-05
1572	9.317497748270932e-05
1573	0.00011517205901639901
1574	0.00014155267779470708
1575	0.000264335998798018
1576	0.0005299728592234884
1577	0.0006063083966954355
1578	0.0005257664345948142
1579	0.0005495178471260886
1580	0.0005794025474008788
1581	0.0005707255560525094
1582	0.0005410164415607674
1583	0.0004701149023659359
1584	0.00040783472146491546
1585	0.0002824659717028825
1586	0.00018671744460490834
1587	0.00012668925161792632
1588	8.32159020128005e-05
1589	6.065049845929831e-05
1590	4.3312460873258625e-05
1591	3.555944537912473e-05
1592	5.2199286581589534e-05
1593	5.577223068362364e-05
1594	5.4987518661214265e-05
1595	7.162735986367904e-05
1596	9.262485719058726e-05
1597	0.00011449206436051452
1598	0.0001407169276548851
1599	0.00026277531586783837
1600	0.000526843812863516
1601	0.0006027286528487783
1602	0.0005226622236531916
1603	0.0005462734039638309
1604	0.0005759816600849511
1605	0.0005673558991113485
1606	0.0005378221920861219
1607	0.00046733926716421587
1608	0.00040783472146491546
1609	0.0002824659717028825
1610	0.00018671744460490834
1611	0.00012668925161792632
1612	8.32159020128005e-05
1613	6.065049845929831e-05
1614	4.3312460873258625e-05
1615	3.555944537912473e-05
1616	5.2199286581589534e-05
1617	5.577223068362364e-05
1618	5.4987518661214265e-05
1619	7.162735986367904e-05
1620	9.262485719058726e-05
1621	0.00011449206436051452
1622	0.0001407169276548851
1623	0.00026277531586783837
1624	0.000526843812863516
1625	0.0006027286528487783
1626	0.0005226622236531916
1627	0.0005462734039638309
1628	0.0005759816600849511
1629	0.0005673558991113485
1630	0.0005378221920861219
1631	0.00046733926716421587
1632	0.00040783472146491546
1633	0.0002824659717028825
1634	0.00018671744460490834
1635	0.00012668925161792632
1636	8.32159020128005e-05
1637	6.065049845929831e-05
1638	4.3312460873258625e-05
1639	3.555944537912473e-05
1640	5.2199286581589534e-05
1641	5.577223068362364e-05
1642	5.4987518661214265e-05
1643	7.162735986367904e-05
1644	9.262485719058726e-05
1645	0.00011449206436051452
1646	0.0001407169276548851
1647	0.00026277531586783837
1648	0.000526843812863516
1649	0.0006027286528487783
1650	0.0005226622236531916
1651	0.0005462734039638309
1652	0.0005759816600849511
1653	0.0005673558991113485
1654	0.0005378221920861219
1655	0.00046733926716421587
1656	0.00040783472146491546
1657	0.0002824659717028825
1658	0.00018671744460490834
1659	0.00012668925161792632
1660	8.32159020128005e-05
1661	6.065049845929831e-05
1662	4.3312460873258625e-05
1663	3.555944537912473e-05
1664	5.2199286581589534e-05
1665	5.577223068362364e-05
1666	5.4987518661214265e-05
1667	7.162735986367904e-05
1668	9.262485719058726e-05
1669	0.00011449206436051452
1670	0.0001407169276548851
1671	0.00026277531586783837
1672	0.000526843812863516
1673	0.0006027286528487783
1674	0.0005226622236531916
1675	0.0005462734039638309
1676	0.0005759816600849511
1677	0.0005673558991113485
1678	0.0005378221920861219
1679	0.00046733926716421587
1680	0.00040783472146491546
1681	0.0002824659717028825
1682	0.00018671744460490834
1683	0.00012668925161792632
1684	8.32159020128005e-05
1685	6.065049845929831e-05
1686	4.3312460873258625e-05
1687	3.555944537912473e-05
1688	5.2199286581589534e-05
1689	5.577223068362364e-05
1690	5.4987518661214265e-05
1691	7.162735986367904e-05
1692	9.262485719058726e-05
1693	0.00011449206436051452
1694	0.0001407169276548851
1695	0.00026277531586783837
1696	0.000526843812863516
1697	0.0006027286528487783
1698	0.0005226622236531916
1699	0.0005462734039638309
1700	0.0005759816600849511
1701	0.0005673558991113485
1702	0.0005378221920861219
1703	0.00046733926716421587
1704	0.00044200363239592724
1705	0.0003246575352996633
1706	0.00023078065762265206
1707	0.0001655883814580612
1708	0.00012125763366613932
1709	8.735765006055208e-05
1710	6.388843064129894e-05
1711	4.954612988508913e-05
1712	4.563459331521361e-05
1713	5.6065357501548275e-05
1714	7.692688587421741e-05
1715	0.00011604225157297217
1716	0.00017210760907452032
1717	0.00025164218599532114
1718	0.00034030368157916526
1719	0.00043157286820959246
1720	0.0005098035996071018
1721	0.000569780493678526
1722	0.0005854266399580277
1723	0.0005554381929223157
1724	0.0004850305346645572
1725	0.0003768113562313364
1726	0.0002972767793105352
1727	0.00028814986064749237
1728	0.0004102569455083831
1729	0.0002841436019587435
1730	0.0001878264023759199
1731	0.0001274416881692224
1732	8.371014035996777e-05
1733	6.1010715694085776e-05
1734	4.3569703522271244e-05
1735	3.5770641089142525e-05
1736	5.250931012876478e-05
1737	5.610347476611484e-05
1738	5.531410215884635e-05
1739	7.205277119846859e-05
1740	9.317497748270932e-05
1741	0.00011517205901639901
1742	0.00014155267779470708
1743	0.000264335998798018
1744	0.0005299728592234884
1745	0.0006063083966954355
1746	0.0005257664345948142
1747	0.0005495178471260886
1748	0.0005794025474008788
1749	0.0005707255560525094
1750	0.0005410164415607674
1751	0.0004701149023659359
1752	0.00040783472146491546
1753	0.0002824659717028825
1754	0.00018671744460490834
1755	0.00012668925161792632
1756	8.32159020128005e-05
1757	6.065049845929831e-05
1758	4.3312460873258625e-05
1759	3.555944537912473e-05
1760	5.2199286581589534e-05
1761	5.577223068362364e-05
1762	5.4987518661214265e-05
1763	7.162735986367904e-05
1764	9.262485719058726e-05
1765	0.00011449206436051452
1766	0.0001407169276548851
1767	0.00026277531586783837
1768	0.000526843812863516
1769	0.0006027286528487783
1770	0.0005226622236531916
1771	0.0005462734039638309
1772	0.0005759816600849511
1773	0.0005673558991113485
1774	0.0005378221920861219
1775	0.00046733926716421587
1776	0.00040783472146491546
1777	0.0002824659717028825
1778	0.00018671744460490834
1779	0.00012668925161792632
1780	8.32159020128005e-05
1781	6.065049845929831e-05
1782	4.3312460873258625e-05
1783	3.555944537912473e-05
1784	5.2199286581589534e-05
1785	5.577223068362364e-05
1786	5.4987518661214265e-05
1787	7.162735986367904e-05
1788	9.262485719058726e-05
1789	0.00011449206436051452
1790	0.0001407169276548851
1791	0.00026277531586783837
1792	0.000526843812863516
1793	0.0006027286528487783
1794	0.0005226622236531916
1795	0.0005462734039638309
1796	0.0005759816600849511
1797	0.0005673558991113485
1798	0.0005378221920861219
1799	0.00046733926716421587
1800	0.00040783472146491546
1801	0.0002824659717028825
1802	0.00018671744460490834
1803	0.00012668925161792632
1804	8.32159020128005e-05
1805	6.065049845929831e-05
1806	4.3312460873258625e-05
1807	3.555944537912473e-05
1808	5.2199286581589534e-05
1809	5.577223068362364e-05
1810	5.4987518661214265e-05
1811	7.162735986367904e-05
1812	9.262485719058726e-05
1813	0.00011449206436051452
1814	0.0001407169276548851
1815	0.00026277531586783837
1816	0.000526843812863516
1817	0.0006027286528487783
1818	0.0005226622236531916
1819	0.0005462734039638309
1820	0.0005759816600849511
1821	0.0005673558991113485
1822	0.0005378221920861219
1823	0.00046733926716421587
1824	0.00040783472146491546
1825	0.0002824659717028825
1826	0.00018671744460490834
1827	0.00012668925161792632
1828	8.32159020128005e-05
1829	6.065049845929831e-05
1830	4.3312460873258625e-05
1831	3.555944537912473e-05
1832	5.2199286581589534e-05
1833	5.577223068362364e-05
1834	5.4987518661214265e-05
1835	7.162735986367904e-05
1836	9.262485719058726e-05
1837	0.00011449206436051452
1838	0.0001407169276548851
1839	0.00026277531586783837
1840	0.000526843812863516
1841	0.0006027286528487783
1842	0.0005226622236531916
1843	0.0005462734039638309
1844	0.0005759816600849511
1845	0.0005673558991113485
1846	0.0005378221920861219
1847	0.00046733926716421587
1848	0.00040783472146491546
1849	0.0002824659717028825
1850	0.00018671744460490834
1851	0.00012668925161792632
1852	8.32159020128005e-05
1853	6.065049845929831e-05
1854	4.3312460873258625e-05
1855	3.555944537912473e-05
1856	5.2199286581589534e-05
1857	5.577223068362364e-05
1858	5.4987518661214265e-05
1859	7.162735986367904e-05
1860	9.262485719058726e-05
1861	0.00011449206436051452
1862	0.0001407169276548851
1863	0.00026277531586783837
1864	0.000526843812863516
1865	0.0006027286528487783
1866	0.0005226622236531916
1867	0.0005462734039638309
1868	0.0005759816600849511
1869	0.0005673558991113485
1870	0.0005378221920861219
1871	0.00046733926716421587
1872	0.00044200363239592724
1873	0.0003246575352996633
1874	0.00023078065762265206
1875	0.0001655883814580612
1876	0.00012125763366613932
1877	8.735765006055208e-05
1878	6.388843064129894e-05
1879	4.954612988508913e-05
1880	4.563459331521361e-05
1881	5.6065357501548275e-05
1882	7.692688587421741e-05
1883	0.00011604225157297217
1884	0.00017210760907452032
1885	0.00025164218599532114
1886	0.00034030368157916526
1887	0.00043157286820959246
1888	0.0005098035996071018
1889	0.000569780493678526
1890	0.0005854266399580277
1891	0.0005554381929223157
1892	0.0004850305346645572
1893	0.0003768113562313364
1894	0.0002972767793105352
1895	0.00028814986064749237
1896	0.0004102569455083831
1897	0.0002841436019587435
1898	0.0001878264023759199
1899	0.0001274416881692224
1900	8.371014035996777e-05
1901	6.1010715694085776e-05
1902	4.3569703522271244e-05
1903	3.5770641089142525e-05
1904	5.250931012876478e-05
1905	5.610347476611484e-05
1906	5.531410215884635e-05
1907	7.205277119846859e-05
1908	9.317497748270932e-05
1909	0.00011517205901639901
1910	0.00014155267779470708
1911	0.000264335998798018
1912	0.0005299728592234884
1913	0.0006063083966954355
1914	0.0005257664345948142
1915	0.0005495178471260886
1916	0.0005794025474008788
1917	0.0005707255560525094
1918	0.0005410164415607674
1919	0.0004701149023659359
1920	0.00040783472146491546
1921	0.0002824659717028825
1922	0.00018671744460490834
1923	0.00012668925161792632
1924	8.32159020128005e-05
1925	6.065049845929831e-05
1926	4.3312460873258625e-05
1927	3.555944537912473e-05
1928	5.2199286581589534e-05
1929	5.577223068362364e-05
1930	5.4987518661214265e-05
1931	7.162735986367904e-05
1932	9.262485719058726e-05
1933	0.00011449206436051452
1934	0.0001407169276548851
1935	0.00026277531586783837
1936	0.000526843812863516
1937	0.0006027286528487783
1938	0.0005226622236531916
1939	0.0005462734039638309
1940	0.0005759816600849511
1941	0.0005673558991113485
1942	0.0005378221920861219
1943	0.00046733926716421587
1944	0.00040783472146491546
1945	0.0002824659717028825
1946	0.00018671744460490834
1947	0.00012668925161792632
1948	8.32159020128005e-05
1949	6.065049845929831e-05
1950	4.3312460873258625e-05
1951	3.555944537912473e-05
1952	5.2199286581589534e-05
1953	5.577223068362364e-05
1954	5.4987518661214265e-05
1955	7.162735986367904e-05
1956	9.262485719058726e-05
1957	0.00011449206436051452
1958	0.0001407169276548851
1959	0.00026277531586783837
1960	0.000526843812863516
1961	0.0006027286528487783
1962	0.0005226622236531916
1963	0.0005462734039638309
1964	0.0005759816600849511
1965	0.0005673558991113485
1966	0.0005378221920861219
1967	0.00046733926716421587
1968	0.00040783472146491546
1969	0.0002824659717028825
1970	0.00018671744460490834
1971	0.00012668925161792632
1972	8.32159020128005e-05
1973	6.065049845929831e-05
1974	4.3312460873258625e-05
1975	3.555944537912473e-05
1976	5.2199286581589534e-05
1977	5.577223068362364e-05
1978	5.4987518661214265e-05
1979	7.162735986367904e-05
1980	9.262485719058726e-05
1981	0.00011449206436051452
1982	0.0001407169276548851
1983	0.00026277531586783837
1984	0.000526843812863516
1985	0.0006027286528487783
1986	0.0005226622236531916
1987	0.0005462734039638309
1988	0.0005759816600849511
1989	0.0005673558991113485
1990	0.0005378221920861219
1991	0.00046733926716421587
1992	0.00040783472146491546
1993	0.0002824659717028825
1994	0.00018671744460490834
1995	0.00012668925161792632
1996	8.32159020128005e-05
1997	6.065049845929831e-05
1998	4.3312460873258625e-05
1999	3.555944537912473e-05
2000	5.2199286581589534e-05
2001	5.577223068362364e-05
2002	5.4987518661214265e-05
2003	7.162735986367904e-05
2004	9.262485719058726e-05
2005	0.00011449206436051452
2006	0.0001407169276548851
2007	0.00026277531586783837
2008	0.000526843812863516
2009	0.0006027286528487783
2010	0.0005226622236531916
2011	0.0005462734039638309
2012	0.0005759816600849511
2013	0.0005673558991113485
2014	0.0005378221920861219
2015	0.00046733926716421587
2016	0.00040783472146491546
2017	0.0002824659717028825
2018	0.00018671744460490834
2019	0.00012668925161792632
2020	8.32159020128005e-05
2021	6.065049845929831e-05
2022	4.3312460873258625e-05
2023	3.555944537912473e-05
2024	5.2199286581589534e-05
2025	5.577223068362364e-05
2026	5.4987518661214265e-05
2027	7.162735986367904e-05
2028	9.262485719058726e-05
2029	0.00011449206436051452
2030	0.0001407169276548851
2031	0.00026277531586783837
2032	0.000526843812863516
2033	0.0006027286528487783
2034	0.0005226622236531916
2035	0.0005462734039638309
2036	0.0005759816600849511
2037	0.0005673558991113485
2038	0.0005378221920861219
2039	0.00046733926716421587
2040	0.00044200363239592724
2041	0.0003246575352996633
2042	0.00023078065762265206
2043	0.0001655883814580612
2044	0.00012125763366613932
2045	8.735765006055208e-05
2046	6.388843064129894e-05
2047	4.954612988508913e-05
2048	4.563459331521361e-05
2049	5.6065357501548275e-05
2050	7.692688587421741e-05
2051	0.00011604225157297217
2052	0.00017210760907452032
2053	0.00025164218599532114
2054	0.00034030368157916526
2055	0.00043157286820959246
2056	0.0005098035996071018
2057	0.000569780493678526
2058	0.0005854266399580277
2059	0.0005554381929223157
2060	0.0004850305346645572
2061	0.0003768113562313364
2062	0.0002972767793105352
2063	0.00028814986064749237
2064	0.0004102569455083831
2065	0.0002841436019587435
2066	0.0001878264023759199
2067	0.0001274416881692224
2068	8.371014035996777e-05
2069	6.1010715694085776e-05
2070	4.3569703522271244e-05
2071	3.5770641089142525e-05
2072	5.250931012876478e-05
2073	5.610347476611484e-05
2074	5.531410215884635e-05
2075	7.205277119846859e-05
2076	9.317497748270932e-05
2077	0.00011517205901639901
2078	0.00014155267779470708
2079	0.000264335998798018
2080	0.0005299728592234884
2081	0.0006063083966954355
2082	0.0005257664345948142
2083	0.0005495178471260886
2084	0.0005794025474008788
2085	0.0005707255560525094
2086	0.0005410164415607674
2087	0.0004701149023659359
2088	0.00040783472146491546
2089	0.0002824659717028825
2090	0.00018671744460490834
2091	0.00012668925161792632
2092	8.32159020128005e-05
2093	6.065049845929831e-05
2094	4.3312460873258625e-05
2095	3.555944537912473e-05
2096	5.2199286581589534e-05
2097	5.577223068362364e-05
2098	5.4987518661214265e-05
2099	7.162735986367904e-05
2100	9.262485719058726e-05
2101	0.00011449206436051452
2102	0.0001407169276548851
2103	0.00026277531586783837
2104	0.000526843812863516
2105	0.0006027286528487783
2106	0.0005226622236531916
2107	0.0005462734039638309
2108	0.0005759816600849511
2109	0.0005673558991113485
2110	0.0005378221920861219
2111	0.00046733926716421587
2112	0.00040783472146491546
2113	0.0002824659717028825
2114	0.00018671744460490834
2115	0.00012668925161792632
2116	8.32159020128005e-05
2117	6.065049845929831e-05
2118	4.3312460873258625e-05
2119	3.555944537912473e-05
2120	5.2199286581589534e-05
2121	5.577223068362364e-05
2122	5.4987518661214265e-05
2123	7.162735986367904e-05
2124	9.262485719058726e-05
2125	0.00011449206436051452
2126	0.0001407169276548851
2127	0.00026277531586783837
2128	0.000526843812863516
2129	0.0006027286528487783
2130	0.0005226622236531916
2131	0.0005462734039638309
2132	0.0005759816600849511
2133	0.0005673558991113485
2134	0.0005378221920861219
2135	0.00046733926716421587
2136	0.00040783472146491546
2137	0.0002824659717028825
2138	0.00018671744460490834
2139	0.00012668925161792632
2140	8.32159020128005e-05
2141	6.065049845929831e-05
2142	4.3312460873258625e-05
2143	3.555944537912473e-05
2144	5.2199286581589534e-05
2145	5.577223068362364e-05
2146	5.4987518661214265e-05
2147	7.162735986367904e-05
2148	9.262485719058726e-05
2149	0.00011449206436051452
2150	0.0001407169276548851
2151	0.00026277531586783837
2152	0.000526843812863516
2153	0.0006027286528487783
2154	0.0005226622236531916
2155	0.0005462734039638309
2156	0.0005759816600849511
2157	0.0005673558991113485
2158	0.0005378221920861219
2159	0.00046733926716421587
2160	0.00040783472146491546
2161	0.0002824659717028825
2162	0.00018671744460490834
2163	0.00012668925161792632
2164	8.32159020128005e-05
2165	6.065049845929831e-05
2166	4.3312460873258625e-05
2167	3.555944537912473e-05
2168	5.2199286581589534e-05
2169	5.577223068362364e-05
2170	5.4987518661214265e-05
2171	7.162735986367904e-05
2172	9.262485719058726e-05
2173	0.00011449206436051452
2174	0.0001407169276548851
2175	0.00026277531586783837
2176	0.000526843812863516
2177	0.0006027286528487783
2178	0.0005226622236531916
2179	0.0005462734039638309
2180	0.0005759816600849511
2181	0.0005673558991113485
2182	0.0005378221920861219
2183	0.00046733926716421587
2184	0.00040783472146491546
2185	0.0002824659717028825
2186	0.00018671744460490834
2187	0.00012668925161792632
2188	8.32159020128005e-05
2189	6.065049845929831e-05
2190	4.3312460873258625e-05
2191	3.555944537912473e-05
2192	5.2199286581589534e-05
2193	5.577223068362364e-05
2194	5.4987518661214265e-05
2195	7.162735986367904e-05
2196	9.262485719058726e-05
2197	0.00011449206436051452
2198	0.0001407169276548851
2199	0.00026277531586783837
2200	0.000526843812863516
2201	0.0006027286528487783
2202	0.0005226622236531916
2203	0.0005462734039638309
2204	0.0005759816600849511
2205	0.0005673558991113485
2206	0.0005378221920861219
2207	0.00046733926716421587
2208	0.00044200363239592724
2209	0.0003246575352996633
2210	0.00023078065762265206
2211	0.0001655883814580612
2212	0.00012125763366613932
2213	8.735765006055208e-05
2214	6.388843064129894e-05
2215	4.954612988508913e-05
2216	4.563459331521361e-05
2217	5.6065357501548275e-05
2218	7.692688587421741e-05
2219	0.00011604225157297217
2220	0.00017210760907452032
2221	0.00025164218599532114
2222	0.00034030368157916526
2223	0.00043157286820959246
2224	0.0005098035996071018
2225	0.000569780493678526
2226	0.0005854266399580277
2227	0.0005554381929223157
2228	0.0004850305346645572
2229	0.0003768113562313364
2230	0.0002972767793105352
2231	0.00028814986064749237
2232	0.0004102569455083831
2233	0.0002841436019587435
2234	0.0001878264023759199
2235	0.0001274416881692224
2236	8.371014035996777e-05
2237	6.1010715694085776e-05
2238	4.3569703522271244e-05
2239	3.5770641089142525e-05
2240	5.250931012876478e-05
2241	5.610347476611484e-05
2242	5.531410215884635e-05
2243	7.205277119846859e-05
2244	9.317497748270932e-05
2245	0.00011517205901639901
2246	0.00014155267779470708
2247	0.000264335998798018
2248	0.0005299728592234884
2249	0.0006063083966954355
2250	0.0005257664345948142
2251	0.0005495178471260886
2252	0.0005794025474008788
2253	0.0005707255560525094
2254	0.0005410164415607674
2255	0.0004701149023659359
2256	0.00040783472146491546
2257	0.0002824659717028825
2258	0.00018671744460490834
2259	0.00012668925161792632
2260	8.32159020128005e-05
2261	6.065049845929831e-05
2262	4.3312460873258625e-05
2263	3.555944537912473e-05
2264	5.2199286581589534e-05
2265	5.577223068362364e-05
2266	5.4987518661214265e-05
2267	7.162735986367904e-05
2268	9.262485719058726e-05
2269	0.00011449206436051452
2270	0.0001407169276548851
2271	0.00026277531586783837
2272	0.000526843812863516
2273	0.0006027286528487783
2274	0.0005226622236531916
2275	0.0005462734039638309
2276	0.0005759816600849511
2277	0.0005673558991113485
2278	0.0005378221920861219
2279	0.00046733926716421587
2280	0.00040783472146491546
2281	0.0002824659717028825
2282	0.00018671744460490834
2283	0.00012668925161792632
2284	8.32159020128005e-05
2285	6.065049845929831e-05
2286	4.3312460873258625e-05
2287	3.555944537912473e-05
2288	5.2199286581589534e-05
2289	5.577223068362364e-05
2290	5.4987518661214265e-05
2291	7.162735986367904e-05
2292	9.262485719058726e-05
2293	0.00011449206436051452
2294	0.0001407169276548851
2295	0.00026277531586783837
2296	0.000526843812863516
2297	0.0006027286528487783
2298	0.0005226622236531916
2299	0.0005462734039638309
2300	0.0005759816600849511
2301	0.0005673558991113485
2302	0.0005378221920861219
2303	0.00046733926716421587
2304	0.00040783472146491546
2305	0.0002824659717028825
2306	0.00018671744460490834
2307	0.00012668925161792632
2308	8.32159020128005e-05
2309	6.065049845929831e-05
2310	4.3312460873258625e-05
2311	3.555944537912473e-05
2312	5.2199286581589534e-05
2313	5.577223068362364e-05
2314	5.4987518661214265e-05
2315	7.162735986367904e-05
2316	9.262485719058726e-05
2317	0.00011449206436051452
2318	0.0001407169276548851
2319	0.00026277531586783837
2320	0.000526843812863516
2321	0.0006027286528487783
2322	0.0005226622236531916
2323	0.0005462734039638309
2324	0.0005759816600849511
2325	0.0005673558991113485
2326	0.0005378221920861219
2327	0.00046733926716421587
2328	0.00040783472146491546
2329	0.0002824659717028825
2330	0.00018671744460490834
2331	0.00012668925161792632
2332	8.32159020128005e-05
2333	6.065049845929831e-05
2334	4.3312460873258625e-05
2335	3.555944537912473e-05
2336	5.2199286581589534e-05
2337	5.577223068362364e-05
2338	5.4987518661214265e-05
2339	7.162735986367904e-05
2340	9.262485719058726e-05
2341	0.00011449206436051452
2342	0.0001407169276548851
2343	0.00026277531586783837
2344	0.000526843812863516
2345	0.0006027286528487783
2346	0.0005226622236531916
2347	0.0005462734039638309
2348	0.0005759816600849511
2349	0.0005673558991113485
2350	0.0005378221920861219
2351	0.00046733926716421587
2352	0.00040783472146491546
2353	0.0002824659717028825
2354	0.00018671744460490834
2355	0.00012668925161792632
2356	8.32159020128005e-05
2357	6.065049845929831e-05
2358	4.3312460873258625e-05
2359	3.555944537912473e-05
2360	5.2199286581589534e-05
2361	5.577223068362364e-05
2362	5.4987518661214265e-05
2363	7.162735986367904e-05
2364	9.262485719058726e-05
2365	0.00011449206436051452
2366	0.0001407169276548851
2367	0.00026277531586783837
2368	0.000526843812863516
2369	0.0006027286528487783
2370	0.0005226622236531916
2371	0.0005462734039638309
2372	0.0005759816600849511
2373	0.0005673558991113485
2374	0.0005378221920861219
2375	0.00046733926716421587
2376	0.00044200363239592724
2377	0.0003246575352996633
2378	0.00023078065762265206
2379	0.0001655883814580612
2380	0.00012125763366613932
2381	8.735765006055208e-05
2382	6.388843064129894e-05
2383	4.954612988508913e-05
2384	4.563459331521361e-05
2385	5.6065357501548275e-05
2386	7.692688587421741e-05
2387	0.00011604225157297217
2388	0.00017210760907452032
2389	0.00025164218599532114
2390	0.00034030368157916526
2391	0.00043157286820959246
2392	0.0005098035996071018
2393	0.000569780493678526
2394	0.0005854266399580277
2395	0.0005554381929223157
2396	0.0004850305346645572
2397	0.0003768113562313364
2398	0.0002972767793105352
2399	0.00028814986064749237
2400	0.0004102569455083831
2401	0.0002841436019587435
2402	0.0001878264023759199
2403	0.0001274416881692224
2404	8.371014035996777e-05
2405	6.1010715694085776e-05
2406	4.3569703522271244e-05
2407	3.5770641089142525e-05
2408	5.250931012876478e-05
2409	5.610347476611484e-05
2410	5.531410215884635e-05
2411	7.205277119846859e-05
2412	9.317497748270932e-05
2413	0.00011517205901639901
2414	0.00014155267779470708
2415	0.000264335998798018
2416	0.0005299728592234884
2417	0.0006063083966954355
2418	0.0005257664345948142
2419	0.0005495178471260886
2420	0.0005794025474008788
2421	0.0005707255560525094
2422	0.0005410164415607674
2423	0.0004701149023659359
2424	0.00040783472146491546
2425	0.0002824659717028825
2426	0.00018671744460490834
2427	0.00012668925161792632
2428	8.32159020128005e-05
2429	6.065049845929831e-05
2430	4.3312460873258625e-05
2431	3.555944537912473e-05
2432	5.2199286581589534e-05
2433	5.577223068362364e-05
2434	5.4987518661214265e-05
2435	7.162735986367904e-05
2436	9.262485719058726e-05
2437	0.00011449206436051452
2438	0.0001407169276548851
2439	0.00026277531586783837
2440	0.000526843812863516
2441	0.0006027286528487783
2442	0.0005226622236531916
2443	0.0005462734039638309
2444	0.0005759816600849511
2445	0.0005673558991113485
2446	0.0005378221920861219
2447	0.00046733926716421587
2448	0.00040783472146491546
2449	0.0002824659717028825
2450	0.00018671744460490834
2451	0.00012668925161792632
2452	8.32159020128005e-05
2453	6.065049845929831e-05
2454	4.3312460873258625e-05
2455	3.555944537912473e-05
2456	5.2199286581589534e-05
2457	5.577223068362364e-05
2458	5.4987518661214265e-05
2459	7.162735986367904e-05
2460	9.262485719058726e-05
2461	0.00011449206436051452
2462	0.0001407169276548851
2463	0.00026277531586783837
2464	0.000526843812863516
2465	0.0006027286528487783
2466	0.0005226622236531916
2467	0.0005462734039638309
2468	0.0005759816600849511
2469	0.0005673558991113485
2470	0.0005378221920861219
2471	0.00046733926716421587
2472	0.00040783472146491546
2473	0.0002824659717028825
2474	0.00018671744460490834
2475	0.00012668925161792632
2476	8.32159020128005e-05
2477	6.065049845929831e-05
2478	4.3312460873258625e-05
2479	3.555944537912473e-05
2480	5.2199286581589534e-05
2481	5.577223068362364e-05
2482	5.4987518661214265e-05
2483	7.162735986367904e-05
2484	9.262485719058726e-05
2485	0.00011449206436051452
2486	0.0001407169276548851
2487	0.00026277531586783837
2488	0.000526843812863516
2489	0.0006027286528487783
2490	0.0005226622236531916
2491	0.0005462734039638309
2492	0.0005759816600849511
2493	0.0005673558991113485
2494	0.0005378221920861219
2495	0.00046733926716421587
2496	0.00040783472146491546
2497	0.0002824659717028825
2498	0.00018671744460490834
2499	0.00012668925161792632
2500	8.32159020128005e-05
2501	6.065049845929831e-05
2502	4.3312460873258625e-05
2503	3.555944537912473e-05
2504	5.2199286581589534e-05
2505	5.577223068362364e-05
2506	5.4987518661214265e-05
2507	7.162735986367904e-05
2508	9.262485719058726e-05
2509	0.00011449206436051452
2510	0.0001407169276548851
2511	0.00026277531586783837
2512	0.000526843812863516
2513	0.0006027286528487783
2514	0.0005226622236531916
2515	0.0005462734039638309
2516	0.0005759816600849511
2517	0.0005673558991113485
2518	0.0005378221920861219
2519	0.00046733926716421587
2520	0.00040783472146491546
2521	0.0002824659717028825
2522	0.00018671744460490834
2523	0.00012668925161792632
2524	8.32159020128005e-05
2525	6.065049845929831e-05
2526	4.3312460873258625e-05
2527	3.555944537912473e-05
2528	5.2199286581589534e-05
2529	5.577223068362364e-05
2530	5.4987518661214265e-05
2531	7.162735986367904e-05
2532	9.262485719058726e-05
2533	0.00011449206436051452
2534	0.0001407169276548851
2535	0.00026277531586783837
2536	0.000526843812863516
2537	0.0006027286528487783
2538	0.0005226622236531916
2539	0.0005462734039638309
2540	0.0005759816600849511
2541	0.0005673558991113485
2542	0.0005378221920861219
2543	0.00046733926716421587
2544	0.00044200363239592724
2545	0.0003246575352996633
2546	0.00023078065762265206
2547	0.0001655883814580612
2548	0.00012125763366613932
2549	8.735765006055208e-05
2550	6.388843064129894e-05
2551	4.954612988508913e-05
2552	4.563459331521361e-05
2553	5.6065357501548275e-05
2554	7.692688587421741e-05
2555	0.00011604225157297217
2556	0.00017210760907452032
2557	0.00025164218599532114
2558	0.00034030368157916526
2559	0.00043157286820959246
2560	0.0005098035996071018
2561	0.000569780493678526
2562	0.0005854266399580277
2563	0.0005554381929223157
2564	0.0004850305346645572
2565	0.0003768113562313364
2566	0.0002972767793105352
2567	0.00028814986064749237
2568	0.0004102569455083831
2569	0.0002841436019587435
2570	0.0001878264023759199
2571	0.0001274416881692224
2572	8.371014035996777e-05
2573	6.1010715694085776e-05
2574	4.3569703522271244e-05
2575	3.5770641089142525e-05
2576	5.250931012876478e-05
2577	5.610347476611484e-05
2578	5.531410215884635e-05
2579	7.205277119846859e-05
2580	9.317497748270932e-05
2581	0.00011517205901639901
2582	0.00014155267779470708
2583	0.000264335998798018
2584	0.0005299728592234884
2585	0.0006063083966954355
2586	0.0005257664345948142
2587	0.0005495178471260886
2588	0.0005794025474008788
2589	0.0005707255560525094
2590	0.0005410164415607674
2591	0.0004701149023659359
2592	0.00040783472146491546
2593	0.0002824659717028825
2594	0.00018671744460490834
2595	0.00012668925161792632
2596	8.32159020128005e-05
2597	6.065049845929831e-05
2598	4.3312460873258625e-05
2599	3.555944537912473e-05
2600	5.2199286581589534e-05
2601	5.577223068362364e-05
2602	5.4987518661214265e-05
2603	7.162735986367904e-05
2604	9.262485719058726e-05
2605	0.00011449206436051452
2606	0.0001407169276548851
2607	0.00026277531586783837
2608	0.000526843812863516
2609	0.0006027286528487783
2610	0.0005226622236531916
2611	0.0005462734039638309
2612	0.0005759816600849511
2613	0.0005673558991113485
2614	0.0005378221920861219
2615	0.00046733926716421587
2616	0.00040783472146491546
2617	0.0002824659717028825
2618	0.00018671744460490834
2619	0.00012668925161792632
2620	8.32159020128005e-05
2621	6.065049845929831e-05
2622	4.3312460873258625e-05
2623	3.555944537912473e-05
2624	5.2199286581589534e-05
2625	5.577223068362364e-05
2626	5.4987518661214265e-05
2627	7.162735986367904e-05
2628	9.262485719058726e-05
2629	0.00011449206436051452
2630	0.0001407169276548851
2631	0.00026277531586783837
2632	0.000526843812863516
2633	0.0006027286528487783
2634	0.0005226622236531916
2635	0.0005462734039638309
2636	0.0005759816600849511
2637	0.0005673558991113485
2638	0.0005378221920861219
2639	0.00046733926716421587
2640	0.00040783472146491546
2641	0.0002824659717028825
2642	0.00018671744460490834
2643	0.00012668925161792632
2644	8.32159020128005e-05
2645	6.065049845929831e-05
2646	4.3312460873258625e-05
2647	3.555944537912473e-05
2648	5.2199286581589534e-05
2649	5.577223068362364e-05
2650	5.4987518661214265e-05
2651	7.162735986367904e-05
2652	9.262485719058726e-05
2653	0.00011449206436051452
2654	0.0001407169276548851
2655	0.00026277531586783837
2656	0.000526843812863516
2657	0.0006027286528487783
2658	0.0005226622236531916
2659	0.0005462734039638309
2660	0.0005759816600849511
2661	0.0005673558991113485
2662	0.0005378221920861219
2663	0.00046733926716421587
2664	0.00040783472146491546
2665	0.0002824659717028825
2666	0.00018671744460490834
2667	0.00012668925161792632
2668	8.32159020128005e-05
2669	6.065049845929831e-05
2670	4.3312460873258625e-05
2671	3.555944537912473e-05
2672	5.2199286581589534e-05
2673	5.577223068362364e-05
2674	5.4987518661214265e-05
2675	7.162735986367904e-05
2676	9.262485719058726e-05
2677	0.00011449206436051452
2678	0.0001407169276548851
2679	0.00026277531586783837
2680	0.000526843812863516
2681	0.0006027286528487783
2682	0.0005226622236531916
2683	0.0005462734039638309
2684	0.0005759816600849511
2685	0.0005673558991113485
2686	0.0005378221920861219
2687	0.00046733926716421587
2688	0.00040783472146491546
2689	0.0002824659717028825
2690	0.00018671744460490834
2691	0.00012668925161792632
2692	8.32159020128005e-05
2693	6.065049845929831e-05
2694	4.3312460873258625e-05
2695	3.555944537912473e-05
2696	5.2199286581589534e-05
2697	5.577223068362364e-05
2698	5.4987518661214265e-05
2699	7.162735986367904e-05
2700	9.262485719058726e-05
2701	0.00011449206436051452
2702	0.0001407169276548851
2703	0.00026277531586783837
2704	0.000526843812863516
2705	0.0006027286528487783
2706	0.0005226622236531916
2707	0.0005462734039638309
2708	0.0005759816600849511
2709	0.0005673558991113485
2710	0.0005378221920861219
2711	0.00046733926716421587
2712	0.00044200363239592724
2713	0.0003246575352996633
2714	0.00023078065762265206
2715	0.0001655883814580612
2716	0.00012125763366613932
2717	8.735765006055208e-05
2718	6.388843064129894e-05
2719	4.954612988508913e-05
2720	4.563459331521361e-05
2721	5.6065357501548275e-05
2722	7.692688587421741e-05
2723	0.00011604225157297217
2724	0.00017210760907452032
2725	0.00025164218599532114
2726	0.00034030368157916526
2727	0.00043157286820959246
2728	0.0005098035996071018
2729	0.000569780493678526
2730	0.0005854266399580277
2731	0.0005554381929223157
2732	0.0004850305346645572
2733	0.0003768113562313364
2734	0.0002972767793105352
2735	0.00028814986064749237
2736	0.0004102569455083831
2737	0.0002841436019587435
2738	0.0001878264023759199
2739	0.0001274416881692224
2740	8.371014035996777e-05
2741	6.1010715694085776e-05
2742	4.3569703522271244e-05
2743	3.5770641089142525e-05
2744	5.250931012876478e-05
2745	5.610347476611484e-05
2746	5.531410215884635e-05
2747	7.205277119846859e-05
2748	9.317497748270932e-05
2749	0.00011517205901639901
2750	0.00014155267779470708
2751	0.000264335998798018
2752	0.0005299728592234884
2753	0.0006063083966954355
2754	0.0005257664345948142
2755	0.0005495178471260886
2756	0.0005794025474008788
2757	0.0005707255560525094
2758	0.0005410164415607674
2759	0.0004701149023659359
2760	0.00040783472146491546
2761	0.0002824659717028825
2762	0.00018671744460490834
2763	0.00012668925161792632
2764	8.32159020128005e-05
2765	6.065049845929831e-05
2766	4.3312460873258625e-05
2767	3.555944537912473e-05
2768	5.2199286581589534e-05
2769	5.577223068362364e-05
2770	5.4987518661214265e-05
2771	7.162735986367904e-05
2772	9.262485719058726e-05
2773	0.00011449206436051452
2774	0.0001407169276548851
2775	0.00026277531586783837
2776	0.000526843812863516
2777	0.0006027286528487783
2778	0.0005226622236531916
2779	0.0005462734039638309
2780	0.0005759816600849511
2781	0.0005673558991113485
2782	0.0005378221920861219
2783	0.00046733926716421587
2784	0.00040783472146491546
2785	0.0002824659717028825
2786	0.00018671744460490834
2787	0.00012668925161792632
2788	8.32159020128005e-05
2789	6.065049845929831e-05
2790	4.3312460873258625e-05
2791	3.555944537912473e-05
2792	5.2199286581589534e-05
2793	5.577223068362364e-05
2794	5.4987518661214265e-05
2795	7.162735986367904e-05
2796	9.262485719058726e-05
2797	0.00011449206436051452
2798	0.0001407169276548851
2799	0.00026277531586783837
2800	0.000526843812863516
2801	0.0006027286528487783
2802	0.0005226622236531916
2803	0.0005462734039638309
2804	0.0005759816600849511
2805	0.0005673558991113485
2806	0.0005378221920861219
2807	0.00046733926716421587
2808	0.00040783472146491546
2809	0.0002824659717028825
2810	0.00018671744460490834
2811	0.00012668925161792632
2812	8.32159020128005e-05
2813	6.065049845929831e-05
2814	4.3312460873258625e-05
2815	3.555944537912473e-05
2816	5.2199286581589534e-05
2817	5.577223068362364e-05
2818	5.4987518661214265e-05
2819	7.162735986367904e-05
2820	9.262485719058726e-05
2821	0.00011449206436051452
2822	0.0001407169276548851
2823	0.00026277531586783837
2824	0.000526843812863516
2825	0.0006027286528487783
2826	0.0005226622236531916
2827	0.0005462734039638309
2828	0.0005759816600849511
2829	0.0005673558991113485
2830	0.0005378221920861219
2831	0.00046733926716421587
2832	0.00040783472146491546
2833	0.0002824659717028825
2834	0.00018671744460490834
2835	0.00012668925161792632
2836	8.32159020128005e-05
2837	6.065049845929831e-05
2838	4.3312460873258625e-05
2839	3.555944537912473e-05
2840	5.2199286581589534e-05
2841	5.577223068362364e-05
2842	5.4987518661214265e-05
2843	7.162735986367904e-05
2844	9.262485719058726e-05
2845	0.00011449206436051452
2846	0.0001407169276548851
2847	0.00026277531586783837
2848	0.000526843812863516
2849	0.0006027286528487783
2850	0.0005226622236531916
2851	0.0005462734039638309
2852	0.0005759816600849511
2853	0.0005673558991113485
2854	0.0005378221920861219
2855	0.00046733926716421587
2856	0.00040783472146491546
2857	0.0002824659717028825
2858	0.00018671744460490834
2859	0.00012668925161792632
2860	8.32159020128005e-05
2861	6.065049845929831e-05
2862	4.3312460873258625e-05
2863	3.555944537912473e-05
2864	5.2199286581589534e-05
2865	5.577223068362364e-05
2866	5.4987518661214265e-05
2867	7.162735986367904e-05
2868	9.262485719058726e-05
2869	0.00011449206436051452
2870	0.0001407169276548851
2871	0.00026277531586783837
2872	0.000526843812863516
2873	0.0006027286528487783
2874	0.0005226622236531916
2875	0.0005462734039638309
2876	0.0005759816600849511
2877	0.0005673558991113485
2878	0.0005378221920861219
2879	0.00046733926716421587
2880	0.00044200363239592724
2881	0.0003246575352996633
2882	0.00023078065762265206
2883	0.0001655883814580612
2884	0.00012125763366613932
2885	8.735765006055208e-05
2886	6.388843064129894e-05
2887	4.954612988508913e-05
2888	4.563459331521361e-05
2889	5.6065357501548275e-05
2890	7.692688587421741e-05
2891	0.00011604225157297217
2892	0.00017210760907452032
2893	0.00025164218599532114
2894	0.00034030368157916526
2895	0.00043157286820959246
2896	0.0005098035996071018
2897	0.000569780493678526
2898	0.0005854266399580277
2899	0.0005554381929223157
2900	0.0004850305346645572
2901	0.0003768113562313364
2902	0.0002972767793105352
2903	0.00028814986064749237
2904	0.0004102569455083831
2905	0.0002841436019587435
2906	0.0001878264023759199
2907	0.0001274416881692224
2908	8.371014035996777e-05
2909	6.1010715694085776e-05
2910	4.3569703522271244e-05
2911	3.5770641089142525e-05
2912	5.250931012876478e-05
2913	5.610347476611484e-05
2914	5.531410215884635e-05
2915	7.205277119846859e-05
2916	9.317497748270932e-05
2917	0.00011517205901639901
2918	0.00014155267779470708
2919	0.000264335998798018
2920	0.0005299728592234884
2921	0.0006063083966954355
2922	0.0005257664345948142
2923	0.0005495178471260886
2924	0.0005794025474008788
2925	0.0005707255560525094
2926	0.0005410164415607674
2927	0.0004701149023659359
2928	0.00040783472146491546
2929	0.0002824659717028825
2930	0.00018671744460490834
2931	0.00012668925161792632
2932	8.32159020128005e-05
2933	6.065049845929831e-05
2934	4.3312460873258625e-05
2935	3.555944537912473e-05
2936	5.2199286581589534e-05
2937	5.577223068362364e-05
2938	5.4987518661214265e-05
2939	7.162735986367904e-05
2940	9.262485719058726e-05
2941	0.00011449206436051452
2942	0.0001407169276548851
2943	0.00026277531586783837
2944	0.000526843812863516
2945	0.0006027286528487783
2946	0.0005226622236531916
2947	0.0005462734039638309
2948	0.0005759816600849511
2949	0.0005673558991113485
2950	0.0005378221920861219
2951	0.00046733926716421587
2952	0.00040783472146491546
2953	0.0002824659717028825
2954	0.00018671744460490834
2955	0.00012668925161792632
2956	8.32159020128005e-05
2957	6.065049845929831e-05
2958	4.3312460873258625e-05
2959	3.555944537912473e-05
2960	5.2199286581589534e-05
2961	5.577223068362364e-05
2962	5.4987518661214265e-05
2963	7.162735986367904e-05
2964	9.262485719058726e-05
2965	0.00011449206436051452
2966	0.0001407169276548851
2967	0.00026277531586783837
2968	0.000526843812863516
2969	0.0006027286528487783
2970	0.0005226622236531916
2971	0.0005462734039638309
2972	0.0005759816600849511
2973	0.0005673558991113485
2974	0.0005378221920861219
2975	0.00046733926716421587
2976	0.00040783472146491546
2977	0.0002824659717028825
2978	0.00018671744460490834
2979	0.00012668925161792632
2980	8.32159020128005e-05
2981	6.065049845929831e-05
2982	4.3312460873258625e-05
2983	3.555944537912473e-05
2984	5.2199286581589534e-05
2985	5.577223068362364e-05
2986	5.4987518661214265e-05
2987	7.162735986367904e-05
2988	9.262485719058726e-05
2989	0.00011449206436051452
2990	0.0001407169276548851
2991	0.00026277531586783837
2992	0.000526843812863516
2993	0.0006027286528487783
2994	0.0005226622236531916
2995	0.0005462734039638309
2996	0.0005759816600849511
2997	0.0005673558991113485
2998	0.0005378221920861219
2999	0.00046733926716421587
3000	0.00040783472146491546
3001	0.0002824659717028825
3002	0.00018671744460490834
3003	0.00012668925161792632
3004	8.32159020128005e-05
3005	6.065049845929831e-05
3006	4.3312460873258625e-05
3007	3.555944537912473e-05
3008	5.2199286581589534e-05
3009	5.577223068362364e-05
3010	5.4987518661214265e-05
3011	7.162735986367904e-05
3012	9.262485719058726e-05
3013	0.00011449206436051452
3014	0.0001407169276548851
3015	0.00026277531586783837
3016	0.000526843812863516
3017	0.0006027286528487783
3018	0.0005226622236531916
3019	0.0005462734039638309
3020	0.0005759816600849511
3021	0.0005673558991113485
3022	0.0005378221920861219
3023	0.00046733926716421587
3024	0.00040783472146491546
3025	0.0002824659717028825
3026	0.00018671744460490834
3027	0.00012668925161792632
3028	8.32159020128005e-05
3029	6.065049845929831e-05
3030	4.3312460873258625e-05
3031	3.555944537912473e-05
3032	5.2199286581589534e-05
3033	5.577223068362364e-05
3034	5.4987518661214265e-05
3035	7.162735986367904e-05
3036	9.262485719058726e-05
3037	0.00011449206436051452
3038	0.0001407169276548851
3039	0.00026277531586783837
3040	0.000526843812863516
3041	0.0006027286528487783
3042	0.0005226622236531916
3043	0.0005462734039638309
3044	0.0005759816600849511
3045	0.0005673558991113485
3046	0.0005378221920861219
3047	0.00046733926716421587
3048	0.00044200363239592724
3049	0.0003246575352996633
3050	0.00023078065762265206
3051	0.0001655883814580612
3052	0.00012125763366613932
3053	8.735765006055208e-05
3054	6.388843064129894e-05
3055	4.954612988508913e-05
3056	4.563459331521361e-05
3057	5.6065357501548275e-05
3058	7.692688587421741e-05
3059	0.00011604225157297217
3060	0.00017210760907452032
3061	0.00025164218599532114
3062	0.00034030368157916526
3063	0.00043157286820959246
3064	0.0005098035996071018
3065	0.000569780493678526
3066	0.0005854266399580277
3067	0.0005554381929223157
3068	0.0004850305346645572
3069	0.0003768113562313364
3070	0.0002972767793105352
3071	0.00028814986064749237
3072	0.0004102569455083831
3073	0.0002841436019587435
3074	0.0001878264023759199
3075	0.0001274416881692224
3076	8.371014035996777e-05
3077	6.1010715694085776e-05
3078	4.3569703522271244e-05
3079	3.5770641089142525e-05
3080	5.250931012876478e-05
3081	5.610347476611484e-05
3082	5.531410215884635e-05
3083	7.205277119846859e-05
3084	9.317497748270932e-05
3085	0.00011517205901639901
3086	0.00014155267779470708
3087	0.000264335998798018
3088	0.0005299728592234884
3089	0.0006063083966954355
3090	0.0005257664345948142
3091	0.0005495178471260886
3092	0.0005794025474008788
3093	0.0005707255560525094
3094	0.0005410164415607674
3095	0.0004701149023659359
3096	0.00040783472146491546
3097	0.0002824659717028825
3098	0.00018671744460490834
3099	0.00012668925161792632
3100	8.32159020128005e-05
3101	6.065049845929831e-05
3102	4.3312460873258625e-05
3103	3.555944537912473e-05
3104	5.2199286581589534e-05
3105	5.577223068362364e-05
3106	5.4987518661214265e-05
3107	7.162735986367904e-05
3108	9.262485719058726e-05
3109	0.00011449206436051452
3110	0.0001407169276548851
3111	0.00026277531586783837
3112	0.000526843812863516
3113	0.0006027286528487783
3114	0.0005226622236531916
3115	0.0005462734039638309
3116	0.0005759816600849511
3117	0.0005673558991113485
3118	0.0005378221920861219
3119	0.00046733926716421587
3120	0.00040783472146491546
3121	0.0002824659717028825
3122	0.00018671744460490834
3123	0.00012668925161792632
3124	8.32159020128005e-05
3125	6.065049845929831e-05
3126	4.3312460873258625e-05
3127	3.555944537912473e-05
3128	5.2199286581589534e-05
3129	5.577223068362364e-05
3130	5.4987518661214265e-05
3131	7.162735986367904e-05
3132	9.262485719058726e-05
3133	0.00011449206436051452
3134	0.0001407169276548851
3135	0.00026277531586783837
3136	0.000526843812863516
3137	0.0006027286528487783
3138	0.0005226622236531916
3139	0.0005462734039638309
3140	0.0005759816600849511
3141	0.0005673558991113485
3142	0.0005378221920861219
3143	0.00046733926716421587
3144	0.00040783472146491546
3145	0.0002824659717028825
3146	0.00018671744460490834
3147	0.00012668925161792632
3148	8.32159020128005e-05
3149	6.065049845929831e-05
3150	4.3312460873258625e-05
3151	3.555944537912473e-05
3152	5.2199286581589534e-05
3153	5.577223068362364e-05
3154	5.4987518661214265e-05
3155	7.162735986367904e-05
3156	9.262485719058726e-05
3157	0.00011449206436051452
3158	0.0001407169276548851
3159	0.00026277531586783837
3160	0.000526843812863516
3161	0.0006027286528487783
3162	0.0005226622236531916
3163	0.0005462734039638309
3164	0.0005759816600849511
3165	0.0005673558991113485
3166	0.0005378221920861219
3167	0.00046733926716421587
3168	0.00040783472146491546
3169	0.0002824659717028825
3170	0.00018671744460490834
3171	0.00012668925161792632
3172	8.32159020128005e-05
3173	6.065049845929831e-05
3174	4.3312460873258625e-05
3175	3.555944537912473e-05
3176	5.2199286581589534e-05
3177	5.577223068362364e-05
3178	5.4987518661214265e-05
3179	7.162735986367904e-05
3180	9.262485719058726e-05
3181	0.00011449206436051452
3182	0.0001407169276548851
3183	0.00026277531586783837
3184	0.000526843812863516
3185	0.0006027286528487783
3186	0.0005226622236531916
3187	0.0005462734039638309
3188	0.0005759816600849511
3189	0.0005673558991113485
3190	0.0005378221920861219
3191	0.00046733926716421587
3192	0.00040783472146491546
3193	0.0002824659717028825
3194	0.00018671744460490834
3195	0.00012668925161792632
3196	8.32159020128005e-05
3197	6.065049845929831e-05
3198	4.3312460873258625e-05
3199	3.555944537912473e-05
3200	5.2199286581589534e-05
3201	5.577223068362364e-05
3202	5.4987518661214265e-05
3203	7.162735986367904e-05
3204	9.262485719058726e-05
3205	0.00011449206436051452
3206	0.0001407169276548851
3207	0.00026277531586783837
3208	0.000526843812863516
3209	0.0006027286528487783
3210	0.0005226622236531916
3211	0.0005462734039638309
3212	0.0005759816600849511
3213	0.0005673558991113485
3214	0.0005378221920861219
3215	0.00046733926716421587
3216	0.00044200363239592724
3217	0.0003246575352996633
3218	0.00023078065762265206
3219	0.0001655883814580612
3220	0.00012125763366613932
3221	8.735765006055208e-05
3222	6.388843064129894e-05
3223	4.954612988508913e-05
3224	4.563459331521361e-05
3225	5.6065357501548275e-05
3226	7.692688587421741e-05
3227	0.00011604225157297217
3228	0.00017210760907452032
3229	0.00025164218599532114
3230	0.00034030368157916526
3231	0.00043157286820959246
3232	0.0005098035996071018
3233	0.000569780493678526
3234	0.0005854266399580277
3235	0.0005554381929223157
3236	0.0004850305346645572
3237	0.0003768113562313364
3238	0.0002972767793105352
3239	0.00028814986064749237
3240	0.0004102569455083831
3241	0.0002841436019587435
3242	0.0001878264023759199
3243	0.0001274416881692224
3244	8.371014035996777e-05
3245	6.1010715694085776e-05
3246	4.3569703522271244e-05
3247	3.5770641089142525e-05
3248	5.250931012876478e-05
3249	5.610347476611484e-05
3250	5.531410215884635e-05
3251	7.205277119846859e-05
3252	9.317497748270932e-05
3253	0.00011517205901639901
3254	0.00014155267779470708
3255	0.000264335998798018
3256	0.0005299728592234884
3257	0.0006063083966954355
3258	0.0005257664345948142
3259	0.0005495178471260886
3260	0.0005794025474008788
3261	0.0005707255560525094
3262	0.0005410164415607674
3263	0.0004701149023659359
3264	0.00040783472146491546
3265	0.0002824659717028825
3266	0.00018671744460490834
3267	0.00012668925161792632
3268	8.32159020128005e-05
3269	6.065049845929831e-05
3270	4.3312460873258625e-05
3271	3.555944537912473e-05
3272	5.2199286581589534e-05
3273	5.577223068362364e-05
3274	5.4987518661214265e-05
3275	7.162735986367904e-05
3276	9.262485719058726e-05
3277	0.00011449206436051452
3278	0.0001407169276548851
3279	0.00026277531586783837
3280	0.000526843812863516
3281	0.0006027286528487783
3282	0.0005226622236531916
3283	0.0005462734039638309
3284	0.0005759816600849511
3285	0.0005673558991113485
3286	0.0005378221920861219
3287	0.00046733926716421587
3288	0.00040783472146491546
3289	0.0002824659717028825
3290	0.00018671744460490834
3291	0.00012668925161792632
3292	8.32159020128005e-05
3293	6.065049845929831e-05
3294	4.3312460873258625e-05
3295	3.555944537912473e-05
3296	5.2199286581589534e-05
3297	5.577223068362364e-05
3298	5.4987518661214265e-05
3299	7.162735986367904e-05
3300	9.262485719058726e-05
3301	0.00011449206436051452
3302	0.0001407169276548851
3303	0.00026277531586783837
3304	0.000526843812863516
3305	0.0006027286528487783
3306	0.0005226622236531916
3307	0.0005462734039638309
3308	0.0005759816600849511
3309	0.0005673558991113485
3310	0.0005378221920861219
3311	0.00046733926716421587
3312	0.00040783472146491546
3313	0.0002824659717028825
3314	0.00018671744460490834
3315	0.00012668925161792632
3316	8.32159020128005e-05
3317	6.065049845929831e-05
3318	4.3312460873258625e-05
3319	3.555944537912473e-05
3320	5.2199286581589534e-05
3321	5.577223068362364e-05
3322	5.4987518661214265e-05
3323	7.162735986367904e-05
3324	9.262485719058726e-05
3325	0.00011449206436051452
3326	0.0001407169276548851
3327	0.00026277531586783837
3328	0.000526843812863516
3329	0.0006027286528487783
3330	0.0005226622236531916
3331	0.0005462734039638309
3332	0.0005759816600849511
3333	0.0005673558991113485
3334	0.0005378221920861219
3335	0.00046733926716421587
3336	0.00040783472146491546
3337	0.0002824659717028825
3338	0.00018671744460490834
3339	0.00012668925161792632
3340	8.32159020128005e-05
3341	6.065049845929831e-05
3342	4.3312460873258625e-05
3343	3.555944537912473e-05
3344	5.2199286581589534e-05
3345	5.577223068362364e-05
3346	5.4987518661214265e-05
3347	7.162735986367904e-05
3348	9.262485719058726e-05
3349	0.00011449206436051452
3350	0.0001407169276548851
3351	0.00026277531586783837
3352	0.000526843812863516
3353	0.0006027286528487783
3354	0.0005226622236531916
3355	0.0005462734039638309
3356	0.0005759816600849511
3357	0.0005673558991113485
3358	0.0005378221920861219
3359	0.00046733926716421587
3360	0.00040783472146491546
3361	0.0002824659717028825
3362	0.00018671744460490834
3363	0.00012668925161792632
3364	8.32159020128005e-05
3365	6.065049845929831e-05
3366	4.3312460873258625e-05
3367	3.555944537912473e-05
3368	5.2199286581589534e-05
3369	5.577223068362364e-05
3370	5.4987518661214265e-05
3371	7.162735986367904e-05
3372	9.262485719058726e-05
3373	0.00011449206436051452
3374	0.0001407169276548851
3375	0.00026277531586783837
3376	0.000526843812863516
3377	0.0006027286528487783
3378	0.0005226622236531916
3379	0.0005462734039638309
3380	0.0005759816600849511
3381	0.0005673558991113485
3382	0.0005378221920861219
3383	0.00046733926716421587
3384	0.00044200363239592724
3385	0.0003246575352996633
3386	0.00023078065762265206
3387	0.0001655883814580612
3388	0.00012125763366613932
3389	8.735765006055208e-05
3390	6.388843064129894e-05
3391	4.954612988508913e-05
3392	4.563459331521361e-05
3393	5.6065357501548275e-05
3394	7.692688587421741e-05
3395	0.00011604225157297217
3396	0.00017210760907452032
3397	0.00025164218599532114
3398	0.00034030368157916526
3399	0.00043157286820959246
3400	0.0005098035996071018
3401	0.000569780493678526
3402	0.0005854266399580277
3403	0.0005554381929223157
3404	0.0004850305346645572
3405	0.0003768113562313364
3406	0.0002972767793105352
3407	0.00028814986064749237
3408	0.0004102569455083831
3409	0.0002841436019587435
3410	0.0001878264023759199
3411	0.0001274416881692224
3412	8.371014035996777e-05
3413	6.1010715694085776e-05
3414	4.3569703522271244e-05
3415	3.5770641089142525e-05
3416	5.250931012876478e-05
3417	5.610347476611484e-05
3418	5.531410215884635e-05
3419	7.205277119846859e-05
3420	9.317497748270932e-05
3421	0.00011517205901639901
3422	0.00014155267779470708
3423	0.000264335998798018
3424	0.0005299728592234884
3425	0.0006063083966954355
3426	0.0005257664345948142
3427	0.0005495178471260886
3428	0.0005794025474008788
3429	0.0005707255560525094
3430	0.0005410164415607674
3431	0.0004701149023659359
3432	0.00040783472146491546
3433	0.0002824659717028825
3434	0.00018671744460490834
3435	0.00012668925161792632
3436	8.32159020128005e-05
3437	6.065049845929831e-05
3438	4.3312460873258625e-05
3439	3.555944537912473e-05
3440	5.2199286581589534e-05
3441	5.577223068362364e-05
3442	5.4987518661214265e-05
3443	7.162735986367904e-05
3444	9.262485719058726e-05
3445	0.00011449206436051452
3446	0.0001407169276548851
3447	0.00026277531586783837
3448	0.000526843812863516
3449	0.0006027286528487783
3450	0.0005226622236531916
3451	0.0005462734039638309
3452	0.0005759816600849511
3453	0.0005673558991113485
3454	0.0005378221920861219
3455	0.00046733926716421587
3456	0.00040783472146491546
3457	0.0002824659717028825
3458	0.00018671744460490834
3459	0.00012668925161792632
3460	8.32159020128005e-05
3461	6.065049845929831e-05
3462	4.3312460873258625e-05
3463	3.555944537912473e-05
3464	5.2199286581589534e-05
3465	5.577223068362364e-05
3466	5.4987518661214265e-05
3467	7.162735986367904e-05
3468	9.262485719058726e-05
3469	0.00011449206436051452
3470	0.0001407169276548851
3471	0.00026277531586783837
3472	0.000526843812863516
3473	0.0006027286528487783
3474	0.0005226622236531916
3475	0.0005462734039638309
3476	0.0005759816600849511
3477	0.0005673558991113485
3478	0.0005378221920861219
3479	0.00046733926716421587
3480	0.00040783472146491546
3481	0.0002824659717028825
3482	0.00018671744460490834
3483	0.00012668925161792632
3484	8.32159020128005e-05
3485	6.065049845929831e-05
3486	4.3312460873258625e-05
3487	3.555944537912473e-05
3488	5.2199286581589534e-05
3489	5.577223068362364e-05
3490	5.4987518661214265e-05
3491	7.162735986367904e-05
3492	9.262485719058726e-05
3493	0.00011449206436051452
3494	0.0001407169276548851
3495	0.00026277531586783837
3496	0.000526843812863516
3497	0.0006027286528487783
3498	0.0005226622236531916
3499	0.0005462734039638309
3500	0.0005759816600849511
3501	0.0005673558991113485
3502	0.0005378221920861219
3503	0.00046733926716421587
3504	0.00040783472146491546
3505	0.0002824659717028825
3506	0.00018671744460490834
3507	0.00012668925161792632
3508	8.32159020128005e-05
3509	6.065049845929831e-05
3510	4.3312460873258625e-05
3511	3.555944537912473e-05
3512	5.2199286581589534e-05
3513	5.577223068362364e-05
3514	5.4987518661214265e-05
3515	7.162735986367904e-05
3516	9.262485719058726e-05
3517	0.00011449206436051452
3518	0.0001407169276548851
3519	0.00026277531586783837
3520	0.000526843812863516
3521	0.0006027286528487783
3522	0.0005226622236531916
3523	0.0005462734039638309
3524	0.0005759816600849511
3525	0.0005673558991113485
3526	0.0005378221920861219
3527	0.00046733926716421587
3528	0.00040783472146491546
3529	0.0002824659717028825
3530	0.00018671744460490834
3531	0.00012668925161792632
3532	8.32159020128005e-05
3533	6.065049845929831e-05
3534	4.3312460873258625e-05
3535	3.555944537912473e-05
3536	5.2199286581589534e-05
3537	5.577223068362364e-05
3538	5.4987518661214265e-05
3539	7.162735986367904e-05
3540	9.262485719058726e-05
3541	0.00011449206436051452
3542	0.0001407169276548851
3543	0.00026277531586783837
3544	0.000526843812863516
3545	0.0006027286528487783
3546	0.0005226622236531916
3547	0.0005462734039638309
3548	0.0005759816600849511
3549	0.0005673558991113485
3550	0.0005378221920861219
3551	0.00046733926716421587
3552	0.00044200363239592724
3553	0.0003246575352996633
3554	0.00023078065762265206
3555	0.0001655883814580612
3556	0.00012125763366613932
3557	8.735765006055208e-05
3558	6.388843064129894e-05
3559	4.954612988508913e-05
3560	4.563459331521361e-05
3561	5.6065357501548275e-05
3562	7.692688587421741e-05
3563	0.00011604225157297217
3564	0.00017210760907452032
3565	0.00025164218599532114
3566	0.00034030368157916526
3567	0.00043157286820959246
3568	0.0005098035996071018
3569	0.000569780493678526
3570	0.0005854266399580277
3571	0.0005554381929223157
3572	0.0004850305346645572
3573	0.0003768113562313364
3574	0.0002972767793105352
3575	0.00028814986064749237
3576	0.0004102569455083831
3577	0.0002841436019587435
3578	0.0001878264023759199
3579	0.0001274416881692224
3580	8.371014035996777e-05
3581	6.1010715694085776e-05
3582	4.3569703522271244e-05
3583	3.5770641089142525e-05
3584	5.250931012876478e-05
3585	5.610347476611484e-05
3586	5.531410215884635e-05
3587	7.205277119846859e-05
3588	9.317497748270932e-05
3589	0.00011517205901639901
3590	0.00014155267779470708
3591	0.000264335998798018
3592	0.0005299728592234884
3593	0.0006063083966954355
3594	0.0005257664345948142
3595	0.0005495178471260886
3596	0.0005794025474008788
3597	0.0005707255560525094
3598	0.0005410164415607674
3599	0.0004701149023659359
3600	0.00040783472146491546
3601	0.0002824659717028825
3602	0.00018671744460490834
3603	0.00012668925161792632
3604	8.32159020128005e-05
3605	6.065049845929831e-05
3606	4.3312460873258625e-05
3607	3.555944537912473e-05
3608	5.2199286581589534e-05
3609	5.577223068362364e-05
3610	5.4987518661214265e-05
3611	7.162735986367904e-05
3612	9.262485719058726e-05
3613	0.00011449206436051452
3614	0.0001407169276548851
3615	0.00026277531586783837
3616	0.000526843812863516
3617	0.0006027286528487783
3618	0.0005226622236531916
3619	0.0005462734039638309
3620	0.0005759816600849511
3621	0.0005673558991113485
3622	0.0005378221920861219
3623	0.00046733926716421587
3624	0.00040783472146491546
3625	0.0002824659717028825
3626	0.00018671744460490834
3627	0.00012668925161792632
3628	8.32159020128005e-05
3629	6.065049845929831e-05
3630	4.3312460873258625e-05
3631	3.555944537912473e-05
3632	5.2199286581589534e-05
3633	5.577223068362364e-05
3634	5.4987518661214265e-05
3635	7.162735986367904e-05
3636	9.262485719058726e-05
3637	0.00011449206436051452
3638	0.0001407169276548851
3639	0.00026277531586783837
3640	0.000526843812863516
3641	0.0006027286528487783
3642	0.0005226622236531916
3643	0.0005462734039638309
3644	0.0005759816600849511
3645	0.0005673558991113485
3646	0.0005378221920861219
3647	0.00046733926716421587
3648	0.00040783472146491546
3649	0.0002824659717028825
3650	0.00018671744460490834
3651	0.00012668925161792632
3652	8.32159020128005e-05
3653	6.065049845929831e-05
3654	4.3312460873258625e-05
3655	3.555944537912473e-05
3656	5.2199286581589534e-05
3657	5.577223068362364e-05
3658	5.4987518661214265e-05
3659	7.162735986367904e-05
3660	9.262485719058726e-05
3661	0.00011449206436051452
3662	0.0001407169276548851
3663	0.00026277531586783837
3664	0.000526843812863516
3665	0.0006027286528487783
3666	0.0005226622236531916
3667	0.0005462734039638309
3668	0.0005759816600849511
3669	0.0005673558991113485
3670	0.0005378221920861219
3671	0.00046733926716421587
3672	0.00040783472146491546
3673	0.0002824659717028825
3674	0.00018671744460490834
3675	0.00012668925161792632
3676	8.32159020128005e-05
3677	6.065049845929831e-05
3678	4.3312460873258625e-05
3679	3.555944537912473e-05
3680	5.2199286581589534e-05
3681	5.577223068362364e-05
3682	5.4987518661214265e-05
3683	7.162735986367904e-05
3684	9.262485719058726e-05
3685	0.00011449206436051452
3686	0.0001407169276548851
3687	0.00026277531586783837
3688	0.000526843812863516
3689	0.0006027286528487783
3690	0.0005226622236531916
3691	0.0005462734039638309
3692	0.0005759816600849511
3693	0.0005673558991113485
3694	0.0005378221920861219
3695	0.00046733926716421587
3696	0.00040783472146491546
3697	0.0002824659717028825
3698	0.00018671744460490834
3699	0.00012668925161792632
3700	8.32159020128005e-05
3701	6.065049845929831e-05
3702	4.3312460873258625e-05
3703	3.555944537912473e-05
3704	5.2199286581589534e-05
3705	5.577223068362364e-05
3706	5.4987518661214265e-05
3707	7.162735986367904e-05
3708	9.262485719058726e-05
3709	0.00011449206436051452
3710	0.0001407169276548851
3711	0.00026277531586783837
3712	0.000526843812863516
3713	0.0006027286528487783
3714	0.0005226622236531916
3715	0.0005462734039638309
3716	0.0005759816600849511
3717	0.0005673558991113485
3718	0.0005378221920861219
3719	0.00046733926716421587
3720	0.00044200363239592724
3721	0.0003246575352996633
3722	0.00023078065762265206
3723	0.0001655883814580612
3724	0.00012125763366613932
3725	8.735765006055208e-05
3726	6.388843064129894e-05
3727	4.954612988508913e-05
3728	4.563459331521361e-05
3729	5.6065357501548275e-05
3730	7.692688587421741e-05
3731	0.00011604225157297217
3732	0.00017210760907452032
3733	0.00025164218599532114
3734	0.00034030368157916526
3735	0.00043157286820959246
3736	0.0005098035996071018
3737	0.000569780493678526
3738	0.0005854266399580277
3739	0.0005554381929223157
3740	0.0004850305346645572
3741	0.0003768113562313364
3742	0.0002972767793105352
3743	0.00028814986064749237
3744	0.0004102569455083831
3745	0.0002841436019587435
3746	0.0001878264023759199
3747	0.0001274416881692224
3748	8.371014035996777e-05
3749	6.1010715694085776e-05
3750	4.3569703522271244e-05
3751	3.5770641089142525e-05
3752	5.250931012876478e-05
3753	5.610347476611484e-05
3754	5.531410215884635e-05
3755	7.205277119846859e-05
3756	9.317497748270932e-05
3757	0.00011517205901639901
3758	0.00014155267779470708
3759	0.000264335998798018
3760	0.0005299728592234884
3761	0.0006063083966954355
3762	0.0005257664345948142
3763	0.0005495178471260886
3764	0.0005794025474008788
3765	0.0005707255560525094
3766	0.0005410164415607674
3767	0.0004701149023659359
3768	0.00040783472146491546
3769	0.0002824659717028825
3770	0.00018671744460490834
3771	0.00012668925161792632
3772	8.32159020128005e-05
3773	6.065049845929831e-05
3774	4.3312460873258625e-05
3775	3.555944537912473e-05
3776	5.2199286581589534e-05
3777	5.577223068362364e-05
3778	5.4987518661214265e-05
3779	7.162735986367904e-05
3780	9.262485719058726e-05
3781	0.00011449206436051452
3782	0.0001407169276548851
3783	0.00026277531586783837
3784	0.000526843812863516
3785	0.0006027286528487783
3786	0.0005226622236531916
3787	0.0005462734039638309
3788	0.0005759816600849511
3789	0.0005673558991113485
3790	0.0005378221920861219
3791	0.00046733926716421587
3792	0.00040783472146491546
3793	0.0002824659717028825
3794	0.00018671744460490834
3795	0.00012668925161792632
3796	8.32159020128005e-05
3797	6.065049845929831e-05
3798	4.3312460873258625e-05
3799	3.555944537912473e-05
3800	5.2199286581589534e-05
3801	5.577223068362364e-05
3802	5.4987518661214265e-05
3803	7.162735986367904e-05
3804	9.262485719058726e-05
3805	0.00011449206436051452
3806	0.0001407169276548851
3807	0.00026277531586783837
3808	0.000526843812863516
3809	0.0006027286528487783
3810	0.0005226622236531916
3811	0.0005462734039638309
3812	0.0005759816600849511
3813	0.0005673558991113485
3814	0.0005378221920861219
3815	0.00046733926716421587
3816	0.00040783472146491546
3817	0.0002824659717028825
3818	0.00018671744460490834
3819	0.00012668925161792632
3820	8.32159020128005e-05
3821	6.065049845929831e-05
3822	4.3312460873258625e-05
3823	3.555944537912473e-05
3824	5.2199286581589534e-05
3825	5.577223068362364e-05
3826	5.4987518661214265e-05
3827	7.162735986367904e-05
3828	9.262485719058726e-05
3829	0.00011449206436051452
3830	0.0001407169276548851
3831	0.00026277531586783837
3832	0.000526843812863516
3833	0.0006027286528487783
3834	0.0005226622236531916
3835	0.0005462734039638309
3836	0.0005759816600849511
3837	0.0005673558991113485
3838	0.0005378221920861219
3839	0.00046733926716421587
3840	0.00040783472146491546
3841	0.0002824659717028825
3842	0.00018671744460490834
3843	0.00012668925161792632
3844	8.32159020128005e-05
3845	6.065049845929831e-05
3846	4.3312460873258625e-05
3847	3.555944537912473e-05
3848	5.2199286581589534e-05
3849	5.577223068362364e-05
3850	5.4987518661214265e-05
3851	7.162735986367904e-05
3852	9.262485719058726e-05
3853	0.00011449206436051452
3854	0.0001407169276548851
3855	0.00026277531586783837
3856	0.000526843812863516
3857	0.0006027286528487783
3858	0.0005226622236531916
3859	0.0005462734039638309
3860	0.0005759816600849511
3861	0.0005673558991113485
3862	0.0005378221920861219
3863	0.00046733926716421587
3864	0.00040783472146491546
3865	0.0002824659717028825
3866	0.00018671744460490834
3867	0.00012668925161792632
3868	8.32159020128005e-05
3869	6.065049845929831e-05
3870	4.3312460873258625e-05
3871	3.555944537912473e-05
3872	5.2199286581589534e-05
3873	5.577223068362364e-05
3874	5.4987518661214265e-05
3875	7.162735986367904e-05
3876	9.262485719058726e-05
3877	0.00011449206436051452
3878	0.0001407169276548851
3879	0.00026277531586783837
3880	0.000526843812863516
3881	0.0006027286528487783
3882	0.0005226622236531916
3883	0.0005462734039638309
3884	0.0005759816600849511
3885	0.0005673558991113485
3886	0.0005378221920861219
3887	0.00046733926716421587
3888	0.00044200363239592724
3889	0.0003246575352996633
3890	0.00023078065762265206
3891	0.0001655883814580612
3892	0.00012125763366613932
3893	8.735765006055208e-05
3894	6.388843064129894e-05
3895	4.954612988508913e-05
3896	4.563459331521361e-05
3897	5.6065357501548275e-05
3898	7.692688587421741e-05
3899	0.00011604225157297217
3900	0.00017210760907452032
3901	0.00025164218599532114
3902	0.00034030368157916526
3903	0.00043157286820959246
3904	0.0005098035996071018
3905	0.000569780493678526
3906	0.0005854266399580277
3907	0.0005554381929223157
3908	0.0004850305346645572
3909	0.0003768113562313364
3910	0.0002972767793105352
3911	0.00028814986064749237
3912	0.0004102569455083831
3913	0.0002841436019587435
3914	0.0001878264023759199
3915	0.0001274416881692224
3916	8.371014035996777e-05
3917	6.1010715694085776e-05
3918	4.3569703522271244e-05
3919	3.5770641089142525e-05
3920	5.250931012876478e-05
3921	5.610347476611484e-05
3922	5.531410215884635e-05
3923	7.205277119846859e-05
3924	9.317497748270932e-05
3925	0.00011517205901639901
3926	0.00014155267779470708
3927	0.000264335998798018
3928	0.0005299728592234884
3929	0.0006063083966954355
3930	0.0005257664345948142
3931	0.0005495178471260886
3932	0.0005794025474008788
3933	0.0005707255560525094
3934	0.0005410164415607674
3935	0.0004701149023659359
3936	0.00040783472146491546
3937	0.0002824659717028825
3938	0.00018671744460490834
3939	0.00012668925161792632
3940	8.32159020128005e-05
3941	6.065049845929831e-05
3942	4.3312460873258625e-05
3943	3.555944537912473e-05
3944	5.2199286581589534e-05
3945	5.577223068362364e-05
3946	5.4987518661214265e-05
3947	7.162735986367904e-05
3948	9.262485719058726e-05
3949	0.00011449206436051452
3950	0.0001407169276548851
3951	0.00026277531586783837
3952	0.000526843812863516
3953	0.0006027286528487783
3954	0.0005226622236531916
3955	0.0005462734039638309
3956	0.0005759816600849511
3957	0.0005673558991113485
3958	0.0005378221920861219
3959	0.00046733926716421587
3960	0.00040783472146491546
3961	0.0002824659717028825
3962	0.00018671744460490834
3963	0.00012668925161792632
3964	8.32159020128005e-05
3965	6.065049845929831e-05
3966	4.3312460873258625e-05
3967	3.555944537912473e-05
3968	5.2199286581589534e-05
3969	5.577223068362364e-05
3970	5.4987518661214265e-05
3971	7.162735986367904e-05
3972	9.262485719058726e-05
3973	0.00011449206436051452
3974	0.0001407169276548851
3975	0.00026277531586783837
3976	0.000526843812863516
3977	0.0006027286528487783
3978	0.0005226622236531916
3979	0.0005462734039638309
3980	0.0005759816600849511
3981	0.0005673558991113485
3982	0.0005378221920861219
3983	0.00046733926716421587
3984	0.00040783472146491546
3985	0.0002824659717028825
3986	0.00018671744460490834
3987	0.00012668925161792632
3988	8.32159020128005e-05
3989	6.065049845929831e-05
3990	4.3312460873258625e-05
3991	3.555944537912473e-05
3992	5.2199286581589534e-05
3993	5.577223068362364e-05
3994	5.4987518661214265e-05
3995	7.162735986367904e-05
3996	9.262485719058726e-05
3997	0.00011449206436051452
3998	0.0001407169276548851
3999	0.00026277531586783837
4000	0.000526843812863516
4001	0.0006027286528487783
4002	0.0005226622236531916
4003	0.0005462734039638309
4004	0.0005759816600849511
4005	0.0005673558991113485
4006	0.0005378221920861219
4007	0.00046733926716421587
4008	0.00040783472146491546
4009	0.0002824659717028825
4010	0.00018671744460490834
4011	0.00012668925161792632
4012	8.32159020128005e-05
4013	6.065049845929831e-05
4014	4.3312460873258625e-05
4015	3.555944537912473e-05
4016	5.2199286581589534e-05
4017	5.577223068362364e-05
4018	5.4987518661214265e-05
4019	7.162735986367904e-05
4020	9.262485719058726e-05
4021	0.00011449206436051452
4022	0.0001407169276548851
4023	0.00026277531586783837
4024	0.000526843812863516
4025	0.0006027286528487783
4026	0.0005226622236531916
4027	0.0005462734039638309
4028	0.0005759816600849511
4029	0.0005673558991113485
4030	0.0005378221920861219
4031	0.00046733926716421587
4032	0.00040783472146491546
4033	0.0002824659717028825
4034	0.00018671744460490834
4035	0.00012668925161792632
4036	8.32159020128005e-05
4037	6.065049845929831e-05
4038	4.3312460873258625e-05
4039	3.555944537912473e-05
4040	5.2199286581589534e-05
4041	5.577223068362364e-05
4042	5.4987518661214265e-05
4043	7.162735986367904e-05
4044	9.262485719058726e-05
4045	0.00011449206436051452
4046	0.0001407169276548851
4047	0.00026277531586783837
4048	0.000526843812863516
4049	0.0006027286528487783
4050	0.0005226622236531916
4051	0.0005462734039638309
4052	0.0005759816600849511
4053	0.0005673558991113485
4054	0.0005378221920861219
4055	0.00046733926716421587
4056	0.00044200363239592724
4057	0.0003246575352996633
4058	0.00023078065762265206
4059	0.0001655883814580612
4060	0.00012125763366613932
4061	8.735765006055208e-05
4062	6.388843064129894e-05
4063	4.954612988508913e-05
4064	4.563459331521361e-05
4065	5.6065357501548275e-05
4066	7.692688587421741e-05
4067	0.00011604225157297217
4068	0.00017210760907452032
4069	0.00025164218599532114
4070	0.00034030368157916526
4071	0.00043157286820959246
4072	0.0005098035996071018
4073	0.000569780493678526
4074	0.0005854266399580277
4075	0.0005554381929223157
4076	0.0004850305346645572
4077	0.0003768113562313364
4078	0.0002972767793105352
4079	0.00028814986064749237
4080	0.0004102569455083831
4081	0.0002841436019587435
4082	0.0001878264023759199
4083	0.0001274416881692224
4084	8.371014035996777e-05
4085	6.1010715694085776e-05
4086	4.3569703522271244e-05
4087	3.5770641089142525e-05
4088	5.250931012876478e-05
4089	5.610347476611484e-05
4090	5.531410215884635e-05
4091	7.205277119846859e-05
4092	9.317497748270932e-05
4093	0.00011517205901639901
4094	0.00014155267779470708
4095	0.000264335998798018
4096	0.0005299728592234884
4097	0.0006063083966954355
4098	0.0005257664345948142
4099	0.0005495178471260886
4100	0.0005794025474008788
4101	0.0005707255560525094
4102	0.0005410164415607674
4103	0.0004701149023659359
4104	0.00040783472146491546
4105	0.0002824659717028825
4106	0.00018671744460490834
4107	0.00012668925161792632
4108	8.32159020128005e-05
4109	6.065049845929831e-05
4110	4.3312460873258625e-05
4111	3.555944537912473e-05
4112	5.2199286581589534e-05
4113	5.577223068362364e-05
4114	5.4987518661214265e-05
4115	7.162735986367904e-05
4116	9.262485719058726e-05
4117	0.00011449206436051452
4118	0.0001407169276548851
4119	0.00026277531586783837
4120	0.000526843812863516
4121	0.0006027286528487783
4122	0.0005226622236531916
4123	0.0005462734039638309
4124	0.0005759816600849511
4125	0.0005673558991113485
4126	0.0005378221920861219
4127	0.00046733926716421587
4128	0.00040783472146491546
4129	0.0002824659717028825
4130	0.00018671744460490834
4131	0.00012668925161792632
4132	8.32159020128005e-05
4133	6.065049845929831e-05
4134	4.3312460873258625e-05
4135	3.555944537912473e-05
4136	5.2199286581589534e-05
4137	5.577223068362364e-05
4138	5.4987518661214265e-05
4139	7.162735986367904e-05
4140	9.262485719058726e-05
4141	0.00011449206436051452
4142	0.0001407169276548851
4143	0.00026277531586783837
4144	0.000526843812863516
4145	0.0006027286528487783
4146	0.0005226622236531916
4147	0.0005462734039638309
4148	0.0005759816600849511
4149	0.0005673558991113485
4150	0.0005378221920861219
4151	0.00046733926716421587
4152	0.00040783472146491546
4153	0.0002824659717028825
4154	0.00018671744460490834
4155	0.00012668925161792632
4156	8.32159020128005e-05
4157	6.065049845929831e-05
4158	4.3312460873258625e-05
4159	3.555944537912473e-05
4160	5.2199286581589534e-05
4161	5.577223068362364e-05
4162	5.4987518661214265e-05
4163	7.162735986367904e-05
4164	9.262485719058726e-05
4165	0.00011449206436051452
4166	0.0001407169276548851
4167	0.00026277531586783837
4168	0.000526843812863516
4169	0.0006027286528487783
4170	0.0005226622236531916
4171	0.0005462734039638309
4172	0.0005759816600849511
4173	0.0005673558991113485
4174	0.0005378221920861219
4175	0.00046733926716421587
4176	0.00040783472146491546
4177	0.0002824659717028825
4178	0.00018671744460490834
4179	0.00012668925161792632
4180	8.32159020128005e-05
4181	6.065049845929831e-05
4182	4.3312460873258625e-05
4183	3.555944537912473e-05
4184	5.2199286581589534e-05
4185	5.577223068362364e-05
4186	5.4987518661214265e-05
4187	7.162735986367904e-05
4188	9.262485719058726e-05
4189	0.00011449206436051452
4190	0.0001407169276548851
4191	0.00026277531586783837
4192	0.000526843812863516
4193	0.0006027286528487783
4194	0.0005226622236531916
4195	0.0005462734039638309
4196	0.0005759816600849511
4197	0.0005673558991113485
4198	0.0005378221920861219
4199	0.00046733926716421587
4200	0.00040783472146491546
4201	0.0002824659717028825
4202	0.00018671744460490834
4203	0.00012668925161792632
4204	8.32159020128005e-05
4205	6.065049845929831e-05
4206	4.3312460873258625e-05
4207	3.555944537912473e-05
4208	5.2199286581589534e-05
4209	5.577223068362364e-05
4210	5.4987518661214265e-05
4211	7.162735986367904e-05
4212	9.262485719058726e-05
4213	0.00011449206436051452
4214	0.0001407169276548851
4215	0.00026277531586783837
4216	0.000526843812863516
4217	0.0006027286528487783
4218	0.0005226622236531916
4219	0.0005462734039638309
4220	0.0005759816600849511
4221	0.0005673558991113485
4222	0.0005378221920861219
4223	0.00046733926716421587
4224	0.00044200363239592724
4225	0.0003246575352996633
4226	0.00023078065762265206
4227	0.0001655883814580612
4228	0.00012125763366613932
4229	8.735765006055208e-05
4230	6.388843064129894e-05
4231	4.954612988508913e-05
4232	4.563459331521361e-05
4233	5.6065357501548275e-05
4234	7.692688587421741e-05
4235	0.00011604225157297217
4236	0.00017210760907452032
4237	0.00025164218599532114
4238	0.00034030368157916526
4239	0.00043157286820959246
4240	0.0005098035996071018
4241	0.000569780493678526
4242	0.0005854266399580277
4243	0.0005554381929223157
4244	0.0004850305346645572
4245	0.0003768113562313364
4246	0.0002972767793105352
4247	0.00028814986064749237
4248	0.0004102569455083831
4249	0.0002841436019587435
4250	0.0001878264023759199
4251	0.0001274416881692224
4252	8.371014035996777e-05
4253	6.1010715694085776e-05
4254	4.3569703522271244e-05
4255	3.5770641089142525e-05
4256	5.250931012876478e-05
4257	5.610347476611484e-05
4258	5.531410215884635e-05
4259	7.205277119846859e-05
4260	9.317497748270932e-05
4261	0.00011517205901639901
4262	0.00014155267779470708
4263	0.000264335998798018
4264	0.0005299728592234884
4265	0.0006063083966954355
4266	0.0005257664345948142
4267	0.0005495178471260886
4268	0.0005794025474008788
4269	0.0005707255560525094
4270	0.0005410164415607674
4271	0.0004701149023659359
4272	0.00040783472146491546
4273	0.0002824659717028825
4274	0.00018671744460490834
4275	0.00012668925161792632
4276	8.32159020128005e-05
4277	6.065049845929831e-05
4278	4.3312460873258625e-05
4279	3.555944537912473e-05
4280	5.2199286581589534e-05
4281	5.577223068362364e-05
4282	5.4987518661214265e-05
4283	7.162735986367904e-05
4284	9.262485719058726e-05
4285	0.00011449206436051452
4286	0.0001407169276548851
4287	0.00026277531586783837
4288	0.000526843812863516
4289	0.0006027286528487783
4290	0.0005226622236531916
4291	0.0005462734039638309
4292	0.0005759816600849511
4293	0.0005673558991113485
4294	0.0005378221920861219
4295	0.00046733926716421587
4296	0.00040783472146491546
4297	0.0002824659717028825
4298	0.00018671744460490834
4299	0.00012668925161792632
4300	8.32159020128005e-05
4301	6.065049845929831e-05
4302	4.3312460873258625e-05
4303	3.555944537912473e-05
4304	5.2199286581589534e-05
4305	5.577223068362364e-05
4306	5.4987518661214265e-05
4307	7.162735986367904e-05
4308	9.262485719058726e-05
4309	0.00011449206436051452
4310	0.0001407169276548851
4311	0.00026277531586783837
4312	0.000526843812863516
4313	0.0006027286528487783
4314	0.0005226622236531916
4315	0.0005462734039638309
4316	0.0005759816600849511
4317	0.0005673558991113485
4318	0.0005378221920861219
4319	0.00046733926716421587
4320	0.00040783472146491546
4321	0.0002824659717028825
4322	0.00018671744460490834
4323	0.00012668925161792632
4324	8.32159020128005e-05
4325	6.065049845929831e-05
4326	4.3312460873258625e-05
4327	3.555944537912473e-05
4328	5.2199286581589534e-05
4329	5.577223068362364e-05
4330	5.4987518661214265e-05
4331	7.162735986367904e-05
4332	9.262485719058726e-05
4333	0.00011449206436051452
4334	0.0001407169276548851
4335	0.00026277531586783837
4336	0.000526843812863516
4337	0.0006027286528487783
4338	0.0005226622236531916
4339	0.0005462734039638309
4340	0.0005759816600849511
4341	0.0005673558991113485
4342	0.0005378221920861219
4343	0.00046733926716421587
4344	0.00040783472146491546
4345	0.0002824659717028825
4346	0.00018671744460490834
4347	0.00012668925161792632
4348	8.32159020128005e-05
4349	6.065049845929831e-05
4350	4.3312460873258625e-05
4351	3.555944537912473e-05
4352	5.2199286581589534e-05
4353	5.577223068362364e-05
4354	5.4987518661214265e-05
4355	7.162735986367904e-05
4356	9.262485719058726e-05
4357	0.00011449206436051452
4358	0.0001407169276548851
4359	0.00026277531586783837
4360	0.000526843812863516
4361	0.0006027286528487783
4362	0.0005226622236531916
4363	0.0005462734039638309
4364	0.0005759816600849511
4365	0.0005673558991113485
4366	0.0005378221920861219
4367	0.00046733926716421587
4368	0.00040783472146491546
4369	0.0002824659717028825
4370	0.00018671744460490834
4371	0.00012668925161792632
4372	8.32159020128005e-05
4373	6.065049845929831e-05
4374	4.3312460873258625e-05
4375	3.555944537912473e-05
4376	5.2199286581589534e-05
4377	5.577223068362364e-05
4378	5.4987518661214265e-05
4379	7.162735986367904e-05
4380	9.262485719058726e-05
4381	0.00011449206436051452
4382	0.0001407169276548851
4383	0.00026277531586783837
4384	0.000526843812863516
4385	0.0006027286528487783
4386	0.0005226622236531916
4387	0.0005462734039638309
4388	0.0005759816600849511
4389	0.0005673558991113485
4390	0.0005378221920861219
4391	0.00046733926716421587
4392	0.00044200363239592724
4393	0.0003246575352996633
4394	0.00023078065762265206
4395	0.0001655883814580612
4396	0.00012125763366613932
4397	8.735765006055208e-05
4398	6.388843064129894e-05
4399	4.954612988508913e-05
4400	4.563459331521361e-05
4401	5.6065357501548275e-05
4402	7.692688587421741e-05
4403	0.00011604225157297217
4404	0.00017210760907452032
4405	0.00025164218599532114
4406	0.00034030368157916526
4407	0.00043157286820959246
4408	0.0005098035996071018
4409	0.000569780493678526
4410	0.0005854266399580277
4411	0.0005554381929223157
4412	0.0004850305346645572
4413	0.0003768113562313364
4414	0.0002972767793105352
4415	0.00028814986064749237
4416	0.0004102569455083831
4417	0.0002841436019587435
4418	0.0001878264023759199
4419	0.0001274416881692224
4420	8.371014035996777e-05
4421	6.1010715694085776e-05
4422	4.3569703522271244e-05
4423	3.5770641089142525e-05
4424	5.250931012876478e-05
4425	5.610347476611484e-05
4426	5.531410215884635e-05
4427	7.205277119846859e-05
4428	9.317497748270932e-05
4429	0.00011517205901639901
4430	0.00014155267779470708
4431	0.000264335998798018
4432	0.0005299728592234884
4433	0.0006063083966954355
4434	0.0005257664345948142
4435	0.0005495178471260886
4436	0.0005794025474008788
4437	0.0005707255560525094
4438	0.0005410164415607674
4439	0.0004701149023659359
4440	0.00040783472146491546
4441	0.0002824659717028825
4442	0.00018671744460490834
4443	0.00012668925161792632
4444	8.32159020128005e-05
4445	6.065049845929831e-05
4446	4.3312460873258625e-05
4447	3.555944537912473e-05
4448	5.2199286581589534e-05
4449	5.577223068362364e-05
4450	5.4987518661214265e-05
4451	7.162735986367904e-05
4452	9.262485719058726e-05
4453	0.00011449206436051452
4454	0.0001407169276548851
4455	0.00026277531586783837
4456	0.000526843812863516
4457	0.0006027286528487783
4458	0.0005226622236531916
4459	0.0005462734039638309
4460	0.0005759816600849511
4461	0.0005673558991113485
4462	0.0005378221920861219
4463	0.00046733926716421587
4464	0.00040783472146491546
4465	0.0002824659717028825
4466	0.00018671744460490834
4467	0.00012668925161792632
4468	8.32159020128005e-05
4469	6.065049845929831e-05
4470	4.3312460873258625e-05
4471	3.555944537912473e-05
4472	5.2199286581589534e-05
4473	5.577223068362364e-05
4474	5.4987518661214265e-05
4475	7.162735986367904e-05
4476	9.262485719058726e-05
4477	0.00011449206436051452
4478	0.0001407169276548851
4479	0.00026277531586783837
4480	0.000526843812863516
4481	0.0006027286528487783
4482	0.0005226622236531916
4483	0.0005462734039638309
4484	0.0005759816600849511
4485	0.0005673558991113485
4486	0.0005378221920861219
4487	0.00046733926716421587
4488	0.00040783472146491546
4489	0.0002824659717028825
4490	0.00018671744460490834
4491	0.00012668925161792632
4492	8.32159020128005e-05
4493	6.065049845929831e-05
4494	4.3312460873258625e-05
4495	3.555944537912473e-05
4496	5.2199286581589534e-05
4497	5.577223068362364e-05
4498	5.4987518661214265e-05
4499	7.162735986367904e-05
4500	9.262485719058726e-05
4501	0.00011449206436051452
4502	0.0001407169276548851
4503	0.00026277531586783837
4504	0.000526843812863516
4505	0.0006027286528487783
4506	0.0005226622236531916
4507	0.0005462734039638309
4508	0.0005759816600849511
4509	0.0005673558991113485
4510	0.0005378221920861219
4511	0.00046733926716421587
4512	0.00040783472146491546
4513	0.0002824659717028825
4514	0.00018671744460490834
4515	0.00012668925161792632
4516	8.32159020128005e-05
4517	6.065049845929831e-05
4518	4.3312460873258625e-05
4519	3.555944537912473e-05
4520	5.2199286581589534e-05
4521	5.577223068362364e-05
4522	5.4987518661214265e-05
4523	7.162735986367904e-05
4524	9.262485719058726e-05
4525	0.00011449206436051452
4526	0.0001407169276548851
4527	0.00026277531586783837
4528	0.000526843812863516
4529	0.0006027286528487783
4530	0.0005226622236531916
4531	0.0005462734039638309
4532	0.0005759816600849511
4533	0.0005673558991113485
4534	0.0005378221920861219
4535	0.00046733926716421587
4536	0.00040783472146491546
4537	0.0002824659717028825
4538	0.00018671744460490834
4539	0.00012668925161792632
4540	8.32159020128005e-05
4541	6.065049845929831e-05
4542	4.3312460873258625e-05
4543	3.555944537912473e-05
4544	5.2199286581589534e-05
4545	5.577223068362364e-05
4546	5.4987518661214265e-05
4547	7.162735986367904e-05
4548	9.262485719058726e-05
4549	0.00011449206436051452
4550	0.0001407169276548851
4551	0.00026277531586783837
4552	0.000526843812863516
4553	0.0006027286528487783
4554	0.0005226622236531916
4555	0.0005462734039638309
4556	0.0005759816600849511
4557	0.0005673558991113485
4558	0.0005378221920861219
4559	0.00046733926716421587
4560	0.00044200363239592724
4561	0.0003246575352996633
4562	0.00023078065762265206
4563	0.0001655883814580612
4564	0.00012125763366613932
4565	8.735765006055208e-05
4566	6.388843064129894e-05
4567	4.954612988508913e-05
4568	4.563459331521361e-05
4569	5.6065357501548275e-05
4570	7.692688587421741e-05
4571	0.00011604225157297217
4572	0.00017210760907452032
4573	0.00025164218599532114
4574	0.00034030368157916526
4575	0.00043157286820959246
4576	0.0005098035996071018
4577	0.000569780493678526
4578	0.0005854266399580277
4579	0.0005554381929223157
4580	0.0004850305346645572
4581	0.0003768113562313364
4582	0.0002972767793105352
4583	0.00028814986064749237
4584	0.0004102569455083831
4585	0.0002841436019587435
4586	0.0001878264023759199
4587	0.0001274416881692224
4588	8.371014035996777e-05
4589	6.1010715694085776e-05
4590	4.3569703522271244e-05
4591	3.5770641089142525e-05
4592	5.250931012876478e-05
4593	5.610347476611484e-05
4594	5.531410215884635e-05
4595	7.205277119846859e-05
4596	9.317497748270932e-05
4597	0.00011517205901639901
4598	0.00014155267779470708
4599	0.000264335998798018
4600	0.0005299728592234884
4601	0.0006063083966954355
4602	0.0005257664345948142
4603	0.0005495178471260886
4604	0.0005794025474008788
4605	0.0005707255560525094
4606	0.0005410164415607674
4607	0.0004701149023659359
4608	0.00040783472146491546
4609	0.0002824659717028825
4610	0.00018671744460490834
4611	0.00012668925161792632
4612	8.32159020128005e-05
4613	6.065049845929831e-05
4614	4.3312460873258625e-05
4615	3.555944537912473e-05
4616	5.2199286581589534e-05
4617	5.577223068362364e-05
4618	5.4987518661214265e-05
4619	7.162735986367904e-05
4620	9.262485719058726e-05
4621	0.00011449206436051452
4622	0.0001407169276548851
4623	0.00026277531586783837
4624	0.000526843812863516
4625	0.0006027286528487783
4626	0.0005226622236531916
4627	0.0005462734039638309
4628	0.0005759816600849511
4629	0.0005673558991113485
4630	0.0005378221920861219
4631	0.00046733926716421587
4632	0.00040783472146491546
4633	0.0002824659717028825
4634	0.00018671744460490834
4635	0.00012668925161792632
4636	8.32159020128005e-05
4637	6.065049845929831e-05
4638	4.3312460873258625e-05
4639	3.555944537912473e-05
4640	5.2199286581589534e-05
4641	5.577223068362364e-05
4642	5.4987518661214265e-05
4643	7.162735986367904e-05
4644	9.262485719058726e-05
4645	0.00011449206436051452
4646	0.0001407169276548851
4647	0.00026277531586783837
4648	0.000526843812863516
4649	0.0006027286528487783
4650	0.0005226622236531916
4651	0.0005462734039638309
4652	0.0005759816600849511
4653	0.0005673558991113485
4654	0.0005378221920861219
4655	0.00046733926716421587
4656	0.00040783472146491546
4657	0.0002824659717028825
4658	0.00018671744460490834
4659	0.00012668925161792632
4660	8.32159020128005e-05
4661	6.065049845929831e-05
4662	4.3312460873258625e-05
4663	3.555944537912473e-05
4664	5.2199286581589534e-05
4665	5.577223068362364e-05
4666	5.4987518661214265e-05
4667	7.162735986367904e-05
4668	9.262485719058726e-05
4669	0.00011449206436051452
4670	0.0001407169276548851
4671	0.00026277531586783837
4672	0.000526843812863516
4673	0.0006027286528487783
4674	0.0005226622236531916
4675	0.0005462734039638309
4676	0.0005759816600849511
4677	0.0005673558991113485
4678	0.0005378221920861219
4679	0.00046733926716421587
4680	0.00040783472146491546
4681	0.0002824659717028825
4682	0.00018671744460490834
4683	0.00012668925161792632
4684	8.32159020128005e-05
4685	6.065049845929831e-05
4686	4.3312460873258625e-05
4687	3.555944537912473e-05
4688	5.2199286581589534e-05
4689	5.577223068362364e-05
4690	5.4987518661214265e-05
4691	7.162735986367904e-05
4692	9.262485719058726e-05
4693	0.00011449206436051452
4694	0.0001407169276548851
4695	0.00026277531586783837
4696	0.000526843812863516
4697	0.0006027286528487783
4698	0.0005226622236531916
4699	0.0005462734039638309
4700	0.0005759816600849511
4701	0.0005673558991113485
4702	0.0005378221920861219
4703	0.00046733926716421587
4704	0.00040783472146491546
4705	0.0002824659717028825
4706	0.00018671744460490834
4707	0.00012668925161792632
4708	8.32159020128005e-05
4709	6.065049845929831e-05
4710	4.3312460873258625e-05
4711	3.555944537912473e-05
4712	5.2199286581589534e-05
4713	5.577223068362364e-05
4714	5.4987518661214265e-05
4715	7.162735986367904e-05
4716	9.262485719058726e-05
4717	0.00011449206436051452
4718	0.0001407169276548851
4719	0.00026277531586783837
4720	0.000526843812863516
4721	0.0006027286528487783
4722	0.0005226622236531916
4723	0.0005462734039638309
4724	0.0005759816600849511
4725	0.0005673558991113485
4726	0.0005378221920861219
4727	0.00046733926716421587
4728	0.00044200363239592724
4729	0.0003246575352996633
4730	0.00023078065762265206
4731	0.0001655883814580612
4732	0.00012125763366613932
4733	8.735765006055208e-05
4734	6.388843064129894e-05
4735	4.954612988508913e-05
4736	4.563459331521361e-05
4737	5.6065357501548275e-05
4738	7.692688587421741e-05
4739	0.00011604225157297217
4740	0.00017210760907452032
4741	0.00025164218599532114
4742	0.00034030368157916526
4743	0.00043157286820959246
4744	0.0005098035996071018
4745	0.000569780493678526
4746	0.0005854266399580277
4747	0.0005554381929223157
4748	0.0004850305346645572
4749	0.0003768113562313364
4750	0.0002972767793105352
4751	0.00028814986064749237
4752	0.0004102569455083831
4753	0.0002841436019587435
4754	0.0001878264023759199
4755	0.0001274416881692224
4756	8.371014035996777e-05
4757	6.1010715694085776e-05
4758	4.3569703522271244e-05
4759	3.5770641089142525e-05
4760	5.250931012876478e-05
4761	5.610347476611484e-05
4762	5.531410215884635e-05
4763	7.205277119846859e-05
4764	9.317497748270932e-05
4765	0.00011517205901639901
4766	0.00014155267779470708
4767	0.000264335998798018
4768	0.0005299728592234884
4769	0.0006063083966954355
4770	0.0005257664345948142
4771	0.0005495178471260886
4772	0.0005794025474008788
4773	0.0005707255560525094
4774	0.0005410164415607674
4775	0.0004701149023659359
4776	0.00040783472146491546
4777	0.0002824659717028825
4778	0.00018671744460490834
4779	0.00012668925161792632
4780	8.32159020128005e-05
4781	6.065049845929831e-05
4782	4.3312460873258625e-05
4783	3.555944537912473e-05
4784	5.2199286581589534e-05
4785	5.577223068362364e-05
4786	5.4987518661214265e-05
4787	7.162735986367904e-05
4788	9.262485719058726e-05
4789	0.00011449206436051452
4790	0.0001407169276548851
4791	0.00026277531586783837
4792	0.000526843812863516
4793	0.0006027286528487783
4794	0.0005226622236531916
4795	0.0005462734039638309
4796	0.0005759816600849511
4797	0.0005673558991113485
4798	0.0005378221920861219
4799	0.00046733926716421587
4800	0.00040783472146491546
4801	0.0002824659717028825
4802	0.00018671744460490834
4803	0.00012668925161792632
4804	8.32159020128005e-05
4805	6.065049845929831e-05
4806	4.3312460873258625e-05
4807	3.555944537912473e-05
4808	5.2199286581589534e-05
4809	5.577223068362364e-05
4810	5.4987518661214265e-05
4811	7.162735986367904e-05
4812	9.262485719058726e-05
4813	0.00011449206436051452
4814	0.0001407169276548851
4815	0.00026277531586783837
4816	0.000526843812863516
4817	0.0006027286528487783
4818	0.0005226622236531916
4819	0.0005462734039638309
4820	0.0005759816600849511
4821	0.0005673558991113485
4822	0.0005378221920861219
4823	0.00046733926716421587
4824	0.00040783472146491546
4825	0.0002824659717028825
4826	0.00018671744460490834
4827	0.00012668925161792632
4828	8.32159020128005e-05
4829	6.065049845929831e-05
4830	4.3312460873258625e-05
4831	3.555944537912473e-05
4832	5.2199286581589534e-05
4833	5.577223068362364e-05
4834	5.4987518661214265e-05
4835	7.162735986367904e-05
4836	9.262485719058726e-05
4837	0.00011449206436051452
4838	0.0001407169276548851
4839	0.00026277531586783837
4840	0.000526843812863516
4841	0.0006027286528487783
4842	0.0005226622236531916
4843	0.0005462734039638309
4844	0.0005759816600849511
4845	0.0005673558991113485
4846	0.0005378221920861219
4847	0.00046733926716421587
4848	0.00040783472146491546
4849	0.0002824659717028825
4850	0.00018671744460490834
4851	0.00012668925161792632
4852	8.32159020128005e-05
4853	6.065049845929831e-05
4854	4.3312460873258625e-05
4855	3.555944537912473e-05
4856	5.2199286581589534e-05
4857	5.577223068362364e-05
4858	5.4987518661214265e-05
4859	7.162735986367904e-05
4860	9.262485719058726e-05
4861	0.00011449206436051452
4862	0.0001407169276548851
4863	0.00026277531586783837
4864	0.000526843812863516
4865	0.0006027286528487783
4866	0.0005226622236531916
4867	0.0005462734039638309
4868	0.0005759816600849511
4869	0.0005673558991113485
4870	0.0005378221920861219
4871	0.00046733926716421587
4872	0.00040783472146491546
4873	0.0002824659717028825
4874	0.00018671744460490834
4875	0.00012668925161792632
4876	8.32159020128005e-05
4877	6.065049845929831e-05
4878	4.3312460873258625e-05
4879	3.555944537912473e-05
4880	5.2199286581589534e-05
4881	5.577223068362364e-05
4882	5.4987518661214265e-05
4883	7.162735986367904e-05
4884	9.262485719058726e-05
4885	0.00011449206436051452
4886	0.0001407169276548851
4887	0.00026277531586783837
4888	0.000526843812863516
4889	0.0006027286528487783
4890	0.0005226622236531916
4891	0.0005462734039638309
4892	0.0005759816600849511
4893	0.0005673558991113485
4894	0.0005378221920861219
4895	0.00046733926716421587
4896	0.00044200363239592724
4897	0.0003246575352996633
4898	0.00023078065762265206
4899	0.0001655883814580612
4900	0.00012125763366613932
4901	8.735765006055208e-05
4902	6.388843064129894e-05
4903	4.954612988508913e-05
4904	4.563459331521361e-05
4905	5.6065357501548275e-05
4906	7.692688587421741e-05
4907	0.00011604225157297217
4908	0.00017210760907452032
4909	0.00025164218599532114
4910	0.00034030368157916526
4911	0.00043157286820959246
4912	0.0005098035996071018
4913	0.000569780493678526
4914	0.0005854266399580277
4915	0.0005554381929223157
4916	0.0004850305346645572
4917	0.0003768113562313364
4918	0.0002972767793105352
4919	0.00028814986064749237
4920	0.0004102569455083831
4921	0.0002841436019587435
4922	0.0001878264023759199
4923	0.0001274416881692224
4924	8.371014035996777e-05
4925	6.1010715694085776e-05
4926	4.3569703522271244e-05
4927	3.5770641089142525e-05
4928	5.250931012876478e-05
4929	5.610347476611484e-05
4930	5.531410215884635e-05
4931	7.205277119846859e-05
4932	9.317497748270932e-05
4933	0.00011517205901639901
4934	0.00014155267779470708
4935	0.000264335998798018
4936	0.0005299728592234884
4937	0.0006063083966954355
4938	0.0005257664345948142
4939	0.0005495178471260886
4940	0.0005794025474008788
4941	0.0005707255560525094
4942	0.0005410164415607674
4943	0.0004701149023659359
4944	0.00040783472146491546
4945	0.0002824659717028825
4946	0.00018671744460490834
4947	0.00012668925161792632
4948	8.32159020128005e-05
4949	6.065049845929831e-05
4950	4.3312460873258625e-05
4951	3.555944537912473e-05
4952	5.2199286581589534e-05
4953	5.577223068362364e-05
4954	5.4987518661214265e-05
4955	7.162735986367904e-05
4956	9.262485719058726e-05
4957	0.00011449206436051452
4958	0.0001407169276548851
4959	0.00026277531586783837
4960	0.000526843812863516
4961	0.0006027286528487783
4962	0.0005226622236531916
4963	0.0005462734039638309
4964	0.0005759816600849511
4965	0.0005673558991113485
4966	0.0005378221920861219
4967	0.00046733926716421587
4968	0.00040783472146491546
4969	0.0002824659717028825
4970	0.00018671744460490834
4971	0.00012668925161792632
4972	8.32159020128005e-05
4973	6.065049845929831e-05
4974	4.3312460873258625e-05
4975	3.555944537912473e-05
4976	5.2199286581589534e-05
4977	5.577223068362364e-05
4978	5.4987518661214265e-05
4979	7.162735986367904e-05
4980	9.262485719058726e-05
4981	0.00011449206436051452
4982	0.0001407169276548851
4983	0.00026277531586783837
4984	0.000526843812863516
4985	0.0006027286528487783
4986	0.0005226622236531916
4987	0.0005462734039638309
4988	0.0005759816600849511
4989	0.0005673558991113485
4990	0.0005378221920861219
4991	0.00046733926716421587
4992	0.00040783472146491546
4993	0.0002824659717028825
4994	0.00018671744460490834
4995	0.00012668925161792632
4996	8.32159020128005e-05
4997	6.065049845929831e-05
4998	4.3312460873258625e-05
4999	3.555944537912473e-05
5000	5.2199286581589534e-05
5001	5.577223068362364e-05
5002	5.4987518661214265e-05
5003	7.162735986367904e-05
5004	9.262485719058726e-05
5005	0.00011449206436051452
5006	0.0001407169276548851
5007	0.00026277531586783837
5008	0.000526843812863516
5009	0.0006027286528487783
5010	0.0005226622236531916
5011	0.0005462734039638309
5012	0.0005759816600849511
5013	0.0005673558991113485
5014	0.0005378221920861219
5015	0.00046733926716421587
5016	0.00040783472146491546
5017	0.0002824659717028825
5018	0.00018671744460490834
5019	0.00012668925161792632
5020	8.32159020128005e-05
5021	6.065049845929831e-05
5022	4.3312460873258625e-05
5023	3.555944537912473e-05
5024	5.2199286581589534e-05
5025	5.577223068362364e-05
5026	5.4987518661214265e-05
5027	7.162735986367904e-05
5028	9.262485719058726e-05
5029	0.00011449206436051452
5030	0.0001407169276548851
5031	0.00026277531586783837
5032	0.000526843812863516
5033	0.0006027286528487783
5034	0.0005226622236531916
5035	0.0005462734039638309
5036	0.0005759816600849511
5037	0.0005673558991113485
5038	0.0005378221920861219
5039	0.00046733926716421587
5040	0.00040783472146491546
5041	0.0002824659717028825
5042	0.00018671744460490834
5043	0.00012668925161792632
5044	8.32159020128005e-05
5045	6.065049845929831e-05
5046	4.3312460873258625e-05
5047	3.555944537912473e-05
5048	5.2199286581589534e-05
5049	5.577223068362364e-05
5050	5.4987518661214265e-05
5051	7.162735986367904e-05
5052	9.262485719058726e-05
5053	0.00011449206436051452
5054	0.0001407169276548851
5055	0.00026277531586783837
5056	0.000526843812863516
5057	0.0006027286528487783
5058	0.0005226622236531916
5059	0.0005462734039638309
5060	0.0005759816600849511
5061	0.0005673558991113485
5062	0.0005378221920861219
5063	0.00046733926716421587
5064	0.00044200363239592724
5065	0.0003246575352996633
5066	0.00023078065762265206
5067	0.0001655883814580612
5068	0.00012125763366613932
5069	8.735765006055208e-05
5070	6.388843064129894e-05
5071	4.954612988508913e-05
5072	4.563459331521361e-05
5073	5.6065357501548275e-05
5074	7.692688587421741e-05
5075	0.00011604225157297217
5076	0.00017210760907452032
5077	0.00025164218599532114
5078	0.00034030368157916526
5079	0.00043157286820959246
5080	0.0005098035996071018
5081	0.000569780493678526
5082	0.0005854266399580277
5083	0.0005554381929223157
5084	0.0004850305346645572
5085	0.0003768113562313364
5086	0.0002972767793105352
5087	0.00028814986064749237
5088	0.0004102569455083831
5089	0.0002841436019587435
5090	0.0001878264023759199
5091	0.0001274416881692224
5092	8.371014035996777e-05
5093	6.1010715694085776e-05
5094	4.3569703522271244e-05
5095	3.5770641089142525e-05
5096	5.250931012876478e-05
5097	5.610347476611484e-05
5098	5.531410215884635e-05
5099	7.205277119846859e-05
5100	9.317497748270932e-05
5101	0.00011517205901639901
5102	0.00014155267779470708
5103	0.000264335998798018
5104	0.0005299728592234884
5105	0.0006063083966954355
5106	0.0005257664345948142
5107	0.0005495178471260886
5108	0.0005794025474008788
5109	0.0005707255560525094
5110	0.0005410164415607674
5111	0.0004701149023659359
5112	0.00040783472146491546
5113	0.0002824659717028825
5114	0.00018671744460490834
5115	0.00012668925161792632
5116	8.32159020128005e-05
5117	6.065049845929831e-05
5118	4.3312460873258625e-05
5119	3.555944537912473e-05
5120	5.2199286581589534e-05
5121	5.577223068362364e-05
5122	5.4987518661214265e-05
5123	7.162735986367904e-05
5124	9.262485719058726e-05
5125	0.00011449206436051452
5126	0.0001407169276548851
5127	0.00026277531586783837
5128	0.000526843812863516
5129	0.0006027286528487783
5130	0.0005226622236531916
5131	0.0005462734039638309
5132	0.0005759816600849511
5133	0.0005673558991113485
5134	0.0005378221920861219
5135	0.00046733926716421587
5136	0.00040783472146491546
5137	0.0002824659717028825
5138	0.00018671744460490834
5139	0.00012668925161792632
5140	8.32159020128005e-05
5141	6.065049845929831e-05
5142	4.3312460873258625e-05
5143	3.555944537912473e-05
5144	5.2199286581589534e-05
5145	5.577223068362364e-05
5146	5.4987518661214265e-05
5147	7.162735986367904e-05
5148	9.262485719058726e-05
5149	0.00011449206436051452
5150	0.0001407169276548851
5151	0.00026277531586783837
5152	0.000526843812863516
5153	0.0006027286528487783
5154	0.0005226622236531916
5155	0.0005462734039638309
5156	0.0005759816600849511
5157	0.0005673558991113485
5158	0.0005378221920861219
5159	0.00046733926716421587
5160	0.00040783472146491546
5161	0.0002824659717028825
5162	0.00018671744460490834
5163	0.00012668925161792632
5164	8.32159020128005e-05
5165	6.065049845929831e-05
5166	4.3312460873258625e-05
5167	3.555944537912473e-05
5168	5.2199286581589534e-05
5169	5.577223068362364e-05
5170	5.4987518661214265e-05
5171	7.162735986367904e-05
5172	9.262485719058726e-05
5173	0.00011449206436051452
5174	0.0001407169276548851
5175	0.00026277531586783837
5176	0.000526843812863516
5177	0.0006027286528487783
5178	0.0005226622236531916
5179	0.0005462734039638309
5180	0.0005759816600849511
5181	0.0005673558991113485
5182	0.0005378221920861219
5183	0.00046733926716421587
5184	0.00040783472146491546
5185	0.0002824659717028825
5186	0.00018671744460490834
5187	0.00012668925161792632
5188	8.32159020128005e-05
5189	6.065049845929831e-05
5190	4.3312460873258625e-05
5191	3.555944537912473e-05
5192	5.2199286581589534e-05
5193	5.577223068362364e-05
5194	5.4987518661214265e-05
5195	7.162735986367904e-05
5196	9.262485719058726e-05
5197	0.00011449206436051452
5198	0.0001407169276548851
5199	0.00026277531586783837
5200	0.000526843812863516
5201	0.0006027286528487783
5202	0.0005226622236531916
5203	0.0005462734039638309
5204	0.0005759816600849511
5205	0.0005673558991113485
5206	0.0005378221920861219
5207	0.00046733926716421587
5208	0.00040783472146491546
5209	0.0002824659717028825
5210	0.00018671744460490834
5211	0.00012668925161792632
5212	8.32159020128005e-05
5213	6.065049845929831e-05
5214	4.3312460873258625e-05
5215	3.555944537912473e-05
5216	5.2199286581589534e-05
5217	5.577223068362364e-05
5218	5.4987518661214265e-05
5219	7.162735986367904e-05
5220	9.262485719058726e-05
5221	0.00011449206436051452
5222	0.0001407169276548851
5223	0.00026277531586783837
5224	0.000526843812863516
5225	0.0006027286528487783
5226	0.0005226622236531916
5227	0.0005462734039638309
5228	0.0005759816600849511
5229	0.0005673558991113485
5230	0.0005378221920861219
5231	0.00046733926716421587
5232	0.00044200363239592724
5233	0.0003246575352996633
5234	0.00023078065762265206
5235	0.0001655883814580612
5236	0.00012125763366613932
5237	8.735765006055208e-05
5238	6.388843064129894e-05
5239	4.954612988508913e-05
5240	4.563459331521361e-05
5241	5.6065357501548275e-05
5242	7.692688587421741e-05
5243	0.00011604225157297217
5244	0.00017210760907452032
5245	0.00025164218599532114
5246	0.00034030368157916526
5247	0.00043157286820959246
5248	0.0005098035996071018
5249	0.000569780493678526
5250	0.0005854266399580277
5251	0.0005554381929223157
5252	0.0004850305346645572
5253	0.0003768113562313364
5254	0.0002972767793105352
5255	0.00028814986064749237
5256	0.0004102569455083831
5257	0.0002841436019587435
5258	0.0001878264023759199
5259	0.0001274416881692224
5260	8.371014035996777e-05
5261	6.1010715694085776e-05
5262	4.3569703522271244e-05
5263	3.5770641089142525e-05
5264	5.250931012876478e-05
5265	5.610347476611484e-05
5266	5.531410215884635e-05
5267	7.205277119846859e-05
5268	9.317497748270932e-05
5269	0.00011517205901639901
5270	0.00014155267779470708
5271	0.000264335998798018
5272	0.0005299728592234884
5273	0.0006063083966954355
5274	0.0005257664345948142
5275	0.0005495178471260886
5276	0.0005794025474008788
5277	0.0005707255560525094
5278	0.0005410164415607674
5279	0.0004701149023659359
5280	0.00040783472146491546
5281	0.0002824659717028825
5282	0.00018671744460490834
5283	0.00012668925161792632
5284	8.32159020128005e-05
5285	6.065049845929831e-05
5286	4.3312460873258625e-05
5287	3.555944537912473e-05
5288	5.2199286581589534e-05
5289	5.577223068362364e-05
5290	5.4987518661214265e-05
5291	7.162735986367904e-05
5292	9.262485719058726e-05
5293	0.00011449206436051452
5294	0.0001407169276548851
5295	0.00026277531586783837
5296	0.000526843812863516
5297	0.0006027286528487783
5298	0.0005226622236531916
5299	0.0005462734039638309
5300	0.0005759816600849511
5301	0.0005673558991113485
5302	0.0005378221920861219
5303	0.00046733926716421587
5304	0.00040783472146491546
5305	0.0002824659717028825
5306	0.00018671744460490834
5307	0.00012668925161792632
5308	8.32159020128005e-05
5309	6.065049845929831e-05
5310	4.3312460873258625e-05
5311	3.555944537912473e-05
5312	5.2199286581589534e-05
5313	5.577223068362364e-05
5314	5.4987518661214265e-05
5315	7.162735986367904e-05
5316	9.262485719058726e-05
5317	0.00011449206436051452
5318	0.0001407169276548851
5319	0.00026277531586783837
5320	0.000526843812863516
5321	0.0006027286528487783
5322	0.0005226622236531916
5323	0.0005462734039638309
5324	0.0005759816600849511
5325	0.0005673558991113485
5326	0.0005378221920861219
5327	0.00046733926716421587
5328	0.00040783472146491546
5329	0.0002824659717028825
5330	0.00018671744460490834
5331	0.00012668925161792632
5332	8.32159020128005e-05
5333	6.065049845929831e-05
5334	4.3312460873258625e-05
5335	3.555944537912473e-05
5336	5.2199286581589534e-05
5337	5.577223068362364e-05
5338	5.4987518661214265e-05
5339	7.162735986367904e-05
5340	9.262485719058726e-05
5341	0.00011449206436051452
5342	0.0001407169276548851
5343	0.00026277531586783837
5344	0.000526843812863516
5345	0.0006027286528487783
5346	0.0005226622236531916
5347	0.0005462734039638309
5348	0.0005759816600849511
5349	0.0005673558991113485
5350	0.0005378221920861219
5351	0.00046733926716421587
5352	0.00040783472146491546
5353	0.0002824659717028825
5354	0.00018671744460490834
5355	0.00012668925161792632
5356	8.32159020128005e-05
5357	6.065049845929831e-05
5358	4.3312460873258625e-05
5359	3.555944537912473e-05
5360	5.2199286581589534e-05
5361	5.577223068362364e-05
5362	5.4987518661214265e-05
5363	7.162735986367904e-05
5364	9.262485719058726e-05
5365	0.00011449206436051452
5366	0.0001407169276548851
5367	0.00026277531586783837
5368	0.000526843812863516
5369	0.0006027286528487783
5370	0.0005226622236531916
5371	0.0005462734039638309
5372	0.0005759816600849511
5373	0.0005673558991113485
5374	0.0005378221920861219
5375	0.00046733926716421587
5376	0.00040783472146491546
5377	0.0002824659717028825
5378	0.00018671744460490834
5379	0.00012668925161792632
5380	8.32159020128005e-05
5381	6.065049845929831e-05
5382	4.3312460873258625e-05
5383	3.555944537912473e-05
5384	5.2199286581589534e-05
5385	5.577223068362364e-05
5386	5.4987518661214265e-05
5387	7.162735986367904e-05
5388	9.262485719058726e-05
5389	0.00011449206436051452
5390	0.0001407169276548851
5391	0.00026277531586783837
5392	0.000526843812863516
5393	0.0006027286528487783
5394	0.0005226622236531916
5395	0.0005462734039638309
5396	0.0005759816600849511
5397	0.0005673558991113485
5398	0.0005378221920861219
5399	0.00046733926716421587
5400	0.00044200363239592724
5401	0.0003246575352996633
5402	0.00023078065762265206
5403	0.0001655883814580612
5404	0.00012125763366613932
5405	8.735765006055208e-05
5406	6.388843064129894e-05
5407	4.954612988508913e-05
5408	4.563459331521361e-05
5409	5.6065357501548275e-05
5410	7.692688587421741e-05
5411	0.00011604225157297217
5412	0.00017210760907452032
5413	0.00025164218599532114
5414	0.00034030368157916526
5415	0.00043157286820959246
5416	0.0005098035996071018
5417	0.000569780493678526
5418	0.0005854266399580277
5419	0.0005554381929223157
5420	0.0004850305346645572
5421	0.0003768113562313364
5422	0.0002972767793105352
5423	0.00028814986064749237
5424	0.0004102569455083831
5425	0.0002841436019587435
5426	0.0001878264023759199
5427	0.0001274416881692224
5428	8.371014035996777e-05
5429	6.1010715694085776e-05
5430	4.3569703522271244e-05
5431	3.5770641089142525e-05
5432	5.250931012876478e-05
5433	5.610347476611484e-05
5434	5.531410215884635e-05
5435	7.205277119846859e-05
5436	9.317497748270932e-05
5437	0.00011517205901639901
5438	0.00014155267779470708
5439	0.000264335998798018
5440	0.0005299728592234884
5441	0.0006063083966954355
5442	0.0005257664345948142
5443	0.0005495178471260886
5444	0.0005794025474008788
5445	0.0005707255560525094
5446	0.0005410164415607674
5447	0.0004701149023659359
5448	0.00040783472146491546
5449	0.0002824659717028825
5450	0.00018671744460490834
5451	0.00012668925161792632
5452	8.32159020128005e-05
5453	6.065049845929831e-05
5454	4.3312460873258625e-05
5455	3.555944537912473e-05
5456	5.2199286581589534e-05
5457	5.577223068362364e-05
5458	5.4987518661214265e-05
5459	7.162735986367904e-05
5460	9.262485719058726e-05
5461	0.00011449206436051452
5462	0.0001407169276548851
5463	0.00026277531586783837
5464	0.000526843812863516
5465	0.0006027286528487783
5466	0.0005226622236531916
5467	0.0005462734039638309
5468	0.0005759816600849511
5469	0.0005673558991113485
5470	0.0005378221920861219
5471	0.00046733926716421587
5472	0.00040783472146491546
5473	0.0002824659717028825
5474	0.00018671744460490834
5475	0.00012668925161792632
5476	8.32159020128005e-05
5477	6.065049845929831e-05
5478	4.3312460873258625e-05
5479	3.555944537912473e-05
5480	5.2199286581589534e-05
5481	5.577223068362364e-05
5482	5.4987518661214265e-05
5483	7.162735986367904e-05
5484	9.262485719058726e-05
5485	0.00011449206436051452
5486	0.0001407169276548851
5487	0.00026277531586783837
5488	0.000526843812863516
5489	0.0006027286528487783
5490	0.0005226622236531916
5491	0.0005462734039638309
5492	0.0005759816600849511
5493	0.0005673558991113485
5494	0.0005378221920861219
5495	0.00046733926716421587
5496	0.00040783472146491546
5497	0.0002824659717028825
5498	0.00018671744460490834
5499	0.00012668925161792632
5500	8.32159020128005e-05
5501	6.065049845929831e-05
5502	4.3312460873258625e-05
5503	3.555944537912473e-05
5504	5.2199286581589534e-05
5505	5.577223068362364e-05
5506	5.4987518661214265e-05
5507	7.162735986367904e-05
5508	9.262485719058726e-05
5509	0.00011449206436051452
5510	0.0001407169276548851
5511	0.00026277531586783837
5512	0.000526843812863516
5513	0.0006027286528487783
5514	0.0005226622236531916
5515	0.0005462734039638309
5516	0.0005759816600849511
5517	0.0005673558991113485
5518	0.0005378221920861219
5519	0.00046733926716421587
5520	0.00040783472146491546
5521	0.0002824659717028825
5522	0.00018671744460490834
5523	0.00012668925161792632
5524	8.32159020128005e-05
5525	6.065049845929831e-05
5526	4.3312460873258625e-05
5527	3.555944537912473e-05
5528	5.2199286581589534e-05
5529	5.577223068362364e-05
5530	5.4987518661214265e-05
5531	7.162735986367904e-05
5532	9.262485719058726e-05
5533	0.00011449206436051452
5534	0.0001407169276548851
5535	0.00026277531586783837
5536	0.000526843812863516
5537	0.0006027286528487783
5538	0.0005226622236531916
5539	0.0005462734039638309
5540	0.0005759816600849511
5541	0.0005673558991113485
5542	0.0005378221920861219
5543	0.00046733926716421587
5544	0.00040783472146491546
5545	0.0002824659717028825
5546	0.00018671744460490834
5547	0.00012668925161792632
5548	8.32159020128005e-05
5549	6.065049845929831e-05
5550	4.3312460873258625e-05
5551	3.555944537912473e-05
5552	5.2199286581589534e-05
5553	5.577223068362364e-05
5554	5.4987518661214265e-05
5555	7.162735986367904e-05
5556	9.262485719058726e-05
5557	0.00011449206436051452
5558	0.0001407169276548851
5559	0.00026277531586783837
5560	0.000526843812863516
5561	0.0006027286528487783
5562	0.0005226622236531916
5563	0.0005462734039638309
5564	0.0005759816600849511
5565	0.0005673558991113485
5566	0.0005378221920861219
5567	0.00046733926716421587
5568	0.00044200363239592724
5569	0.0003246575352996633
5570	0.00023078065762265206
5571	0.0001655883814580612
5572	0.00012125763366613932
5573	8.735765006055208e-05
5574	6.388843064129894e-05
5575	4.954612988508913e-05
5576	4.563459331521361e-05
5577	5.6065357501548275e-05
5578	7.692688587421741e-05
5579	0.00011604225157297217
5580	0.00017210760907452032
5581	0.00025164218599532114
5582	0.00034030368157916526
5583	0.00043157286820959246
5584	0.0005098035996071018
5585	0.000569780493678526
5586	0.0005854266399580277
5587	0.0005554381929223157
5588	0.0004850305346645572
5589	0.0003768113562313364
5590	0.0002972767793105352
5591	0.00028814986064749237
5592	0.0004102569455083831
5593	0.0002841436019587435
5594	0.0001878264023759199
5595	0.0001274416881692224
5596	8.371014035996777e-05
5597	6.1010715694085776e-05
5598	4.3569703522271244e-05
5599	3.5770641089142525e-05
5600	5.250931012876478e-05
5601	5.610347476611484e-05
5602	5.531410215884635e-05
5603	7.205277119846859e-05
5604	9.317497748270932e-05
5605	0.00011517205901639901
5606	0.00014155267779470708
5607	0.000264335998798018
5608	0.0005299728592234884
5609	0.0006063083966954355
5610	0.0005257664345948142
5611	0.0005495178471260886
5612	0.0005794025474008788
5613	0.0005707255560525094
5614	0.0005410164415607674
5615	0.0004701149023659359
5616	0.00040783472146491546
5617	0.0002824659717028825
5618	0.00018671744460490834
5619	0.00012668925161792632
5620	8.32159020128005e-05
5621	6.065049845929831e-05
5622	4.3312460873258625e-05
5623	3.555944537912473e-05
5624	5.2199286581589534e-05
5625	5.577223068362364e-05
5626	5.4987518661214265e-05
5627	7.162735986367904e-05
5628	9.262485719058726e-05
5629	0.00011449206436051452
5630	0.0001407169276548851
5631	0.00026277531586783837
5632	0.000526843812863516
5633	0.0006027286528487783
5634	0.0005226622236531916
5635	0.0005462734039638309
5636	0.0005759816600849511
5637	0.0005673558991113485
5638	0.0005378221920861219
5639	0.00046733926716421587
5640	0.00040783472146491546
5641	0.0002824659717028825
5642	0.00018671744460490834
5643	0.00012668925161792632
5644	8.32159020128005e-05
5645	6.065049845929831e-05
5646	4.3312460873258625e-05
5647	3.555944537912473e-05
5648	5.2199286581589534e-05
5649	5.577223068362364e-05
5650	5.4987518661214265e-05
5651	7.162735986367904e-05
5652	9.262485719058726e-05
5653	0.00011449206436051452
5654	0.0001407169276548851
5655	0.00026277531586783837
5656	0.000526843812863516
5657	0.0006027286528487783
5658	0.0005226622236531916
5659	0.0005462734039638309
5660	0.0005759816600849511
5661	0.0005673558991113485
5662	0.0005378221920861219
5663	0.00046733926716421587
5664	0.00040783472146491546
5665	0.0002824659717028825
5666	0.00018671744460490834
5667	0.00012668925161792632
5668	8.32159020128005e-05
5669	6.065049845929831e-05
5670	4.3312460873258625e-05
5671	3.555944537912473e-05
5672	5.2199286581589534e-05
5673	5.577223068362364e-05
5674	5.4987518661214265e-05
5675	7.162735986367904e-05
5676	9.262485719058726e-05
5677	0.00011449206436051452
5678	0.0001407169276548851
5679	0.00026277531586783837
5680	0.000526843812863516
5681	0.0006027286528487783
5682	0.0005226622236531916
5683	0.0005462734039638309
5684	0.0005759816600849511
5685	0.0005673558991113485
5686	0.0005378221920861219
5687	0.00046733926716421587
5688	0.00040783472146491546
5689	0.0002824659717028825
5690	0.00018671744460490834
5691	0.00012668925161792632
5692	8.32159020128005e-05
5693	6.065049845929831e-05
5694	4.3312460873258625e-05
5695	3.555944537912473e-05
5696	5.2199286581589534e-05
5697	5.577223068362364e-05
5698	5.4987518661214265e-05
5699	7.162735986367904e-05
5700	9.262485719058726e-05
5701	0.00011449206436051452
5702	0.0001407169276548851
5703	0.00026277531586783837
5704	0.000526843812863516
5705	0.0006027286528487783
5706	0.0005226622236531916
5707	0.0005462734039638309
5708	0.0005759816600849511
5709	0.0005673558991113485
5710	0.0005378221920861219
5711	0.00046733926716421587
5712	0.00040783472146491546
5713	0.0002824659717028825
5714	0.00018671744460490834
5715	0.00012668925161792632
5716	8.32159020128005e-05
5717	6.065049845929831e-05
5718	4.3312460873258625e-05
5719	3.555944537912473e-05
5720	5.2199286581589534e-05
5721	5.577223068362364e-05
5722	5.4987518661214265e-05
5723	7.162735986367904e-05
5724	9.262485719058726e-05
5725	0.00011449206436051452
5726	0.0001407169276548851
5727	0.00026277531586783837
5728	0.000526843812863516
5729	0.0006027286528487783
5730	0.0005226622236531916
5731	0.0005462734039638309
5732	0.0005759816600849511
5733	0.0005673558991113485
5734	0.0005378221920861219
5735	0.00046733926716421587
5736	0.00044200363239592724
5737	0.0003246575352996633
5738	0.00023078065762265206
5739	0.0001655883814580612
5740	0.00012125763366613932
5741	8.735765006055208e-05
5742	6.388843064129894e-05
5743	4.954612988508913e-05
5744	4.563459331521361e-05
5745	5.6065357501548275e-05
5746	7.692688587421741e-05
5747	0.00011604225157297217
5748	0.00017210760907452032
5749	0.00025164218599532114
5750	0.00034030368157916526
5751	0.00043157286820959246
5752	0.0005098035996071018
5753	0.000569780493678526
5754	0.0005854266399580277
5755	0.0005554381929223157
5756	0.0004850305346645572
5757	0.0003768113562313364
5758	0.0002972767793105352
5759	0.00028814986064749237
5760	0.0004102569455083831
5761	0.0002841436019587435
5762	0.0001878264023759199
5763	0.0001274416881692224
5764	8.371014035996777e-05
5765	6.1010715694085776e-05
5766	4.3569703522271244e-05
5767	3.5770641089142525e-05
5768	5.250931012876478e-05
5769	5.610347476611484e-05
5770	5.531410215884635e-05
5771	7.205277119846859e-05
5772	9.317497748270932e-05
5773	0.00011517205901639901
5774	0.00014155267779470708
5775	0.000264335998798018
5776	0.0005299728592234884
5777	0.0006063083966954355
5778	0.0005257664345948142
5779	0.0005495178471260886
5780	0.0005794025474008788
5781	0.0005707255560525094
5782	0.0005410164415607674
5783	0.0004701149023659359
5784	0.00040783472146491546
5785	0.0002824659717028825
5786	0.00018671744460490834
5787	0.00012668925161792632
5788	8.32159020128005e-05
5789	6.065049845929831e-05
5790	4.3312460873258625e-05
5791	3.555944537912473e-05
5792	5.2199286581589534e-05
5793	5.577223068362364e-05
5794	5.4987518661214265e-05
5795	7.162735986367904e-05
5796	9.262485719058726e-05
5797	0.00011449206436051452
5798	0.0001407169276548851
5799	0.00026277531586783837
5800	0.000526843812863516
5801	0.0006027286528487783
5802	0.0005226622236531916
5803	0.0005462734039638309
5804	0.0005759816600849511
5805	0.0005673558991113485
5806	0.0005378221920861219
5807	0.00046733926716421587
5808	0.00040783472146491546
5809	0.0002824659717028825
5810	0.00018671744460490834
5811	0.00012668925161792632
5812	8.32159020128005e-05
5813	6.065049845929831e-05
5814	4.3312460873258625e-05
5815	3.555944537912473e-05
5816	5.2199286581589534e-05
5817	5.577223068362364e-05
5818	5.4987518661214265e-05
5819	7.162735986367904e-05
5820	9.262485719058726e-05
5821	0.00011449206436051452
5822	0.0001407169276548851
5823	0.00026277531586783837
5824	0.000526843812863516
5825	0.0006027286528487783
5826	0.0005226622236531916
5827	0.0005462734039638309
5828	0.0005759816600849511
5829	0.0005673558991113485
5830	0.0005378221920861219
5831	0.00046733926716421587
5832	0.00040783472146491546
5833	0.0002824659717028825
5834	0.00018671744460490834
5835	0.00012668925161792632
5836	8.32159020128005e-05
5837	6.065049845929831e-05
5838	4.3312460873258625e-05
5839	3.555944537912473e-05
5840	5.2199286581589534e-05
5841	5.577223068362364e-05
5842	5.4987518661214265e-05
5843	7.162735986367904e-05
5844	9.262485719058726e-05
5845	0.00011449206436051452
5846	0.0001407169276548851
5847	0.00026277531586783837
5848	0.000526843812863516
5849	0.0006027286528487783
5850	0.0005226622236531916
5851	0.0005462734039638309
5852	0.0005759816600849511
5853	0.0005673558991113485
5854	0.0005378221920861219
5855	0.00046733926716421587
5856	0.00040783472146491546
5857	0.0002824659717028825
5858	0.00018671744460490834
5859	0.00012668925161792632
5860	8.32159020128005e-05
5861	6.065049845929831e-05
5862	4.3312460873258625e-05
5863	3.555944537912473e-05
5864	5.2199286581589534e-05
5865	5.577223068362364e-05
5866	5.4987518661214265e-05
5867	7.162735986367904e-05
5868	9.262485719058726e-05
5869	0.00011449206436051452
5870	0.0001407169276548851
5871	0.00026277531586783837
5872	0.000526843812863516
5873	0.0006027286528487783
5874	0.0005226622236531916
5875	0.0005462734039638309
5876	0.0005759816600849511
5877	0.0005673558991113485
5878	0.0005378221920861219
5879	0.00046733926716421587
5880	0.00040783472146491546
5881	0.0002824659717028825
5882	0.00018671744460490834
5883	0.00012668925161792632
5884	8.32159020128005e-05
5885	6.065049845929831e-05
5886	4.3312460873258625e-05
5887	3.555944537912473e-05
5888	5.2199286581589534e-05
5889	5.577223068362364e-05
5890	5.4987518661214265e-05
5891	7.162735986367904e-05
5892	9.262485719058726e-05
5893	0.00011449206436051452
5894	0.0001407169276548851
5895	0.00026277531586783837
5896	0.000526843812863516
5897	0.0006027286528487783
5898	0.0005226622236531916
5899	0.0005462734039638309
5900	0.0005759816600849511
5901	0.0005673558991113485
5902	0.0005378221920861219
5903	0.00046733926716421587
5904	0.00044200363239592724
5905	0.0003246575352996633
5906	0.00023078065762265206
5907	0.0001655883814580612
5908	0.00012125763366613932
5909	8.735765006055208e-05
5910	6.388843064129894e-05
5911	4.954612988508913e-05
5912	4.563459331521361e-05
5913	5.6065357501548275e-05
5914	7.692688587421741e-05
5915	0.00011604225157297217
5916	0.00017210760907452032
5917	0.00025164218599532114
5918	0.00034030368157916526
5919	0.00043157286820959246
5920	0.0005098035996071018
5921	0.000569780493678526
5922	0.0005854266399580277
5923	0.0005554381929223157
5924	0.0004850305346645572
5925	0.0003768113562313364
5926	0.0002972767793105352
5927	0.00028814986064749237
5928	0.0004102569455083831
5929	0.0002841436019587435
5930	0.0001878264023759199
5931	0.0001274416881692224
5932	8.371014035996777e-05
5933	6.1010715694085776e-05
5934	4.3569703522271244e-05
5935	3.5770641089142525e-05
5936	5.250931012876478e-05
5937	5.610347476611484e-05
5938	5.531410215884635e-05
5939	7.205277119846859e-05
5940	9.317497748270932e-05
5941	0.00011517205901639901
5942	0.00014155267779470708
5943	0.000264335998798018
5944	0.0005299728592234884
5945	0.0006063083966954355
5946	0.0005257664345948142
5947	0.0005495178471260886
5948	0.0005794025474008788
5949	0.0005707255560525094
5950	0.0005410164415607674
5951	0.0004701149023659359
5952	0.00040783472146491546
5953	0.0002824659717028825
5954	0.00018671744460490834
5955	0.00012668925161792632
5956	8.32159020128005e-05
5957	6.065049845929831e-05
5958	4.3312460873258625e-05
5959	3.555944537912473e-05
5960	5.2199286581589534e-05
5961	5.577223068362364e-05
5962	5.4987518661214265e-05
5963	7.162735986367904e-05
5964	9.262485719058726e-05
5965	0.00011449206436051452
5966	0.0001407169276548851
5967	0.00026277531586783837
5968	0.000526843812863516
5969	0.0006027286528487783
5970	0.0005226622236531916
5971	0.0005462734039638309
5972	0.0005759816600849511
5973	0.0005673558991113485
5974	0.0005378221920861219
5975	0.00046733926716421587
5976	0.00040783472146491546
5977	0.0002824659717028825
5978	0.00018671744460490834
5979	0.00012668925161792632
5980	8.32159020128005e-05
5981	6.065049845929831e-05
5982	4.3312460873258625e-05
5983	3.555944537912473e-05
5984	5.2199286581589534e-05
5985	5.577223068362364e-05
5986	5.4987518661214265e-05
5987	7.162735986367904e-05
5988	9.262485719058726e-05
5989	0.00011449206436051452
5990	0.0001407169276548851
5991	0.00026277531586783837
5992	0.000526843812863516
5993	0.0006027286528487783
5994	0.0005226622236531916
5995	0.0005462734039638309
5996	0.0005759816600849511
5997	0.0005673558991113485
5998	0.0005378221920861219
5999	0.00046733926716421587
6000	0.00040783472146491546
6001	0.0002824659717028825
6002	0.00018671744460490834
6003	0.00012668925161792632
6004	8.32159020128005e-05
6005	6.065049845929831e-05
6006	4.3312460873258625e-05
6007	3.555944537912473e-05
6008	5.2199286581589534e-05
6009	5.577223068362364e-05
6010	5.4987518661214265e-05
6011	7.162735986367904e-05
6012	9.262485719058726e-05
6013	0.00011449206436051452
6014	0.0001407169276548851
6015	0.00026277531586783837
6016	0.000526843812863516
6017	0.0006027286528487783
6018	0.0005226622236531916
6019	0.0005462734039638309
6020	0.0005759816600849511
6021	0.0005673558991113485
6022	0.0005378221920861219
6023	0.00046733926716421587
6024	0.00040783472146491546
6025	0.0002824659717028825
6026	0.00018671744460490834
6027	0.00012668925161792632
6028	8.32159020128005e-05
6029	6.065049845929831e-05
6030	4.3312460873258625e-05
6031	3.555944537912473e-05
6032	5.2199286581589534e-05
6033	5.577223068362364e-05
6034	5.4987518661214265e-05
6035	7.162735986367904e-05
6036	9.262485719058726e-05
6037	0.00011449206436051452
6038	0.0001407169276548851
6039	0.00026277531586783837
6040	0.000526843812863516
6041	0.0006027286528487783
6042	0.0005226622236531916
6043	0.0005462734039638309
6044	0.0005759816600849511
6045	0.0005673558991113485
6046	0.0005378221920861219
6047	0.00046733926716421587
6048	0.00040783472146491546
6049	0.0002824659717028825
6050	0.00018671744460490834
6051	0.00012668925161792632
6052	8.32159020128005e-05
6053	6.065049845929831e-05
6054	4.3312460873258625e-05
6055	3.555944537912473e-05
6056	5.2199286581589534e-05
6057	5.577223068362364e-05
6058	5.4987518661214265e-05
6059	7.162735986367904e-05
6060	9.262485719058726e-05
6061	0.00011449206436051452
6062	0.0001407169276548851
6063	0.00026277531586783837
6064	0.000526843812863516
6065	0.0006027286528487783
6066	0.0005226622236531916
6067	0.0005462734039638309
6068	0.0005759816600849511
6069	0.0005673558991113485
6070	0.0005378221920861219
6071	0.00046733926716421587
6072	0.00044200363239592724
6073	0.0003246575352996633
6074	0.00023078065762265206
6075	0.0001655883814580612
6076	0.00012125763366613932
6077	8.735765006055208e-05
6078	6.388843064129894e-05
6079	4.954612988508913e-05
6080	4.563459331521361e-05
6081	5.6065357501548275e-05
6082	7.692688587421741e-05
6083	0.00011604225157297217
6084	0.00017210760907452032
6085	0.00025164218599532114
6086	0.00034030368157916526
6087	0.00043157286820959246
6088	0.0005098035996071018
6089	0.000569780493678526
6090	0.0005854266399580277
6091	0.0005554381929223157
6092	0.0004850305346645572
6093	0.0003768113562313364
6094	0.0002972767793105352
6095	0.00028814986064749237
6096	0.0004102569455083831
6097	0.0002841436019587435
6098	0.0001878264023759199
6099	0.0001274416881692224
6100	8.371014035996777e-05
6101	6.1010715694085776e-05
6102	4.3569703522271244e-05
6103	3.5770641089142525e-05
6104	5.250931012876478e-05
6105	5.610347476611484e-05
6106	5.531410215884635e-05
6107	7.205277119846859e-05
6108	9.317497748270932e-05
6109	0.00011517205901639901
6110	0.00014155267779470708
6111	0.000264335998798018
6112	0.0005299728592234884
6113	0.0006063083966954355
6114	0.0005257664345948142
6115	0.0005495178471260886
6116	0.0005794025474008788
6117	0.0005707255560525094
6118	0.0005410164415607674
6119	0.0004701149023659359
6120	0.00040783472146491546
6121	0.0002824659717028825
6122	0.00018671744460490834
6123	0.00012668925161792632
6124	8.32159020128005e-05
6125	6.065049845929831e-05
6126	4.3312460873258625e-05
6127	3.555944537912473e-05
6128	5.2199286581589534e-05
6129	5.577223068362364e-05
6130	5.4987518661214265e-05
6131	7.162735986367904e-05
6132	9.262485719058726e-05
6133	0.00011449206436051452
6134	0.0001407169276548851
6135	0.00026277531586783837
6136	0.000526843812863516
6137	0.0006027286528487783
6138	0.0005226622236531916
6139	0.0005462734039638309
6140	0.0005759816600849511
6141	0.0005673558991113485
6142	0.0005378221920861219
6143	0.00046733926716421587
6144	0.00040783472146491546
6145	0.0002824659717028825
6146	0.00018671744460490834
6147	0.00012668925161792632
6148	8.32159020128005e-05
6149	6.065049845929831e-05
6150	4.3312460873258625e-05
6151	3.555944537912473e-05
6152	5.2199286581589534e-05
6153	5.577223068362364e-05
6154	5.4987518661214265e-05
6155	7.162735986367904e-05
6156	9.262485719058726e-05
6157	0.00011449206436051452
6158	0.0001407169276548851
6159	0.00026277531586783837
6160	0.000526843812863516
6161	0.0006027286528487783
6162	0.0005226622236531916
6163	0.0005462734039638309
6164	0.0005759816600849511
6165	0.0005673558991113485
6166	0.0005378221920861219
6167	0.00046733926716421587
6168	0.00040783472146491546
6169	0.0002824659717028825
6170	0.00018671744460490834
6171	0.00012668925161792632
6172	8.32159020128005e-05
6173	6.065049845929831e-05
6174	4.3312460873258625e-05
6175	3.555944537912473e-05
6176	5.2199286581589534e-05
6177	5.577223068362364e-05
6178	5.4987518661214265e-05
6179	7.162735986367904e-05
6180	9.262485719058726e-05
6181	0.00011449206436051452
6182	0.0001407169276548851
6183	0.00026277531586783837
6184	0.000526843812863516
6185	0.0006027286528487783
6186	0.0005226622236531916
6187	0.0005462734039638309
6188	0.0005759816600849511
6189	0.0005673558991113485
6190	0.0005378221920861219
6191	0.00046733926716421587
6192	0.00040783472146491546
6193	0.0002824659717028825
6194	0.00018671744460490834
6195	0.00012668925161792632
6196	8.32159020128005e-05
6197	6.065049845929831e-05
6198	4.3312460873258625e-05
6199	3.555944537912473e-05
6200	5.2199286581589534e-05
6201	5.577223068362364e-05
6202	5.4987518661214265e-05
6203	7.162735986367904e-05
6204	9.262485719058726e-05
6205	0.00011449206436051452
6206	0.0001407169276548851
6207	0.00026277531586783837
6208	0.000526843812863516
6209	0.0006027286528487783
6210	0.0005226622236531916
6211	0.0005462734039638309
6212	0.0005759816600849511
6213	0.0005673558991113485
6214	0.0005378221920861219
6215	0.00046733926716421587
6216	0.00040783472146491546
6217	0.0002824659717028825
6218	0.00018671744460490834
6219	0.00012668925161792632
6220	8.32159020128005e-05
6221	6.065049845929831e-05
6222	4.3312460873258625e-05
6223	3.555944537912473e-05
6224	5.2199286581589534e-05
6225	5.577223068362364e-05
6226	5.4987518661214265e-05
6227	7.162735986367904e-05
6228	9.262485719058726e-05
6229	0.00011449206436051452
6230	0.0001407169276548851
6231	0.00026277531586783837
6232	0.000526843812863516
6233	0.0006027286528487783
6234	0.0005226622236531916
6235	0.0005462734039638309
6236	0.0005759816600849511
6237	0.0005673558991113485
6238	0.0005378221920861219
6239	0.00046733926716421587
6240	0.00044200363239592724
6241	0.0003246575352996633
6242	0.00023078065762265206
6243	0.0001655883814580612
6244	0.00012125763366613932
6245	8.735765006055208e-05
6246	6.388843064129894e-05
6247	4.954612988508913e-05
6248	4.563459331521361e-05
6249	5.6065357501548275e-05
6250	7.692688587421741e-05
6251	0.00011604225157297217
6252	0.00017210760907452032
6253	0.00025164218599532114
6254	0.00034030368157916526
6255	0.00043157286820959246
6256	0.0005098035996071018
6257	0.000569780493678526
6258	0.0005854266399580277
6259	0.0005554381929223157
6260	0.0004850305346645572
6261	0.0003768113562313364
6262	0.0002972767793105352
6263	0.00028814986064749237
6264	0.0004102569455083831
6265	0.0002841436019587435
6266	0.0001878264023759199
6267	0.0001274416881692224
6268	8.371014035996777e-05
6269	6.1010715694085776e-05
6270	4.3569703522271244e-05
6271	3.5770641089142525e-05
6272	5.250931012876478e-05
6273	5.610347476611484e-05
6274	5.531410215884635e-05
6275	7.205277119846859e-05
6276	9.317497748270932e-05
6277	0.00011517205901639901
6278	0.00014155267779470708
6279	0.000264335998798018
6280	0.0005299728592234884
6281	0.0006063083966954355
6282	0.0005257664345948142
6283	0.0005495178471260886
6284	0.0005794025474008788
6285	0.0005707255560525094
6286	0.0005410164415607674
6287	0.0004701149023659359
6288	0.00040783472146491546
6289	0.0002824659717028825
6290	0.00018671744460490834
6291	0.00012668925161792632
6292	8.32159020128005e-05
6293	6.065049845929831e-05
6294	4.3312460873258625e-05
6295	3.555944537912473e-05
6296	5.2199286581589534e-05
6297	5.577223068362364e-05
6298	5.4987518661214265e-05
6299	7.162735986367904e-05
6300	9.262485719058726e-05
6301	0.00011449206436051452
6302	0.0001407169276548851
6303	0.00026277531586783837
6304	0.000526843812863516
6305	0.0006027286528487783
6306	0.0005226622236531916
6307	0.0005462734039638309
6308	0.0005759816600849511
6309	0.0005673558991113485
6310	0.0005378221920861219
6311	0.00046733926716421587
6312	0.00040783472146491546
6313	0.0002824659717028825
6314	0.00018671744460490834
6315	0.00012668925161792632
6316	8.32159020128005e-05
6317	6.065049845929831e-05
6318	4.3312460873258625e-05
6319	3.555944537912473e-05
6320	5.2199286581589534e-05
6321	5.577223068362364e-05
6322	5.4987518661214265e-05
6323	7.162735986367904e-05
6324	9.262485719058726e-05
6325	0.00011449206436051452
6326	0.0001407169276548851
6327	0.00026277531586783837
6328	0.000526843812863516
6329	0.0006027286528487783
6330	0.0005226622236531916
6331	0.0005462734039638309
6332	0.0005759816600849511
6333	0.0005673558991113485
6334	0.0005378221920861219
6335	0.00046733926716421587
6336	0.00040783472146491546
6337	0.0002824659717028825
6338	0.00018671744460490834
6339	0.00012668925161792632
6340	8.32159020128005e-05
6341	6.065049845929831e-05
6342	4.3312460873258625e-05
6343	3.555944537912473e-05
6344	5.2199286581589534e-05
6345	5.577223068362364e-05
6346	5.4987518661214265e-05
6347	7.162735986367904e-05
6348	9.262485719058726e-05
6349	0.00011449206436051452
6350	0.0001407169276548851
6351	0.00026277531586783837
6352	0.000526843812863516
6353	0.0006027286528487783
6354	0.0005226622236531916
6355	0.0005462734039638309
6356	0.0005759816600849511
6357	0.0005673558991113485
6358	0.0005378221920861219
6359	0.00046733926716421587
6360	0.00040783472146491546
6361	0.0002824659717028825
6362	0.00018671744460490834
6363	0.00012668925161792632
6364	8.32159020128005e-05
6365	6.065049845929831e-05
6366	4.3312460873258625e-05
6367	3.555944537912473e-05
6368	5.2199286581589534e-05
6369	5.577223068362364e-05
6370	5.4987518661214265e-05
6371	7.162735986367904e-05
6372	9.262485719058726e-05
6373	0.00011449206436051452
6374	0.0001407169276548851
6375	0.00026277531586783837
6376	0.000526843812863516
6377	0.0006027286528487783
6378	0.0005226622236531916
6379	0.0005462734039638309
6380	0.0005759816600849511
6381	0.0005673558991113485
6382	0.0005378221920861219
6383	0.00046733926716421587
6384	0.00040783472146491546
6385	0.0002824659717028825
6386	0.00018671744460490834
6387	0.00012668925161792632
6388	8.32159020128005e-05
6389	6.065049845929831e-05
6390	4.3312460873258625e-05
6391	3.555944537912473e-05
6392	5.2199286581589534e-05
6393	5.577223068362364e-05
6394	5.4987518661214265e-05
6395	7.162735986367904e-05
6396	9.262485719058726e-05
6397	0.00011449206436051452
6398	0.0001407169276548851
6399	0.00026277531586783837
6400	0.000526843812863516
6401	0.0006027286528487783
6402	0.0005226622236531916
6403	0.0005462734039638309
6404	0.0005759816600849511
6405	0.0005673558991113485
6406	0.0005378221920861219
6407	0.00046733926716421587
6408	0.00044200363239592724
6409	0.0003246575352996633
6410	0.00023078065762265206
6411	0.0001655883814580612
6412	0.00012125763366613932
6413	8.735765006055208e-05
6414	6.388843064129894e-05
6415	4.954612988508913e-05
6416	4.563459331521361e-05
6417	5.6065357501548275e-05
6418	7.692688587421741e-05
6419	0.00011604225157297217
6420	0.00017210760907452032
6421	0.00025164218599532114
6422	0.00034030368157916526
6423	0.00043157286820959246
6424	0.0005098035996071018
6425	0.000569780493678526
6426	0.0005854266399580277
6427	0.0005554381929223157
6428	0.0004850305346645572
6429	0.0003768113562313364
6430	0.0002972767793105352
6431	0.00028814986064749237
6432	0.0004102569455083831
6433	0.0002841436019587435
6434	0.0001878264023759199
6435	0.0001274416881692224
6436	8.371014035996777e-05
6437	6.1010715694085776e-05
6438	4.3569703522271244e-05
6439	3.5770641089142525e-05
6440	5.250931012876478e-05
6441	5.610347476611484e-05
6442	5.531410215884635e-05
6443	7.205277119846859e-05
6444	9.317497748270932e-05
6445	0.00011517205901639901
6446	0.00014155267779470708
6447	0.000264335998798018
6448	0.0005299728592234884
6449	0.0006063083966954355
6450	0.0005257664345948142
6451	0.0005495178471260886
6452	0.0005794025474008788
6453	0.0005707255560525094
6454	0.0005410164415607674
6455	0.0004701149023659359
6456	0.00040783472146491546
6457	0.0002824659717028825
6458	0.00018671744460490834
6459	0.00012668925161792632
6460	8.32159020128005e-05
6461	6.065049845929831e-05
6462	4.3312460873258625e-05
6463	3.555944537912473e-05
6464	5.2199286581589534e-05
6465	5.577223068362364e-05
6466	5.4987518661214265e-05
6467	7.162735986367904e-05
6468	9.262485719058726e-05
6469	0.00011449206436051452
6470	0.0001407169276548851
6471	0.00026277531586783837
6472	0.000526843812863516
6473	0.0006027286528487783
6474	0.0005226622236531916
6475	0.0005462734039638309
6476	0.0005759816600849511
6477	0.0005673558991113485
6478	0.0005378221920861219
6479	0.00046733926716421587
6480	0.00040783472146491546
6481	0.0002824659717028825
6482	0.00018671744460490834
6483	0.00012668925161792632
6484	8.32159020128005e-05
6485	6.065049845929831e-05
6486	4.3312460873258625e-05
6487	3.555944537912473e-05
6488	5.2199286581589534e-05
6489	5.577223068362364e-05
6490	5.4987518661214265e-05
6491	7.162735986367904e-05
6492	9.262485719058726e-05
6493	0.00011449206436051452
6494	0.0001407169276548851
6495	0.00026277531586783837
6496	0.000526843812863516
6497	0.0006027286528487783
6498	0.0005226622236531916
6499	0.0005462734039638309
6500	0.0005759816600849511
6501	0.0005673558991113485
6502	0.0005378221920861219
6503	0.00046733926716421587
6504	0.00040783472146491546
6505	0.0002824659717028825
6506	0.00018671744460490834
6507	0.00012668925161792632
6508	8.32159020128005e-05
6509	6.065049845929831e-05
6510	4.3312460873258625e-05
6511	3.555944537912473e-05
6512	5.2199286581589534e-05
6513	5.577223068362364e-05
6514	5.4987518661214265e-05
6515	7.162735986367904e-05
6516	9.262485719058726e-05
6517	0.00011449206436051452
6518	0.0001407169276548851
6519	0.00026277531586783837
6520	0.000526843812863516
6521	0.0006027286528487783
6522	0.0005226622236531916
6523	0.0005462734039638309
6524	0.0005759816600849511
6525	0.0005673558991113485
6526	0.0005378221920861219
6527	0.00046733926716421587
6528	0.00040783472146491546
6529	0.0002824659717028825
6530	0.00018671744460490834
6531	0.00012668925161792632
6532	8.32159020128005e-05
6533	6.065049845929831e-05
6534	4.3312460873258625e-05
6535	3.555944537912473e-05
6536	5.2199286581589534e-05
6537	5.577223068362364e-05
6538	5.4987518661214265e-05
6539	7.162735986367904e-05
6540	9.262485719058726e-05
6541	0.00011449206436051452
6542	0.0001407169276548851
6543	0.00026277531586783837
6544	0.000526843812863516
6545	0.0006027286528487783
6546	0.0005226622236531916
6547	0.0005462734039638309
6548	0.0005759816600849511
6549	0.0005673558991113485
6550	0.0005378221920861219
6551	0.00046733926716421587
6552	0.00040783472146491546
6553	0.0002824659717028825
6554	0.00018671744460490834
6555	0.00012668925161792632
6556	8.32159020128005e-05
6557	6.065049845929831e-05
6558	4.3312460873258625e-05
6559	3.555944537912473e-05
6560	5.2199286581589534e-05
6561	5.577223068362364e-05
6562	5.4987518661214265e-05
6563	7.162735986367904e-05
6564	9.262485719058726e-05
6565	0.00011449206436051452
6566	0.0001407169276548851
6567	0.00026277531586783837
6568	0.000526843812863516
6569	0.0006027286528487783
6570	0.0005226622236531916
6571	0.0005462734039638309
6572	0.0005759816600849511
6573	0.0005673558991113485
6574	0.0005378221920861219
6575	0.00046733926716421587
6576	0.00044200363239592724
6577	0.0003246575352996633
6578	0.00023078065762265206
6579	0.0001655883814580612
6580	0.00012125763366613932
6581	8.735765006055208e-05
6582	6.388843064129894e-05
6583	4.954612988508913e-05
6584	4.563459331521361e-05
6585	5.6065357501548275e-05
6586	7.692688587421741e-05
6587	0.00011604225157297217
6588	0.00017210760907452032
6589	0.00025164218599532114
6590	0.00034030368157916526
6591	0.00043157286820959246
6592	0.0005098035996071018
6593	0.000569780493678526
6594	0.0005854266399580277
6595	0.0005554381929223157
6596	0.0004850305346645572
6597	0.0003768113562313364
6598	0.0002972767793105352
6599	0.00028814986064749237
6600	0.0004102569455083831
6601	0.0002841436019587435
6602	0.0001878264023759199
6603	0.0001274416881692224
6604	8.371014035996777e-05
6605	6.1010715694085776e-05
6606	4.3569703522271244e-05
6607	3.5770641089142525e-05
6608	5.250931012876478e-05
6609	5.610347476611484e-05
6610	5.531410215884635e-05
6611	7.205277119846859e-05
6612	9.317497748270932e-05
6613	0.00011517205901639901
6614	0.00014155267779470708
6615	0.000264335998798018
6616	0.0005299728592234884
6617	0.0006063083966954355
6618	0.0005257664345948142
6619	0.0005495178471260886
6620	0.0005794025474008788
6621	0.0005707255560525094
6622	0.0005410164415607674
6623	0.0004701149023659359
6624	0.00040783472146491546
6625	0.0002824659717028825
6626	0.00018671744460490834
6627	0.00012668925161792632
6628	8.32159020128005e-05
6629	6.065049845929831e-05
6630	4.3312460873258625e-05
6631	3.555944537912473e-05
6632	5.2199286581589534e-05
6633	5.577223068362364e-05
6634	5.4987518661214265e-05
6635	7.162735986367904e-05
6636	9.262485719058726e-05
6637	0.00011449206436051452
6638	0.0001407169276548851
6639	0.00026277531586783837
6640	0.000526843812863516
6641	0.0006027286528487783
6642	0.0005226622236531916
6643	0.0005462734039638309
6644	0.0005759816600849511
6645	0.0005673558991113485
6646	0.0005378221920861219
6647	0.00046733926716421587
6648	0.00040783472146491546
6649	0.0002824659717028825
6650	0.00018671744460490834
6651	0.00012668925161792632
6652	8.32159020128005e-05
6653	6.065049845929831e-05
6654	4.3312460873258625e-05
6655	3.555944537912473e-05
6656	5.2199286581589534e-05
6657	5.577223068362364e-05
6658	5.4987518661214265e-05
6659	7.162735986367904e-05
6660	9.262485719058726e-05
6661	0.00011449206436051452
6662	0.0001407169276548851
6663	0.00026277531586783837
6664	0.000526843812863516
6665	0.0006027286528487783
6666	0.0005226622236531916
6667	0.0005462734039638309
6668	0.0005759816600849511
6669	0.0005673558991113485
6670	0.0005378221920861219
6671	0.00046733926716421587
6672	0.00040783472146491546
6673	0.0002824659717028825
6674	0.00018671744460490834
6675	0.00012668925161792632
6676	8.32159020128005e-05
6677	6.065049845929831e-05
6678	4.3312460873258625e-05
6679	3.555944537912473e-05
6680	5.2199286581589534e-05
6681	5.577223068362364e-05
6682	5.4987518661214265e-05
6683	7.162735986367904e-05
6684	9.262485719058726e-05
6685	0.00011449206436051452
6686	0.0001407169276548851
6687	0.00026277531586783837
6688	0.000526843812863516
6689	0.0006027286528487783
6690	0.0005226622236531916
6691	0.0005462734039638309
6692	0.0005759816600849511
6693	0.0005673558991113485
6694	0.0005378221920861219
6695	0.00046733926716421587
6696	0.00040783472146491546
6697	0.0002824659717028825
6698	0.00018671744460490834
6699	0.00012668925161792632
6700	8.32159020128005e-05
6701	6.065049845929831e-05
6702	4.3312460873258625e-05
6703	3.555944537912473e-05
6704	5.2199286581589534e-05
6705	5.577223068362364e-05
6706	5.4987518661214265e-05
6707	7.162735986367904e-05
6708	9.262485719058726e-05
6709	0.00011449206436051452
6710	0.0001407169276548851
6711	0.00026277531586783837
6712	0.000526843812863516
6713	0.0006027286528487783
6714	0.0005226622236531916
6715	0.0005462734039638309
6716	0.0005759816600849511
6717	0.0005673558991113485
6718	0.0005378221920861219
6719	0.00046733926716421587
6720	0.00040783472146491546
6721	0.0002824659717028825
6722	0.00018671744460490834
6723	0.00012668925161792632
6724	8.32159020128005e-05
6725	6.065049845929831e-05
6726	4.3312460873258625e-05
6727	3.555944537912473e-05
6728	5.2199286581589534e-05
6729	5.577223068362364e-05
6730	5.4987518661214265e-05
6731	7.162735986367904e-05
6732	9.262485719058726e-05
6733	0.00011449206436051452
6734	0.0001407169276548851
6735	0.00026277531586783837
6736	0.000526843812863516
6737	0.0006027286528487783
6738	0.0005226622236531916
6739	0.0005462734039638309
6740	0.0005759816600849511
6741	0.0005673558991113485
6742	0.0005378221920861219
6743	0.00046733926716421587
6744	0.00044200363239592724
6745	0.0003246575352996633
6746	0.00023078065762265206
6747	0.0001655883814580612
6748	0.00012125763366613932
6749	8.735765006055208e-05
6750	6.388843064129894e-05
6751	4.954612988508913e-05
6752	4.563459331521361e-05
6753	5.6065357501548275e-05
6754	7.692688587421741e-05
6755	0.00011604225157297217
6756	0.00017210760907452032
6757	0.00025164218599532114
6758	0.00034030368157916526
6759	0.00043157286820959246
6760	0.0005098035996071018
6761	0.000569780493678526
6762	0.0005854266399580277
6763	0.0005554381929223157
6764	0.0004850305346645572
6765	0.0003768113562313364
6766	0.0002972767793105352
6767	0.00028814986064749237
6768	0.0004102569455083831
6769	0.0002841436019587435
6770	0.0001878264023759199
6771	0.0001274416881692224
6772	8.371014035996777e-05
6773	6.1010715694085776e-05
6774	4.3569703522271244e-05
6775	3.5770641089142525e-05
6776	5.250931012876478e-05
6777	5.610347476611484e-05
6778	5.531410215884635e-05
6779	7.205277119846859e-05
6780	9.317497748270932e-05
6781	0.00011517205901639901
6782	0.00014155267779470708
6783	0.000264335998798018
6784	0.0005299728592234884
6785	0.0006063083966954355
6786	0.0005257664345948142
6787	0.0005495178471260886
6788	0.0005794025474008788
6789	0.0005707255560525094
6790	0.0005410164415607674
6791	0.0004701149023659359
6792	0.00040783472146491546
6793	0.0002824659717028825
6794	0.00018671744460490834
6795	0.00012668925161792632
6796	8.32159020128005e-05
6797	6.065049845929831e-05
6798	4.3312460873258625e-05
6799	3.555944537912473e-05
6800	5.2199286581589534e-05
6801	5.577223068362364e-05
6802	5.4987518661214265e-05
6803	7.162735986367904e-05
6804	9.262485719058726e-05
6805	0.00011449206436051452
6806	0.0001407169276548851
6807	0.00026277531586783837
6808	0.000526843812863516
6809	0.0006027286528487783
6810	0.0005226622236531916
6811	0.0005462734039638309
6812	0.0005759816600849511
6813	0.0005673558991113485
6814	0.0005378221920861219
6815	0.00046733926716421587
6816	0.00040783472146491546
6817	0.0002824659717028825
6818	0.00018671744460490834
6819	0.00012668925161792632
6820	8.32159020128005e-05
6821	6.065049845929831e-05
6822	4.3312460873258625e-05
6823	3.555944537912473e-05
6824	5.2199286581589534e-05
6825	5.577223068362364e-05
6826	5.4987518661214265e-05
6827	7.162735986367904e-05
6828	9.262485719058726e-05
6829	0.00011449206436051452
6830	0.0001407169276548851
6831	0.00026277531586783837
6832	0.000526843812863516
6833	0.0006027286528487783
6834	0.0005226622236531916
6835	0.0005462734039638309
6836	0.0005759816600849511
6837	0.0005673558991113485
6838	0.0005378221920861219
6839	0.00046733926716421587
6840	0.00040783472146491546
6841	0.0002824659717028825
6842	0.00018671744460490834
6843	0.00012668925161792632
6844	8.32159020128005e-05
6845	6.065049845929831e-05
6846	4.3312460873258625e-05
6847	3.555944537912473e-05
6848	5.2199286581589534e-05
6849	5.577223068362364e-05
6850	5.4987518661214265e-05
6851	7.162735986367904e-05
6852	9.262485719058726e-05
6853	0.00011449206436051452
6854	0.0001407169276548851
6855	0.00026277531586783837
6856	0.000526843812863516
6857	0.0006027286528487783
6858	0.0005226622236531916
6859	0.0005462734039638309
6860	0.0005759816600849511
6861	0.0005673558991113485
6862	0.0005378221920861219
6863	0.00046733926716421587
6864	0.00040783472146491546
6865	0.0002824659717028825
6866	0.00018671744460490834
6867	0.00012668925161792632
6868	8.32159020128005e-05
6869	6.065049845929831e-05
6870	4.3312460873258625e-05
6871	3.555944537912473e-05
6872	5.2199286581589534e-05
6873	5.577223068362364e-05
6874	5.4987518661214265e-05
6875	7.162735986367904e-05
6876	9.262485719058726e-05
6877	0.00011449206436051452
6878	0.0001407169276548851
6879	0.00026277531586783837
6880	0.000526843812863516
6881	0.0006027286528487783
6882	0.0005226622236531916
6883	0.0005462734039638309
6884	0.0005759816600849511
6885	0.0005673558991113485
6886	0.0005378221920861219
6887	0.00046733926716421587
6888	0.00040783472146491546
6889	0.0002824659717028825
6890	0.00018671744460490834
6891	0.00012668925161792632
6892	8.32159020128005e-05
6893	6.065049845929831e-05
6894	4.3312460873258625e-05
6895	3.555944537912473e-05
6896	5.2199286581589534e-05
6897	5.577223068362364e-05
6898	5.4987518661214265e-05
6899	7.162735986367904e-05
6900	9.262485719058726e-05
6901	0.00011449206436051452
6902	0.0001407169276548851
6903	0.00026277531586783837
6904	0.000526843812863516
6905	0.0006027286528487783
6906	0.0005226622236531916
6907	0.0005462734039638309
6908	0.0005759816600849511
6909	0.0005673558991113485
6910	0.0005378221920861219
6911	0.00046733926716421587
6912	0.00044200363239592724
6913	0.0003246575352996633
6914	0.00023078065762265206
6915	0.0001655883814580612
6916	0.00012125763366613932
6917	8.735765006055208e-05
6918	6.388843064129894e-05
6919	4.954612988508913e-05
6920	4.563459331521361e-05
6921	5.6065357501548275e-05
6922	7.692688587421741e-05
6923	0.00011604225157297217
6924	0.00017210760907452032
6925	0.00025164218599532114
6926	0.00034030368157916526
6927	0.00043157286820959246
6928	0.0005098035996071018
6929	0.000569780493678526
6930	0.0005854266399580277
6931	0.0005554381929223157
6932	0.0004850305346645572
6933	0.0003768113562313364
6934	0.0002972767793105352
6935	0.00028814986064749237
6936	0.0004102569455083831
6937	0.0002841436019587435
6938	0.0001878264023759199
6939	0.0001274416881692224
6940	8.371014035996777e-05
6941	6.1010715694085776e-05
6942	4.3569703522271244e-05
6943	3.5770641089142525e-05
6944	5.250931012876478e-05
6945	5.610347476611484e-05
6946	5.531410215884635e-05
6947	7.205277119846859e-05
6948	9.317497748270932e-05
6949	0.00011517205901639901
6950	0.00014155267779470708
6951	0.000264335998798018
6952	0.0005299728592234884
6953	0.0006063083966954355
6954	0.0005257664345948142
6955	0.0005495178471260886
6956	0.0005794025474008788
6957	0.0005707255560525094
6958	0.0005410164415607674
6959	0.0004701149023659359
6960	0.00040783472146491546
6961	0.0002824659717028825
6962	0.00018671744460490834
6963	0.00012668925161792632
6964	8.32159020128005e-05
6965	6.065049845929831e-05
6966	4.3312460873258625e-05
6967	3.555944537912473e-05
6968	5.2199286581589534e-05
6969	5.577223068362364e-05
6970	5.4987518661214265e-05
6971	7.162735986367904e-05
6972	9.262485719058726e-05
6973	0.00011449206436051452
6974	0.0001407169276548851
6975	0.00026277531586783837
6976	0.000526843812863516
6977	0.0006027286528487783
6978	0.0005226622236531916
6979	0.0005462734039638309
6980	0.0005759816600849511
6981	0.0005673558991113485
6982	0.0005378221920861219
6983	0.00046733926716421587
6984	0.00040783472146491546
6985	0.0002824659717028825
6986	0.00018671744460490834
6987	0.00012668925161792632
6988	8.32159020128005e-05
6989	6.065049845929831e-05
6990	4.3312460873258625e-05
6991	3.555944537912473e-05
6992	5.2199286581589534e-05
6993	5.577223068362364e-05
6994	5.4987518661214265e-05
6995	7.162735986367904e-05
6996	9.262485719058726e-05
6997	0.00011449206436051452
6998	0.0001407169276548851
6999	0.00026277531586783837
7000	0.000526843812863516
7001	0.0006027286528487783
7002	0.0005226622236531916
7003	0.0005462734039638309
7004	0.0005759816600849511
7005	0.0005673558991113485
7006	0.0005378221920861219
7007	0.00046733926716421587
7008	0.00040783472146491546
7009	0.0002824659717028825
7010	0.00018671744460490834
7011	0.00012668925161792632
7012	8.32159020128005e-05
7013	6.065049845929831e-05
7014	4.3312460873258625e-05
7015	3.555944537912473e-05
7016	5.2199286581589534e-05
7017	5.577223068362364e-05
7018	5.4987518661214265e-05
7019	7.162735986367904e-05
7020	9.262485719058726e-05
7021	0.00011449206436051452
7022	0.0001407169276548851
7023	0.00026277531586783837
7024	0.000526843812863516
7025	0.0006027286528487783
7026	0.0005226622236531916
7027	0.0005462734039638309
7028	0.0005759816600849511
7029	0.0005673558991113485
7030	0.0005378221920861219
7031	0.00046733926716421587
7032	0.00040783472146491546
7033	0.0002824659717028825
7034	0.00018671744460490834
7035	0.00012668925161792632
7036	8.32159020128005e-05
7037	6.065049845929831e-05
7038	4.3312460873258625e-05
7039	3.555944537912473e-05
7040	5.2199286581589534e-05
7041	5.577223068362364e-05
7042	5.4987518661214265e-05
7043	7.162735986367904e-05
7044	9.262485719058726e-05
7045	0.00011449206436051452
7046	0.0001407169276548851
7047	0.00026277531586783837
7048	0.000526843812863516
7049	0.0006027286528487783
7050	0.0005226622236531916
7051	0.0005462734039638309
7052	0.0005759816600849511
7053	0.0005673558991113485
7054	0.0005378221920861219
7055	0.00046733926716421587
7056	0.00040783472146491546
7057	0.0002824659717028825
7058	0.00018671744460490834
7059	0.00012668925161792632
7060	8.32159020128005e-05
7061	6.065049845929831e-05
7062	4.3312460873258625e-05
7063	3.555944537912473e-05
7064	5.2199286581589534e-05
7065	5.577223068362364e-05
7066	5.4987518661214265e-05
7067	7.162735986367904e-05
7068	9.262485719058726e-05
7069	0.00011449206436051452
7070	0.0001407169276548851
7071	0.00026277531586783837
7072	0.000526843812863516
7073	0.0006027286528487783
7074	0.0005226622236531916
7075	0.0005462734039638309
7076	0.0005759816600849511
7077	0.0005673558991113485
7078	0.0005378221920861219
7079	0.00046733926716421587
7080	0.00044200363239592724
7081	0.0003246575352996633
7082	0.00023078065762265206
7083	0.0001655883814580612
7084	0.00012125763366613932
7085	8.735765006055208e-05
7086	6.388843064129894e-05
7087	4.954612988508913e-05
7088	4.563459331521361e-05
7089	5.6065357501548275e-05
7090	7.692688587421741e-05
7091	0.00011604225157297217
7092	0.00017210760907452032
7093	0.00025164218599532114
7094	0.00034030368157916526
7095	0.00043157286820959246
7096	0.0005098035996071018
7097	0.000569780493678526
7098	0.0005854266399580277
7099	0.0005554381929223157
7100	0.0004850305346645572
7101	0.0003768113562313364
7102	0.0002972767793105352
7103	0.00028814986064749237
7104	0.0004102569455083831
7105	0.0002841436019587435
7106	0.0001878264023759199
7107	0.0001274416881692224
7108	8.371014035996777e-05
7109	6.1010715694085776e-05
7110	4.3569703522271244e-05
7111	3.5770641089142525e-05
7112	5.250931012876478e-05
7113	5.610347476611484e-05
7114	5.531410215884635e-05
7115	7.205277119846859e-05
7116	9.317497748270932e-05
7117	0.00011517205901639901
7118	0.00014155267779470708
7119	0.000264335998798018
7120	0.0005299728592234884
7121	0.0006063083966954355
7122	0.0005257664345948142
7123	0.0005495178471260886
7124	0.0005794025474008788
7125	0.0005707255560525094
7126	0.0005410164415607674
7127	0.0004701149023659359
7128	0.00040783472146491546
7129	0.0002824659717028825
7130	0.00018671744460490834
7131	0.00012668925161792632
7132	8.32159020128005e-05
7133	6.065049845929831e-05
7134	4.3312460873258625e-05
7135	3.555944537912473e-05
7136	5.2199286581589534e-05
7137	5.577223068362364e-05
7138	5.4987518661214265e-05
7139	7.162735986367904e-05
7140	9.262485719058726e-05
7141	0.00011449206436051452
7142	0.0001407169276548851
7143	0.00026277531586783837
7144	0.000526843812863516
7145	0.0006027286528487783
7146	0.0005226622236531916
7147	0.0005462734039638309
7148	0.0005759816600849511
7149	0.0005673558991113485
7150	0.0005378221920861219
7151	0.00046733926716421587
7152	0.00040783472146491546
7153	0.0002824659717028825
7154	0.00018671744460490834
7155	0.00012668925161792632
7156	8.32159020128005e-05
7157	6.065049845929831e-05
7158	4.3312460873258625e-05
7159	3.555944537912473e-05
7160	5.2199286581589534e-05
7161	5.577223068362364e-05
7162	5.4987518661214265e-05
7163	7.162735986367904e-05
7164	9.262485719058726e-05
7165	0.00011449206436051452
7166	0.0001407169276548851
7167	0.00026277531586783837
7168	0.000526843812863516
7169	0.0006027286528487783
7170	0.0005226622236531916
7171	0.0005462734039638309
7172	0.0005759816600849511
7173	0.0005673558991113485
7174	0.0005378221920861219
7175	0.00046733926716421587
7176	0.00040783472146491546
7177	0.0002824659717028825
7178	0.00018671744460490834
7179	0.00012668925161792632
7180	8.32159020128005e-05
7181	6.065049845929831e-05
7182	4.3312460873258625e-05
7183	3.555944537912473e-05
7184	5.2199286581589534e-05
7185	5.577223068362364e-05
7186	5.4987518661214265e-05
7187	7.162735986367904e-05
7188	9.262485719058726e-05
7189	0.00011449206436051452
7190	0.0001407169276548851
7191	0.00026277531586783837
7192	0.000526843812863516
7193	0.0006027286528487783
7194	0.0005226622236531916
7195	0.0005462734039638309
7196	0.0005759816600849511
7197	0.0005673558991113485
7198	0.0005378221920861219
7199	0.00046733926716421587
7200	0.00040783472146491546
7201	0.0002824659717028825
7202	0.00018671744460490834
7203	0.00012668925161792632
7204	8.32159020128005e-05
7205	6.065049845929831e-05
7206	4.3312460873258625e-05
7207	3.555944537912473e-05
7208	5.2199286581589534e-05
7209	5.577223068362364e-05
7210	5.4987518661214265e-05
7211	7.162735986367904e-05
7212	9.262485719058726e-05
7213	0.00011449206436051452
7214	0.0001407169276548851
7215	0.00026277531586783837
7216	0.000526843812863516
7217	0.0006027286528487783
7218	0.0005226622236531916
7219	0.0005462734039638309
7220	0.0005759816600849511
7221	0.0005673558991113485
7222	0.0005378221920861219
7223	0.00046733926716421587
7224	0.00040783472146491546
7225	0.0002824659717028825
7226	0.00018671744460490834
7227	0.00012668925161792632
7228	8.32159020128005e-05
7229	6.065049845929831e-05
7230	4.3312460873258625e-05
7231	3.555944537912473e-05
7232	5.2199286581589534e-05
7233	5.577223068362364e-05
7234	5.4987518661214265e-05
7235	7.162735986367904e-05
7236	9.262485719058726e-05
7237	0.00011449206436051452
7238	0.0001407169276548851
7239	0.00026277531586783837
7240	0.000526843812863516
7241	0.0006027286528487783
7242	0.0005226622236531916
7243	0.0005462734039638309
7244	0.0005759816600849511
7245	0.0005673558991113485
7246	0.0005378221920861219
7247	0.00046733926716421587
7248	0.00044200363239592724
7249	0.0003246575352996633
7250	0.00023078065762265206
7251	0.0001655883814580612
7252	0.00012125763366613932
7253	8.735765006055208e-05
7254	6.388843064129894e-05
7255	4.954612988508913e-05
7256	4.563459331521361e-05
7257	5.6065357501548275e-05
7258	7.692688587421741e-05
7259	0.00011604225157297217
7260	0.00017210760907452032
7261	0.00025164218599532114
7262	0.00034030368157916526
7263	0.00043157286820959246
7264	0.0005098035996071018
7265	0.000569780493678526
7266	0.0005854266399580277
7267	0.0005554381929223157
7268	0.0004850305346645572
7269	0.0003768113562313364
7270	0.0002972767793105352
7271	0.00028814986064749237
7272	0.0004102569455083831
7273	0.0002841436019587435
7274	0.0001878264023759199
7275	0.0001274416881692224
7276	8.371014035996777e-05
7277	6.1010715694085776e-05
7278	4.3569703522271244e-05
7279	3.5770641089142525e-05
7280	5.250931012876478e-05
7281	5.610347476611484e-05
7282	5.531410215884635e-05
7283	7.205277119846859e-05
7284	9.317497748270932e-05
7285	0.00011517205901639901
7286	0.00014155267779470708
7287	0.000264335998798018
7288	0.0005299728592234884
7289	0.0006063083966954355
7290	0.0005257664345948142
7291	0.0005495178471260886
7292	0.0005794025474008788
7293	0.0005707255560525094
7294	0.0005410164415607674
7295	0.0004701149023659359
7296	0.00040783472146491546
7297	0.0002824659717028825
7298	0.00018671744460490834
7299	0.00012668925161792632
7300	8.32159020128005e-05
7301	6.065049845929831e-05
7302	4.3312460873258625e-05
7303	3.555944537912473e-05
7304	5.2199286581589534e-05
7305	5.577223068362364e-05
7306	5.4987518661214265e-05
7307	7.162735986367904e-05
7308	9.262485719058726e-05
7309	0.00011449206436051452
7310	0.0001407169276548851
7311	0.00026277531586783837
7312	0.000526843812863516
7313	0.0006027286528487783
7314	0.0005226622236531916
7315	0.0005462734039638309
7316	0.0005759816600849511
7317	0.0005673558991113485
7318	0.0005378221920861219
7319	0.00046733926716421587
7320	0.00040783472146491546
7321	0.0002824659717028825
7322	0.00018671744460490834
7323	0.00012668925161792632
7324	8.32159020128005e-05
7325	6.065049845929831e-05
7326	4.3312460873258625e-05
7327	3.555944537912473e-05
7328	5.2199286581589534e-05
7329	5.577223068362364e-05
7330	5.4987518661214265e-05
7331	7.162735986367904e-05
7332	9.262485719058726e-05
7333	0.00011449206436051452
7334	0.0001407169276548851
7335	0.00026277531586783837
7336	0.000526843812863516
7337	0.0006027286528487783
7338	0.0005226622236531916
7339	0.0005462734039638309
7340	0.0005759816600849511
7341	0.0005673558991113485
7342	0.0005378221920861219
7343	0.00046733926716421587
7344	0.00040783472146491546
7345	0.0002824659717028825
7346	0.00018671744460490834
7347	0.00012668925161792632
7348	8.32159020128005e-05
7349	6.065049845929831e-05
7350	4.3312460873258625e-05
7351	3.555944537912473e-05
7352	5.2199286581589534e-05
7353	5.577223068362364e-05
7354	5.4987518661214265e-05
7355	7.162735986367904e-05
7356	9.262485719058726e-05
7357	0.00011449206436051452
7358	0.0001407169276548851
7359	0.00026277531586783837
7360	0.000526843812863516
7361	0.0006027286528487783
7362	0.0005226622236531916
7363	0.0005462734039638309
7364	0.0005759816600849511
7365	0.0005673558991113485
7366	0.0005378221920861219
7367	0.00046733926716421587
7368	0.00040783472146491546
7369	0.0002824659717028825
7370	0.00018671744460490834
7371	0.00012668925161792632
7372	8.32159020128005e-05
7373	6.065049845929831e-05
7374	4.3312460873258625e-05
7375	3.555944537912473e-05
7376	5.2199286581589534e-05
7377	5.577223068362364e-05
7378	5.4987518661214265e-05
7379	7.162735986367904e-05
7380	9.262485719058726e-05
7381	0.00011449206436051452
7382	0.0001407169276548851
7383	0.00026277531586783837
7384	0.000526843812863516
7385	0.0006027286528487783
7386	0.0005226622236531916
7387	0.0005462734039638309
7388	0.0005759816600849511
7389	0.0005673558991113485
7390	0.0005378221920861219
7391	0.00046733926716421587
7392	0.00040783472146491546
7393	0.0002824659717028825
7394	0.00018671744460490834
7395	0.00012668925161792632
7396	8.32159020128005e-05
7397	6.065049845929831e-05
7398	4.3312460873258625e-05
7399	3.555944537912473e-05
7400	5.2199286581589534e-05
7401	5.577223068362364e-05
7402	5.4987518661214265e-05
7403	7.162735986367904e-05
7404	9.262485719058726e-05
7405	0.00011449206436051452
7406	0.0001407169276548851
7407	0.00026277531586783837
7408	0.000526843812863516
7409	0.0006027286528487783
7410	0.0005226622236531916
7411	0.0005462734039638309
7412	0.0005759816600849511
7413	0.0005673558991113485
7414	0.0005378221920861219
7415	0.00046733926716421587
7416	0.00044200363239592724
7417	0.0003246575352996633
7418	0.00023078065762265206
7419	0.0001655883814580612
7420	0.00012125763366613932
7421	8.735765006055208e-05
7422	6.388843064129894e-05
7423	4.954612988508913e-05
7424	4.563459331521361e-05
7425	5.6065357501548275e-05
7426	7.692688587421741e-05
7427	0.00011604225157297217
7428	0.00017210760907452032
7429	0.00025164218599532114
7430	0.00034030368157916526
7431	0.00043157286820959246
7432	0.0005098035996071018
7433	0.000569780493678526
7434	0.0005854266399580277
7435	0.0005554381929223157
7436	0.0004850305346645572
7437	0.0003768113562313364
7438	0.0002972767793105352
7439	0.00028814986064749237
7440	0.0004102569455083831
7441	0.0002841436019587435
7442	0.0001878264023759199
7443	0.0001274416881692224
7444	8.371014035996777e-05
7445	6.1010715694085776e-05
7446	4.3569703522271244e-05
7447	3.5770641089142525e-05
7448	5.250931012876478e-05
7449	5.610347476611484e-05
7450	5.531410215884635e-05
7451	7.205277119846859e-05
7452	9.317497748270932e-05
7453	0.00011517205901639901
7454	0.00014155267779470708
7455	0.000264335998798018
7456	0.0005299728592234884
7457	0.0006063083966954355
7458	0.0005257664345948142
7459	0.0005495178471260886
7460	0.0005794025474008788
7461	0.0005707255560525094
7462	0.0005410164415607674
7463	0.0004701149023659359
7464	0.00040783472146491546
7465	0.0002824659717028825
7466	0.00018671744460490834
7467	0.00012668925161792632
7468	8.32159020128005e-05
7469	6.065049845929831e-05
7470	4.3312460873258625e-05
7471	3.555944537912473e-05
7472	5.2199286581589534e-05
7473	5.577223068362364e-05
7474	5.4987518661214265e-05
7475	7.162735986367904e-05
7476	9.262485719058726e-05
7477	0.00011449206436051452
7478	0.0001407169276548851
7479	0.00026277531586783837
7480	0.000526843812863516
7481	0.0006027286528487783
7482	0.0005226622236531916
7483	0.0005462734039638309
7484	0.0005759816600849511
7485	0.0005673558991113485
7486	0.0005378221920861219
7487	0.00046733926716421587
7488	0.00040783472146491546
7489	0.0002824659717028825
7490	0.00018671744460490834
7491	0.00012668925161792632
7492	8.32159020128005e-05
7493	6.065049845929831e-05
7494	4.3312460873258625e-05
7495	3.555944537912473e-05
7496	5.2199286581589534e-05
7497	5.577223068362364e-05
7498	5.4987518661214265e-05
7499	7.162735986367904e-05
7500	9.262485719058726e-05
7501	0.00011449206436051452
7502	0.0001407169276548851
7503	0.00026277531586783837
7504	0.000526843812863516
7505	0.0006027286528487783
7506	0.0005226622236531916
7507	0.0005462734039638309
7508	0.0005759816600849511
7509	0.0005673558991113485
7510	0.0005378221920861219
7511	0.00046733926716421587
7512	0.00040783472146491546
7513	0.0002824659717028825
7514	0.00018671744460490834
7515	0.00012668925161792632
7516	8.32159020128005e-05
7517	6.065049845929831e-05
7518	4.3312460873258625e-05
7519	3.555944537912473e-05
7520	5.2199286581589534e-05
7521	5.577223068362364e-05
7522	5.4987518661214265e-05
7523	7.162735986367904e-05
7524	9.262485719058726e-05
7525	0.00011449206436051452
7526	0.0001407169276548851
7527	0.00026277531586783837
7528	0.000526843812863516
7529	0.0006027286528487783
7530	0.0005226622236531916
7531	0.0005462734039638309
7532	0.0005759816600849511
7533	0.0005673558991113485
7534	0.0005378221920861219
7535	0.00046733926716421587
7536	0.00040783472146491546
7537	0.0002824659717028825
7538	0.00018671744460490834
7539	0.00012668925161792632
7540	8.32159020128005e-05
7541	6.065049845929831e-05
7542	4.3312460873258625e-05
7543	3.555944537912473e-05
7544	5.2199286581589534e-05
7545	5.577223068362364e-05
7546	5.4987518661214265e-05
7547	7.162735986367904e-05
7548	9.262485719058726e-05
7549	0.00011449206436051452
7550	0.0001407169276548851
7551	0.00026277531586783837
7552	0.000526843812863516
7553	0.0006027286528487783
7554	0.0005226622236531916
7555	0.0005462734039638309
7556	0.0005759816600849511
7557	0.0005673558991113485
7558	0.0005378221920861219
7559	0.00046733926716421587
7560	0.00040783472146491546
7561	0.0002824659717028825
7562	0.00018671744460490834
7563	0.00012668925161792632
7564	8.32159020128005e-05
7565	6.065049845929831e-05
7566	4.3312460873258625e-05
7567	3.555944537912473e-05
7568	5.2199286581589534e-05
7569	5.577223068362364e-05
7570	5.4987518661214265e-05
7571	7.162735986367904e-05
7572	9.262485719058726e-05
7573	0.00011449206436051452
7574	0.0001407169276548851
7575	0.00026277531586783837
7576	0.000526843812863516
7577	0.0006027286528487783
7578	0.0005226622236531916
7579	0.0005462734039638309
7580	0.0005759816600849511
7581	0.0005673558991113485
7582	0.0005378221920861219
7583	0.00046733926716421587
7584	0.00044200363239592724
7585	0.0003246575352996633
7586	0.00023078065762265206
7587	0.0001655883814580612
7588	0.00012125763366613932
7589	8.735765006055208e-05
7590	6.388843064129894e-05
7591	4.954612988508913e-05
7592	4.563459331521361e-05
7593	5.6065357501548275e-05
7594	7.692688587421741e-05
7595	0.00011604225157297217
7596	0.00017210760907452032
7597	0.00025164218599532114
7598	0.00034030368157916526
7599	0.00043157286820959246
7600	0.0005098035996071018
7601	0.000569780493678526
7602	0.0005854266399580277
7603	0.0005554381929223157
7604	0.0004850305346645572
7605	0.0003768113562313364
7606	0.0002972767793105352
7607	0.00028814986064749237
7608	0.0004102569455083831
7609	0.0002841436019587435
7610	0.0001878264023759199
7611	0.0001274416881692224
7612	8.371014035996777e-05
7613	6.1010715694085776e-05
7614	4.3569703522271244e-05
7615	3.5770641089142525e-05
7616	5.250931012876478e-05
7617	5.610347476611484e-05
7618	5.531410215884635e-05
7619	7.205277119846859e-05
7620	9.317497748270932e-05
7621	0.00011517205901639901
7622	0.00014155267779470708
7623	0.000264335998798018
7624	0.0005299728592234884
7625	0.0006063083966954355
7626	0.0005257664345948142
7627	0.0005495178471260886
7628	0.0005794025474008788
7629	0.0005707255560525094
7630	0.0005410164415607674
7631	0.0004701149023659359
7632	0.00040783472146491546
7633	0.0002824659717028825
7634	0.00018671744460490834
7635	0.00012668925161792632
7636	8.32159020128005e-05
7637	6.065049845929831e-05
7638	4.3312460873258625e-05
7639	3.555944537912473e-05
7640	5.2199286581589534e-05
7641	5.577223068362364e-05
7642	5.4987518661214265e-05
7643	7.162735986367904e-05
7644	9.262485719058726e-05
7645	0.00011449206436051452
7646	0.0001407169276548851
7647	0.00026277531586783837
7648	0.000526843812863516
7649	0.0006027286528487783
7650	0.0005226622236531916
7651	0.0005462734039638309
7652	0.0005759816600849511
7653	0.0005673558991113485
7654	0.0005378221920861219
7655	0.00046733926716421587
7656	0.00040783472146491546
7657	0.0002824659717028825
7658	0.00018671744460490834
7659	0.00012668925161792632
7660	8.32159020128005e-05
7661	6.065049845929831e-05
7662	4.3312460873258625e-05
7663	3.555944537912473e-05
7664	5.2199286581589534e-05
7665	5.577223068362364e-05
7666	5.4987518661214265e-05
7667	7.162735986367904e-05
7668	9.262485719058726e-05
7669	0.00011449206436051452
7670	0.0001407169276548851
7671	0.00026277531586783837
7672	0.000526843812863516
7673	0.0006027286528487783
7674	0.0005226622236531916
7675	0.0005462734039638309
7676	0.0005759816600849511
7677	0.0005673558991113485
7678	0.0005378221920861219
7679	0.00046733926716421587
7680	0.00040783472146491546
7681	0.0002824659717028825
7682	0.00018671744460490834
7683	0.00012668925161792632
7684	8.32159020128005e-05
7685	6.065049845929831e-05
7686	4.3312460873258625e-05
7687	3.555944537912473e-05
7688	5.2199286581589534e-05
7689	5.577223068362364e-05
7690	5.4987518661214265e-05
7691	7.162735986367904e-05
7692	9.262485719058726e-05
7693	0.00011449206436051452
7694	0.0001407169276548851
7695	0.00026277531586783837
7696	0.000526843812863516
7697	0.0006027286528487783
7698	0.0005226622236531916
7699	0.0005462734039638309
7700	0.0005759816600849511
7701	0.0005673558991113485
7702	0.0005378221920861219
7703	0.00046733926716421587
7704	0.00040783472146491546
7705	0.0002824659717028825
7706	0.00018671744460490834
7707	0.00012668925161792632
7708	8.32159020128005e-05
7709	6.065049845929831e-05
7710	4.3312460873258625e-05
7711	3.555944537912473e-05
7712	5.2199286581589534e-05
7713	5.577223068362364e-05
7714	5.4987518661214265e-05
7715	7.162735986367904e-05
7716	9.262485719058726e-05
7717	0.00011449206436051452
7718	0.0001407169276548851
7719	0.00026277531586783837
7720	0.000526843812863516
7721	0.0006027286528487783
7722	0.0005226622236531916
7723	0.0005462734039638309
7724	0.0005759816600849511
7725	0.0005673558991113485
7726	0.0005378221920861219
7727	0.00046733926716421587
7728	0.00040783472146491546
7729	0.0002824659717028825
7730	0.00018671744460490834
7731	0.00012668925161792632
7732	8.32159020128005e-05
7733	6.065049845929831e-05
7734	4.3312460873258625e-05
7735	3.555944537912473e-05
7736	5.2199286581589534e-05
7737	5.577223068362364e-05
7738	5.4987518661214265e-05
7739	7.162735986367904e-05
7740	9.262485719058726e-05
7741	0.00011449206436051452
7742	0.0001407169276548851
7743	0.00026277531586783837
7744	0.000526843812863516
7745	0.0006027286528487783
7746	0.0005226622236531916
7747	0.0005462734039638309
7748	0.0005759816600849511
7749	0.0005673558991113485
7750	0.0005378221920861219
7751	0.00046733926716421587
7752	0.00044200363239592724
7753	0.0003246575352996633
7754	0.00023078065762265206
7755	0.0001655883814580612
7756	0.00012125763366613932
7757	8.735765006055208e-05
7758	6.388843064129894e-05
7759	4.954612988508913e-05
7760	4.563459331521361e-05
7761	5.6065357501548275e-05
7762	7.692688587421741e-05
7763	0.00011604225157297217
7764	0.00017210760907452032
7765	0.00025164218599532114
7766	0.00034030368157916526
7767	0.00043157286820959246
7768	0.0005098035996071018
7769	0.000569780493678526
7770	0.0005854266399580277
7771	0.0005554381929223157
7772	0.0004850305346645572
7773	0.0003768113562313364
7774	0.0002972767793105352
7775	0.00028814986064749237
7776	0.0004102569455083831
7777	0.0002841436019587435
7778	0.0001878264023759199
7779	0.0001274416881692224
7780	8.371014035996777e-05
7781	6.1010715694085776e-05
7782	4.3569703522271244e-05
7783	3.5770641089142525e-05
7784	5.250931012876478e-05
7785	5.610347476611484e-05
7786	5.531410215884635e-05
7787	7.205277119846859e-05
7788	9.317497748270932e-05
7789	0.00011517205901639901
7790	0.00014155267779470708
7791	0.000264335998798018
7792	0.0005299728592234884
7793	0.0006063083966954355
7794	0.0005257664345948142
7795	0.0005495178471260886
7796	0.0005794025474008788
7797	0.0005707255560525094
7798	0.0005410164415607674
7799	0.0004701149023659359
7800	0.00040783472146491546
7801	0.0002824659717028825
7802	0.00018671744460490834
7803	0.00012668925161792632
7804	8.32159020128005e-05
7805	6.065049845929831e-05
7806	4.3312460873258625e-05
7807	3.555944537912473e-05
7808	5.2199286581589534e-05
7809	5.577223068362364e-05
7810	5.4987518661214265e-05
7811	7.162735986367904e-05
7812	9.262485719058726e-05
7813	0.00011449206436051452
7814	0.0001407169276548851
7815	0.00026277531586783837
7816	0.000526843812863516
7817	0.0006027286528487783
7818	0.0005226622236531916
7819	0.0005462734039638309
7820	0.0005759816600849511
7821	0.0005673558991113485
7822	0.0005378221920861219
7823	0.00046733926716421587
7824	0.00040783472146491546
7825	0.0002824659717028825
7826	0.00018671744460490834
7827	0.00012668925161792632
7828	8.32159020128005e-05
7829	6.065049845929831e-05
7830	4.3312460873258625e-05
7831	3.555944537912473e-05
7832	5.2199286581589534e-05
7833	5.577223068362364e-05
7834	5.4987518661214265e-05
7835	7.162735986367904e-05
7836	9.262485719058726e-05
7837	0.00011449206436051452
7838	0.0001407169276548851
7839	0.00026277531586783837
7840	0.000526843812863516
7841	0.0006027286528487783
7842	0.0005226622236531916
7843	0.0005462734039638309
7844	0.0005759816600849511
7845	0.0005673558991113485
7846	0.0005378221920861219
7847	0.00046733926716421587
7848	0.00040783472146491546
7849	0.0002824659717028825
7850	0.00018671744460490834
7851	0.00012668925161792632
7852	8.32159020128005e-05
7853	6.065049845929831e-05
7854	4.3312460873258625e-05
7855	3.555944537912473e-05
7856	5.2199286581589534e-05
7857	5.577223068362364e-05
7858	5.4987518661214265e-05
7859	7.162735986367904e-05
7860	9.262485719058726e-05
7861	0.00011449206436051452
7862	0.0001407169276548851
7863	0.00026277531586783837
7864	0.000526843812863516
7865	0.0006027286528487783
7866	0.0005226622236531916
7867	0.0005462734039638309
7868	0.0005759816600849511
7869	0.0005673558991113485
7870	0.0005378221920861219
7871	0.00046733926716421587
7872	0.00040783472146491546
7873	0.0002824659717028825
7874	0.00018671744460490834
7875	0.00012668925161792632
7876	8.32159020128005e-05
7877	6.065049845929831e-05
7878	4.3312460873258625e-05
7879	3.555944537912473e-05
7880	5.2199286581589534e-05
7881	5.577223068362364e-05
7882	5.4987518661214265e-05
7883	7.162735986367904e-05
7884	9.262485719058726e-05
7885	0.00011449206436051452
7886	0.0001407169276548851
7887	0.00026277531586783837
7888	0.000526843812863516
7889	0.0006027286528487783
7890	0.0005226622236531916
7891	0.0005462734039638309
7892	0.0005759816600849511
7893	0.0005673558991113485
7894	0.0005378221920861219
7895	0.00046733926716421587
7896	0.00040783472146491546
7897	0.0002824659717028825
7898	0.00018671744460490834
7899	0.00012668925161792632
7900	8.32159020128005e-05
7901	6.065049845929831e-05
7902	4.3312460873258625e-05
7903	3.555944537912473e-05
7904	5.2199286581589534e-05
7905	5.577223068362364e-05
7906	5.4987518661214265e-05
7907	7.162735986367904e-05
7908	9.262485719058726e-05
7909	0.00011449206436051452
7910	0.0001407169276548851
7911	0.00026277531586783837
7912	0.000526843812863516
7913	0.0006027286528487783
7914	0.0005226622236531916
7915	0.0005462734039638309
7916	0.0005759816600849511
7917	0.0005673558991113485
7918	0.0005378221920861219
7919	0.00046733926716421587
7920	0.00044200363239592724
7921	0.0003246575352996633
7922	0.00023078065762265206
7923	0.0001655883814580612
7924	0.00012125763366613932
7925	8.735765006055208e-05
7926	6.388843064129894e-05
7927	4.954612988508913e-05
7928	4.563459331521361e-05
7929	5.6065357501548275e-05
7930	7.692688587421741e-05
7931	0.00011604225157297217
7932	0.00017210760907452032
7933	0.00025164218599532114
7934	0.00034030368157916526
7935	0.00043157286820959246
7936	0.0005098035996071018
7937	0.000569780493678526
7938	0.0005854266399580277
7939	0.0005554381929223157
7940	0.0004850305346645572
7941	0.0003768113562313364
7942	0.0002972767793105352
7943	0.00028814986064749237
7944	0.0004102569455083831
7945	0.0002841436019587435
7946	0.0001878264023759199
7947	0.0001274416881692224
7948	8.371014035996777e-05
7949	6.1010715694085776e-05
7950	4.3569703522271244e-05
7951	3.5770641089142525e-05
7952	5.250931012876478e-05
7953	5.610347476611484e-05
7954	5.531410215884635e-05
7955	7.205277119846859e-05
7956	9.317497748270932e-05
7957	0.00011517205901639901
7958	0.00014155267779470708
7959	0.000264335998798018
7960	0.0005299728592234884
7961	0.0006063083966954355
7962	0.0005257664345948142
7963	0.0005495178471260886
7964	0.0005794025474008788
7965	0.0005707255560525094
7966	0.0005410164415607674
7967	0.0004701149023659359
7968	0.00040783472146491546
7969	0.0002824659717028825
7970	0.00018671744460490834
7971	0.00012668925161792632
7972	8.32159020128005e-05
7973	6.065049845929831e-05
7974	4.3312460873258625e-05
7975	3.555944537912473e-05
7976	5.2199286581589534e-05
7977	5.577223068362364e-05
7978	5.4987518661214265e-05
7979	7.162735986367904e-05
7980	9.262485719058726e-05
7981	0.00011449206436051452
7982	0.0001407169276548851
7983	0.00026277531586783837
7984	0.000526843812863516
7985	0.0006027286528487783
7986	0.0005226622236531916
7987	0.0005462734039638309
7988	0.0005759816600849511
7989	0.0005673558991113485
7990	0.0005378221920861219
7991	0.00046733926716421587
7992	0.00040783472146491546
7993	0.0002824659717028825
7994	0.00018671744460490834
7995	0.00012668925161792632
7996	8.32159020128005e-05
7997	6.065049845929831e-05
7998	4.3312460873258625e-05
7999	3.555944537912473e-05
8000	5.2199286581589534e-05
8001	5.577223068362364e-05
8002	5.4987518661214265e-05
8003	7.162735986367904e-05
8004	9.262485719058726e-05
8005	0.00011449206436051452
8006	0.0001407169276548851
8007	0.00026277531586783837
8008	0.000526843812863516
8009	0.0006027286528487783
8010	0.0005226622236531916
8011	0.0005462734039638309
8012	0.0005759816600849511
8013	0.0005673558991113485
8014	0.0005378221920861219
8015	0.00046733926716421587
8016	0.00040783472146491546
8017	0.0002824659717028825
8018	0.00018671744460490834
8019	0.00012668925161792632
8020	8.32159020128005e-05
8021	6.065049845929831e-05
8022	4.3312460873258625e-05
8023	3.555944537912473e-05
8024	5.2199286581589534e-05
8025	5.577223068362364e-05
8026	5.4987518661214265e-05
8027	7.162735986367904e-05
8028	9.262485719058726e-05
8029	0.00011449206436051452
8030	0.0001407169276548851
8031	0.00026277531586783837
8032	0.000526843812863516
8033	0.0006027286528487783
8034	0.0005226622236531916
8035	0.0005462734039638309
8036	0.0005759816600849511
8037	0.0005673558991113485
8038	0.0005378221920861219
8039	0.00046733926716421587
8040	0.00040783472146491546
8041	0.0002824659717028825
8042	0.00018671744460490834
8043	0.00012668925161792632
8044	8.32159020128005e-05
8045	6.065049845929831e-05
8046	4.3312460873258625e-05
8047	3.555944537912473e-05
8048	5.2199286581589534e-05
8049	5.577223068362364e-05
8050	5.4987518661214265e-05
8051	7.162735986367904e-05
8052	9.262485719058726e-05
8053	0.00011449206436051452
8054	0.0001407169276548851
8055	0.00026277531586783837
8056	0.000526843812863516
8057	0.0006027286528487783
8058	0.0005226622236531916
8059	0.0005462734039638309
8060	0.0005759816600849511
8061	0.0005673558991113485
8062	0.0005378221920861219
8063	0.00046733926716421587
8064	0.00040783472146491546
8065	0.0002824659717028825
8066	0.00018671744460490834
8067	0.00012668925161792632
8068	8.32159020128005e-05
8069	6.065049845929831e-05
8070	4.3312460873258625e-05
8071	3.555944537912473e-05
8072	5.2199286581589534e-05
8073	5.577223068362364e-05
8074	5.4987518661214265e-05
8075	7.162735986367904e-05
8076	9.262485719058726e-05
8077	0.00011449206436051452
8078	0.0001407169276548851
8079	0.00026277531586783837
8080	0.000526843812863516
8081	0.0006027286528487783
8082	0.0005226622236531916
8083	0.0005462734039638309
8084	0.0005759816600849511
8085	0.0005673558991113485
8086	0.0005378221920861219
8087	0.00046733926716421587
8088	0.00044200363239592724
8089	0.0003246575352996633
8090	0.00023078065762265206
8091	0.0001655883814580612
8092	0.00012125763366613932
8093	8.735765006055208e-05
8094	6.388843064129894e-05
8095	4.954612988508913e-05
8096	4.563459331521361e-05
8097	5.6065357501548275e-05
8098	7.692688587421741e-05
8099	0.00011604225157297217
8100	0.00017210760907452032
8101	0.00025164218599532114
8102	0.00034030368157916526
8103	0.00043157286820959246
8104	0.0005098035996071018
8105	0.000569780493678526
8106	0.0005854266399580277
8107	0.0005554381929223157
8108	0.0004850305346645572
8109	0.0003768113562313364
8110	0.0002972767793105352
8111	0.00028814986064749237
8112	0.0004102569455083831
8113	0.0002841436019587435
8114	0.0001878264023759199
8115	0.0001274416881692224
8116	8.371014035996777e-05
8117	6.1010715694085776e-05
8118	4.3569703522271244e-05
8119	3.5770641089142525e-05
8120	5.250931012876478e-05
8121	5.610347476611484e-05
8122	5.531410215884635e-05
8123	7.205277119846859e-05
8124	9.317497748270932e-05
8125	0.00011517205901639901
8126	0.00014155267779470708
8127	0.000264335998798018
8128	0.0005299728592234884
8129	0.0006063083966954355
8130	0.0005257664345948142
8131	0.0005495178471260886
8132	0.0005794025474008788
8133	0.0005707255560525094
8134	0.0005410164415607674
8135	0.0004701149023659359
8136	0.00040783472146491546
8137	0.0002824659717028825
8138	0.00018671744460490834
8139	0.00012668925161792632
8140	8.32159020128005e-05
8141	6.065049845929831e-05
8142	4.3312460873258625e-05
8143	3.555944537912473e-05
8144	5.2199286581589534e-05
8145	5.577223068362364e-05
8146	5.4987518661214265e-05
8147	7.162735986367904e-05
8148	9.262485719058726e-05
8149	0.00011449206436051452
8150	0.0001407169276548851
8151	0.00026277531586783837
8152	0.000526843812863516
8153	0.0006027286528487783
8154	0.0005226622236531916
8155	0.0005462734039638309
8156	0.0005759816600849511
8157	0.0005673558991113485
8158	0.0005378221920861219
8159	0.00046733926716421587
8160	0.00040783472146491546
8161	0.0002824659717028825
8162	0.00018671744460490834
8163	0.00012668925161792632
8164	8.32159020128005e-05
8165	6.065049845929831e-05
8166	4.3312460873258625e-05
8167	3.555944537912473e-05
8168	5.2199286581589534e-05
8169	5.577223068362364e-05
8170	5.4987518661214265e-05
8171	7.162735986367904e-05
8172	9.262485719058726e-05
8173	0.00011449206436051452
8174	0.0001407169276548851
8175	0.00026277531586783837
8176	0.000526843812863516
8177	0.0006027286528487783
8178	0.0005226622236531916
8179	0.0005462734039638309
8180	0.0005759816600849511
8181	0.0005673558991113485
8182	0.0005378221920861219
8183	0.00046733926716421587
8184	0.00040783472146491546
8185	0.0002824659717028825
8186	0.00018671744460490834
8187	0.00012668925161792632
8188	8.32159020128005e-05
8189	6.065049845929831e-05
8190	4.3312460873258625e-05
8191	3.555944537912473e-05
8192	5.2199286581589534e-05
8193	5.577223068362364e-05
8194	5.4987518661214265e-05
8195	7.162735986367904e-05
8196	9.262485719058726e-05
8197	0.00011449206436051452
8198	0.0001407169276548851
8199	0.00026277531586783837
8200	0.000526843812863516
8201	0.0006027286528487783
8202	0.0005226622236531916
8203	0.0005462734039638309
8204	0.0005759816600849511
8205	0.0005673558991113485
8206	0.0005378221920861219
8207	0.00046733926716421587
8208	0.00040783472146491546
8209	0.0002824659717028825
8210	0.00018671744460490834
8211	0.00012668925161792632
8212	8.32159020128005e-05
8213	6.065049845929831e-05
8214	4.3312460873258625e-05
8215	3.555944537912473e-05
8216	5.2199286581589534e-05
8217	5.577223068362364e-05
8218	5.4987518661214265e-05
8219	7.162735986367904e-05
8220	9.262485719058726e-05
8221	0.00011449206436051452
8222	0.0001407169276548851
8223	0.00026277531586783837
8224	0.000526843812863516
8225	0.0006027286528487783
8226	0.0005226622236531916
8227	0.0005462734039638309
8228	0.0005759816600849511
8229	0.0005673558991113485
8230	0.0005378221920861219
8231	0.00046733926716421587
8232	0.00040783472146491546
8233	0.0002824659717028825
8234	0.00018671744460490834
8235	0.00012668925161792632
8236	8.32159020128005e-05
8237	6.065049845929831e-05
8238	4.3312460873258625e-05
8239	3.555944537912473e-05
8240	5.2199286581589534e-05
8241	5.577223068362364e-05
8242	5.4987518661214265e-05
8243	7.162735986367904e-05
8244	9.262485719058726e-05
8245	0.00011449206436051452
8246	0.0001407169276548851
8247	0.00026277531586783837
8248	0.000526843812863516
8249	0.0006027286528487783
8250	0.0005226622236531916
8251	0.0005462734039638309
8252	0.0005759816600849511
8253	0.0005673558991113485
8254	0.0005378221920861219
8255	0.00046733926716421587
8256	0.00044200363239592724
8257	0.0003246575352996633
8258	0.00023078065762265206
8259	0.0001655883814580612
8260	0.00012125763366613932
8261	8.735765006055208e-05
8262	6.388843064129894e-05
8263	4.954612988508913e-05
8264	4.563459331521361e-05
8265	5.6065357501548275e-05
8266	7.692688587421741e-05
8267	0.00011604225157297217
8268	0.00017210760907452032
8269	0.00025164218599532114
8270	0.00034030368157916526
8271	0.00043157286820959246
8272	0.0005098035996071018
8273	0.000569780493678526
8274	0.0005854266399580277
8275	0.0005554381929223157
8276	0.0004850305346645572
8277	0.0003768113562313364
8278	0.0002972767793105352
8279	0.00028814986064749237
8280	0.0004102569455083831
8281	0.0002841436019587435
8282	0.0001878264023759199
8283	0.0001274416881692224
8284	8.371014035996777e-05
8285	6.1010715694085776e-05
8286	4.3569703522271244e-05
8287	3.5770641089142525e-05
8288	5.250931012876478e-05
8289	5.610347476611484e-05
8290	5.531410215884635e-05
8291	7.205277119846859e-05
8292	9.317497748270932e-05
8293	0.00011517205901639901
8294	0.00014155267779470708
8295	0.000264335998798018
8296	0.0005299728592234884
8297	0.0006063083966954355
8298	0.0005257664345948142
8299	0.0005495178471260886
8300	0.0005794025474008788
8301	0.0005707255560525094
8302	0.0005410164415607674
8303	0.0004701149023659359
8304	0.00040783472146491546
8305	0.0002824659717028825
8306	0.00018671744460490834
8307	0.00012668925161792632
8308	8.32159020128005e-05
8309	6.065049845929831e-05
8310	4.3312460873258625e-05
8311	3.555944537912473e-05
8312	5.2199286581589534e-05
8313	5.577223068362364e-05
8314	5.4987518661214265e-05
8315	7.162735986367904e-05
8316	9.262485719058726e-05
8317	0.00011449206436051452
8318	0.0001407169276548851
8319	0.00026277531586783837
8320	0.000526843812863516
8321	0.0006027286528487783
8322	0.0005226622236531916
8323	0.0005462734039638309
8324	0.0005759816600849511
8325	0.0005673558991113485
8326	0.0005378221920861219
8327	0.00046733926716421587
8328	0.00040783472146491546
8329	0.0002824659717028825
8330	0.00018671744460490834
8331	0.00012668925161792632
8332	8.32159020128005e-05
8333	6.065049845929831e-05
8334	4.3312460873258625e-05
8335	3.555944537912473e-05
8336	5.2199286581589534e-05
8337	5.577223068362364e-05
8338	5.4987518661214265e-05
8339	7.162735986367904e-05
8340	9.262485719058726e-05
8341	0.00011449206436051452
8342	0.0001407169276548851
8343	0.00026277531586783837
8344	0.000526843812863516
8345	0.0006027286528487783
8346	0.0005226622236531916
8347	0.0005462734039638309
8348	0.0005759816600849511
8349	0.0005673558991113485
8350	0.0005378221920861219
8351	0.00046733926716421587
8352	0.00040783472146491546
8353	0.0002824659717028825
8354	0.00018671744460490834
8355	0.00012668925161792632
8356	8.32159020128005e-05
8357	6.065049845929831e-05
8358	4.3312460873258625e-05
8359	3.555944537912473e-05
8360	5.2199286581589534e-05
8361	5.577223068362364e-05
8362	5.4987518661214265e-05
8363	7.162735986367904e-05
8364	9.262485719058726e-05
8365	0.00011449206436051452
8366	0.0001407169276548851
8367	0.00026277531586783837
8368	0.000526843812863516
8369	0.0006027286528487783
8370	0.0005226622236531916
8371	0.0005462734039638309
8372	0.0005759816600849511
8373	0.0005673558991113485
8374	0.0005378221920861219
8375	0.00046733926716421587
8376	0.00040783472146491546
8377	0.0002824659717028825
8378	0.00018671744460490834
8379	0.00012668925161792632
8380	8.32159020128005e-05
8381	6.065049845929831e-05
8382	4.3312460873258625e-05
8383	3.555944537912473e-05
8384	5.2199286581589534e-05
8385	5.577223068362364e-05
8386	5.4987518661214265e-05
8387	7.162735986367904e-05
8388	9.262485719058726e-05
8389	0.00011449206436051452
8390	0.0001407169276548851
8391	0.00026277531586783837
8392	0.000526843812863516
8393	0.0006027286528487783
8394	0.0005226622236531916
8395	0.0005462734039638309
8396	0.0005759816600849511
8397	0.0005673558991113485
8398	0.0005378221920861219
8399	0.00046733926716421587
8400	0.00040783472146491546
8401	0.0002824659717028825
8402	0.00018671744460490834
8403	0.00012668925161792632
8404	8.32159020128005e-05
8405	6.065049845929831e-05
8406	4.3312460873258625e-05
8407	3.555944537912473e-05
8408	5.2199286581589534e-05
8409	5.577223068362364e-05
8410	5.4987518661214265e-05
8411	7.162735986367904e-05
8412	9.262485719058726e-05
8413	0.00011449206436051452
8414	0.0001407169276548851
8415	0.00026277531586783837
8416	0.000526843812863516
8417	0.0006027286528487783
8418	0.0005226622236531916
8419	0.0005462734039638309
8420	0.0005759816600849511
8421	0.0005673558991113485
8422	0.0005378221920861219
8423	0.00046733926716421587
8424	0.00044200363239592724
8425	0.0003246575352996633
8426	0.00023078065762265206
8427	0.0001655883814580612
8428	0.00012125763366613932
8429	8.735765006055208e-05
8430	6.388843064129894e-05
8431	4.954612988508913e-05
8432	4.563459331521361e-05
8433	5.6065357501548275e-05
8434	7.692688587421741e-05
8435	0.00011604225157297217
8436	0.00017210760907452032
8437	0.00025164218599532114
8438	0.00034030368157916526
8439	0.00043157286820959246
8440	0.0005098035996071018
8441	0.000569780493678526
8442	0.0005854266399580277
8443	0.0005554381929223157
8444	0.0004850305346645572
8445	0.0003768113562313364
8446	0.0002972767793105352
8447	0.00028814986064749237
8448	0.0004102569455083831
8449	0.0002841436019587435
8450	0.0001878264023759199
8451	0.0001274416881692224
8452	8.371014035996777e-05
8453	6.1010715694085776e-05
8454	4.3569703522271244e-05
8455	3.5770641089142525e-05
8456	5.250931012876478e-05
8457	5.610347476611484e-05
8458	5.531410215884635e-05
8459	7.205277119846859e-05
8460	9.317497748270932e-05
8461	0.00011517205901639901
8462	0.00014155267779470708
8463	0.000264335998798018
8464	0.0005299728592234884
8465	0.0006063083966954355
8466	0.0005257664345948142
8467	0.0005495178471260886
8468	0.0005794025474008788
8469	0.0005707255560525094
8470	0.0005410164415607674
8471	0.0004701149023659359
8472	0.00040783472146491546
8473	0.0002824659717028825
8474	0.00018671744460490834
8475	0.00012668925161792632
8476	8.32159020128005e-05
8477	6.065049845929831e-05
8478	4.3312460873258625e-05
8479	3.555944537912473e-05
8480	5.2199286581589534e-05
8481	5.577223068362364e-05
8482	5.4987518661214265e-05
8483	7.162735986367904e-05
8484	9.262485719058726e-05
8485	0.00011449206436051452
8486	0.0001407169276548851
8487	0.00026277531586783837
8488	0.000526843812863516
8489	0.0006027286528487783
8490	0.0005226622236531916
8491	0.0005462734039638309
8492	0.0005759816600849511
8493	0.0005673558991113485
8494	0.0005378221920861219
8495	0.00046733926716421587
8496	0.00040783472146491546
8497	0.0002824659717028825
8498	0.00018671744460490834
8499	0.00012668925161792632
8500	8.32159020128005e-05
8501	6.065049845929831e-05
8502	4.3312460873258625e-05
8503	3.555944537912473e-05
8504	5.2199286581589534e-05
8505	5.577223068362364e-05
8506	5.4987518661214265e-05
8507	7.162735986367904e-05
8508	9.262485719058726e-05
8509	0.00011449206436051452
8510	0.0001407169276548851
8511	0.00026277531586783837
8512	0.000526843812863516
8513	0.0006027286528487783
8514	0.0005226622236531916
8515	0.0005462734039638309
8516	0.0005759816600849511
8517	0.0005673558991113485
8518	0.0005378221920861219
8519	0.00046733926716421587
8520	0.00040783472146491546
8521	0.0002824659717028825
8522	0.00018671744460490834
8523	0.00012668925161792632
8524	8.32159020128005e-05
8525	6.065049845929831e-05
8526	4.3312460873258625e-05
8527	3.555944537912473e-05
8528	5.2199286581589534e-05
8529	5.577223068362364e-05
8530	5.4987518661214265e-05
8531	7.162735986367904e-05
8532	9.262485719058726e-05
8533	0.00011449206436051452
8534	0.0001407169276548851
8535	0.00026277531586783837
8536	0.000526843812863516
8537	0.0006027286528487783
8538	0.0005226622236531916
8539	0.0005462734039638309
8540	0.0005759816600849511
8541	0.0005673558991113485
8542	0.0005378221920861219
8543	0.00046733926716421587
8544	0.00040783472146491546
8545	0.0002824659717028825
8546	0.00018671744460490834
8547	0.00012668925161792632
8548	8.32159020128005e-05
8549	6.065049845929831e-05
8550	4.3312460873258625e-05
8551	3.555944537912473e-05
8552	5.2199286581589534e-05
8553	5.577223068362364e-05
8554	5.4987518661214265e-05
8555	7.162735986367904e-05
8556	9.262485719058726e-05
8557	0.00011449206436051452
8558	0.0001407169276548851
8559	0.00026277531586783837
8560	0.000526843812863516
8561	0.0006027286528487783
8562	0.0005226622236531916
8563	0.0005462734039638309
8564	0.0005759816600849511
8565	0.0005673558991113485
8566	0.0005378221920861219
8567	0.00046733926716421587
8568	0.00040783472146491546
8569	0.0002824659717028825
8570	0.00018671744460490834
8571	0.00012668925161792632
8572	8.32159020128005e-05
8573	6.065049845929831e-05
8574	4.3312460873258625e-05
8575	3.555944537912473e-05
8576	5.2199286581589534e-05
8577	5.577223068362364e-05
8578	5.4987518661214265e-05
8579	7.162735986367904e-05
8580	9.262485719058726e-05
8581	0.00011449206436051452
8582	0.0001407169276548851
8583	0.00026277531586783837
8584	0.000526843812863516
8585	0.0006027286528487783
8586	0.0005226622236531916
8587	0.0005462734039638309
8588	0.0005759816600849511
8589	0.0005673558991113485
8590	0.0005378221920861219
8591	0.00046733926716421587
8592	0.00044200363239592724
8593	0.0003246575352996633
8594	0.00023078065762265206
8595	0.0001655883814580612
8596	0.00012125763366613932
8597	8.735765006055208e-05
8598	6.388843064129894e-05
8599	4.954612988508913e-05
8600	4.563459331521361e-05
8601	5.6065357501548275e-05
8602	7.692688587421741e-05
8603	0.00011604225157297217
8604	0.00017210760907452032
8605	0.00025164218599532114
8606	0.00034030368157916526
8607	0.00043157286820959246
8608	0.0005098035996071018
8609	0.000569780493678526
8610	0.0005854266399580277
8611	0.0005554381929223157
8612	0.0004850305346645572
8613	0.0003768113562313364
8614	0.0002972767793105352
8615	0.00028814986064749237
8616	0.0004102569455083831
8617	0.0002841436019587435
8618	0.0001878264023759199
8619	0.0001274416881692224
8620	8.371014035996777e-05
8621	6.1010715694085776e-05
8622	4.3569703522271244e-05
8623	3.5770641089142525e-05
8624	5.250931012876478e-05
8625	5.610347476611484e-05
8626	5.531410215884635e-05
8627	7.205277119846859e-05
8628	9.317497748270932e-05
8629	0.00011517205901639901
8630	0.00014155267779470708
8631	0.000264335998798018
8632	0.0005299728592234884
8633	0.0006063083966954355
8634	0.0005257664345948142
8635	0.0005495178471260886
8636	0.0005794025474008788
8637	0.0005707255560525094
8638	0.0005410164415607674
8639	0.0004701149023659359
8640	0.00040783472146491546
8641	0.0002824659717028825
8642	0.00018671744460490834
8643	0.00012668925161792632
8644	8.32159020128005e-05
8645	6.065049845929831e-05
8646	4.3312460873258625e-05
8647	3.555944537912473e-05
8648	5.2199286581589534e-05
8649	5.577223068362364e-05
8650	5.4987518661214265e-05
8651	7.162735986367904e-05
8652	9.262485719058726e-05
8653	0.00011449206436051452
8654	0.0001407169276548851
8655	0.00026277531586783837
8656	0.000526843812863516
8657	0.0006027286528487783
8658	0.0005226622236531916
8659	0.0005462734039638309
8660	0.0005759816600849511
8661	0.0005673558991113485
8662	0.0005378221920861219
8663	0.00046733926716421587
8664	0.00040783472146491546
8665	0.0002824659717028825
8666	0.00018671744460490834
8667	0.00012668925161792632
8668	8.32159020128005e-05
8669	6.065049845929831e-05
8670	4.3312460873258625e-05
8671	3.555944537912473e-05
8672	5.2199286581589534e-05
8673	5.577223068362364e-05
8674	5.4987518661214265e-05
8675	7.162735986367904e-05
8676	9.262485719058726e-05
8677	0.00011449206436051452
8678	0.0001407169276548851
8679	0.00026277531586783837
8680	0.000526843812863516
8681	0.0006027286528487783
8682	0.0005226622236531916
8683	0.0005462734039638309
8684	0.0005759816600849511
8685	0.0005673558991113485
8686	0.0005378221920861219
8687	0.00046733926716421587
8688	0.00040783472146491546
8689	0.0002824659717028825
8690	0.00018671744460490834
8691	0.00012668925161792632
8692	8.32159020128005e-05
8693	6.065049845929831e-05
8694	4.3312460873258625e-05
8695	3.555944537912473e-05
8696	5.2199286581589534e-05
8697	5.577223068362364e-05
8698	5.4987518661214265e-05
8699	7.162735986367904e-05
8700	9.262485719058726e-05
8701	0.00011449206436051452
8702	0.0001407169276548851
8703	0.00026277531586783837
8704	0.000526843812863516
8705	0.0006027286528487783
8706	0.0005226622236531916
8707	0.0005462734039638309
8708	0.0005759816600849511
8709	0.0005673558991113485
8710	0.0005378221920861219
8711	0.00046733926716421587
8712	0.00040783472146491546
8713	0.0002824659717028825
8714	0.00018671744460490834
8715	0.00012668925161792632
8716	8.32159020128005e-05
8717	6.065049845929831e-05
8718	4.3312460873258625e-05
8719	3.555944537912473e-05
8720	5.2199286581589534e-05
8721	5.577223068362364e-05
8722	5.4987518661214265e-05
8723	7.162735986367904e-05
8724	9.262485719058726e-05
8725	0.00011449206436051452
8726	0.0001407169276548851
8727	0.00026277531586783837
8728	0.000526843812863516
8729	0.0006027286528487783
8730	0.0005226622236531916
8731	0.0005462734039638309
8732	0.0005759816600849511
8733	0.0005673558991113485
8734	0.0005378221920861219
8735	0.00046733926716421587
8736	0.00040783472146491546
8737	0.0002824659717028825
8738	0.00018671744460490834
8739	0.00012668925161792632
8740	8.32159020128005e-05
8741	6.065049845929831e-05
8742	4.3312460873258625e-05
8743	3.555944537912473e-05
8744	5.2199286581589534e-05
8745	5.577223068362364e-05
8746	5.4987518661214265e-05
8747	7.162735986367904e-05
8748	9.262485719058726e-05
8749	0.00011449206436051452
8750	0.0001407169276548851
8751	0.00026277531586783837
8752	0.000526843812863516
8753	0.0006027286528487783
8754	0.0005226622236531916
8755	0.0005462734039638309
8756	0.0005759816600849511
8757	0.0005673558991113485
8758	0.0005378221920861219
8759	0.00046733926716421587
